ISO-10303-21;
HEADER;
FILE_DESCRIPTION(('Open CASCADE Model'),'2;1');
FILE_NAME('Dock','2026-09-25T13:08:27',('Author'),('Open CASCADE'),
  'Open CASCADE STEP processor 8.0','build123d','Unknown');
FILE_SCHEMA(('AUTOMOTIVE_DESIGN { 1 0 10303 214 1 1 1 1 }'));
ENDSEC;
DATA;
#1 = APPLICATION_PROTOCOL_DEFINITION('international standard',
  'automotive_design',2000,#2);
#2 = APPLICATION_CONTEXT(
  'core data for automotive mechanical design processes');
#3 = SHAPE_DEFINITION_REPRESENTATION(#4,#10);
#4 = PRODUCT_DEFINITION_SHAPE('','',#5);
#5 = PRODUCT_DEFINITION('design','',#6,#9);
#6 = PRODUCT_DEFINITION_FORMATION('','',#7);
#7 = PRODUCT('Dock','Dock','',(#8));
#8 = PRODUCT_CONTEXT('',#2,'mechanical');
#9 = PRODUCT_DEFINITION_CONTEXT('part definition',#2,'design');
#10 = SHAPE_REPRESENTATION('',(#11,#15,#19,#23,#27),#31);
#11 = AXIS2_PLACEMENT_3D('',#12,#13,#14);
#12 = CARTESIAN_POINT('',(0.,0.,0.));
#13 = DIRECTION('',(0.,0.,1.));
#14 = DIRECTION('',(1.,0.,-0.));
#15 = AXIS2_PLACEMENT_3D('',#16,#17,#18);
#16 = CARTESIAN_POINT('',(0.,0.,0.));
#17 = DIRECTION('',(0.,0.,1.));
#18 = DIRECTION('',(1.,0.,-0.));
#19 = AXIS2_PLACEMENT_3D('',#20,#21,#22);
#20 = CARTESIAN_POINT('',(-1.03E+03,385.,-29.5));
#21 = DIRECTION('',(0.,0.,1.));
#22 = DIRECTION('',(1.,0.,-0.));
#23 = AXIS2_PLACEMENT_3D('',#24,#25,#26);
#24 = CARTESIAN_POINT('',(0.,0.,0.));
#25 = DIRECTION('',(0.,0.,1.));
#26 = DIRECTION('',(1.,0.,-0.));
#27 = AXIS2_PLACEMENT_3D('',#28,#29,#30);
#28 = CARTESIAN_POINT('',(0.,0.,0.));
#29 = DIRECTION('',(0.,0.,1.));
#30 = DIRECTION('',(1.,0.,-0.));
#31 = ( GEOMETRIC_REPRESENTATION_CONTEXT(3) 
GLOBAL_UNCERTAINTY_ASSIGNED_CONTEXT((#35)) GLOBAL_UNIT_ASSIGNED_CONTEXT(
(#32,#33,#34)) REPRESENTATION_CONTEXT('Context #1',
  '3D Context with UNIT and UNCERTAINTY') );
#32 = ( LENGTH_UNIT() NAMED_UNIT(*) SI_UNIT(.MILLI.,.METRE.) );
#33 = ( NAMED_UNIT(*) PLANE_ANGLE_UNIT() SI_UNIT($,.RADIAN.) );
#34 = ( NAMED_UNIT(*) SI_UNIT($,.STERADIAN.) SOLID_ANGLE_UNIT() );
#35 = UNCERTAINTY_MEASURE_WITH_UNIT(LENGTH_MEASURE(2.E-07),#32,
  'distance_accuracy_value','confusion accuracy');
#36 = PRODUCT_RELATED_PRODUCT_CATEGORY('part',$,(#7));
#37 = SHAPE_DEFINITION_REPRESENTATION(#38,#44);
#38 = PRODUCT_DEFINITION_SHAPE('','',#39);
#39 = PRODUCT_DEFINITION('design','',#40,#43);
#40 = PRODUCT_DEFINITION_FORMATION('','',#41);
#41 = PRODUCT('COMPOUND','COMPOUND','',(#42));
#42 = PRODUCT_CONTEXT('',#2,'mechanical');
#43 = PRODUCT_DEFINITION_CONTEXT('part definition',#2,'design');
#44 = SHAPE_REPRESENTATION('',(#11,#45,#4087,#4573),#5059);
#45 = MANIFOLD_SOLID_BREP('',#46);
#46 = CLOSED_SHELL('',(#47,#883,#959,#1166,#1215,#1264,#1313,#1387,#1501
    ,#1590,#1637,#1686,#1733,#1930,#1979,#2028,#2103,#2152,#2199,#2248,
    #2320,#2369,#2418,#2445,#2519,#2566,#2613,#2638,#2707,#2754,#2801,
    #2826,#2837,#2848,#2946,#2995,#3066,#3092,#3118,#3175,#3232,#3259,
    #3270,#3277,#3460,#3467,#3471,#3475,#3551,#3600,#3691,#3805,#3877,
    #3904,#3913,#3991,#4069,#4074,#4079,#4083));
#47 = ADVANCED_FACE('',(#48,#671,#777),#62,.F.);
#48 = FACE_BOUND('',#49,.F.);
#49 = EDGE_LOOP('',(#50,#85,#113,#141,#169,#197,#225,#253,#281,#309,#337
    ,#365,#393,#421,#449,#477,#505,#533,#561,#589,#617,#645));
#50 = ORIENTED_EDGE('',*,*,#51,.F.);
#51 = EDGE_CURVE('',#52,#54,#56,.T.);
#52 = VERTEX_POINT('',#53);
#53 = CARTESIAN_POINT('',(-800.,0.,-32.));
#54 = VERTEX_POINT('',#55);
#55 = CARTESIAN_POINT('',(-800.,0.,1.));
#56 = SURFACE_CURVE('',#57,(#61,#73),.PCURVE_S1.);
#57 = LINE('',#58,#59);
#58 = CARTESIAN_POINT('',(-800.,0.,-32.));
#59 = VECTOR('',#60,1.);
#60 = DIRECTION('',(0.,0.,1.));
#61 = PCURVE('',#62,#67);
#62 = PLANE('',#63);
#63 = AXIS2_PLACEMENT_3D('',#64,#65,#66);
#64 = CARTESIAN_POINT('',(-800.,0.,-1.5));
#65 = DIRECTION('',(1.,0.,-0.));
#66 = DIRECTION('',(0.,0.,1.));
#67 = DEFINITIONAL_REPRESENTATION('',(#68),#72);
#68 = LINE('',#69,#70);
#69 = CARTESIAN_POINT('',(-30.5,0.));
#70 = VECTOR('',#71,1.);
#71 = DIRECTION('',(1.,0.));
#72 = ( GEOMETRIC_REPRESENTATION_CONTEXT(2) 
PARAMETRIC_REPRESENTATION_CONTEXT() REPRESENTATION_CONTEXT('2D SPACE',''
  ) );
#73 = PCURVE('',#74,#79);
#74 = PLANE('',#75);
#75 = AXIS2_PLACEMENT_3D('',#76,#77,#78);
#76 = CARTESIAN_POINT('',(-800.,0.,-1.5));
#77 = DIRECTION('',(-0.,1.,0.));
#78 = DIRECTION('',(0.,0.,1.));
#79 = DEFINITIONAL_REPRESENTATION('',(#80),#84);
#80 = LINE('',#81,#82);
#81 = CARTESIAN_POINT('',(-30.5,0.));
#82 = VECTOR('',#83,1.);
#83 = DIRECTION('',(1.,0.));
#84 = ( GEOMETRIC_REPRESENTATION_CONTEXT(2) 
PARAMETRIC_REPRESENTATION_CONTEXT() REPRESENTATION_CONTEXT('2D SPACE',''
  ) );
#85 = ORIENTED_EDGE('',*,*,#86,.F.);
#86 = EDGE_CURVE('',#87,#52,#89,.T.);
#87 = VERTEX_POINT('',#88);
#88 = CARTESIAN_POINT('',(-800.,5.,-32.));
#89 = SURFACE_CURVE('',#90,(#94,#101),.PCURVE_S1.);
#90 = LINE('',#91,#92);
#91 = CARTESIAN_POINT('',(-800.,25.,-32.));
#92 = VECTOR('',#93,1.);
#93 = DIRECTION('',(0.,-1.,0.));
#94 = PCURVE('',#62,#95);
#95 = DEFINITIONAL_REPRESENTATION('',(#96),#100);
#96 = LINE('',#97,#98);
#97 = CARTESIAN_POINT('',(-30.5,-25.));
#98 = VECTOR('',#99,1.);
#99 = DIRECTION('',(0.,1.));
#100 = ( GEOMETRIC_REPRESENTATION_CONTEXT(2) 
PARAMETRIC_REPRESENTATION_CONTEXT() REPRESENTATION_CONTEXT('2D SPACE',''
  ) );
#101 = PCURVE('',#102,#107);
#102 = PLANE('',#103);
#103 = AXIS2_PLACEMENT_3D('',#104,#105,#106);
#104 = CARTESIAN_POINT('',(-800.,0.,-32.));
#105 = DIRECTION('',(0.,0.,1.));
#106 = DIRECTION('',(1.,0.,-0.));
#107 = DEFINITIONAL_REPRESENTATION('',(#108),#112);
#108 = LINE('',#109,#110);
#109 = CARTESIAN_POINT('',(0.,25.));
#110 = VECTOR('',#111,1.);
#111 = DIRECTION('',(0.,-1.));
#112 = ( GEOMETRIC_REPRESENTATION_CONTEXT(2) 
PARAMETRIC_REPRESENTATION_CONTEXT() REPRESENTATION_CONTEXT('2D SPACE',''
  ) );
#113 = ORIENTED_EDGE('',*,*,#114,.F.);
#114 = EDGE_CURVE('',#115,#87,#117,.T.);
#115 = VERTEX_POINT('',#116);
#116 = CARTESIAN_POINT('',(-800.,5.,-72.));
#117 = SURFACE_CURVE('',#118,(#122,#129),.PCURVE_S1.);
#118 = LINE('',#119,#120);
#119 = CARTESIAN_POINT('',(-800.,5.,-72.));
#120 = VECTOR('',#121,1.);
#121 = DIRECTION('',(0.,0.,1.));
#122 = PCURVE('',#62,#123);
#123 = DEFINITIONAL_REPRESENTATION('',(#124),#128);
#124 = LINE('',#125,#126);
#125 = CARTESIAN_POINT('',(-70.5,-5.));
#126 = VECTOR('',#127,1.);
#127 = DIRECTION('',(1.,0.));
#128 = ( GEOMETRIC_REPRESENTATION_CONTEXT(2) 
PARAMETRIC_REPRESENTATION_CONTEXT() REPRESENTATION_CONTEXT('2D SPACE',''
  ) );
#129 = PCURVE('',#130,#135);
#130 = PLANE('',#131);
#131 = AXIS2_PLACEMENT_3D('',#132,#133,#134);
#132 = CARTESIAN_POINT('',(-800.,5.,-72.));
#133 = DIRECTION('',(-0.,1.,0.));
#134 = DIRECTION('',(0.,0.,1.));
#135 = DEFINITIONAL_REPRESENTATION('',(#136),#140);
#136 = LINE('',#137,#138);
#137 = CARTESIAN_POINT('',(0.,0.));
#138 = VECTOR('',#139,1.);
#139 = DIRECTION('',(1.,0.));
#140 = ( GEOMETRIC_REPRESENTATION_CONTEXT(2) 
PARAMETRIC_REPRESENTATION_CONTEXT() REPRESENTATION_CONTEXT('2D SPACE',''
  ) );
#141 = ORIENTED_EDGE('',*,*,#142,.F.);
#142 = EDGE_CURVE('',#143,#115,#145,.T.);
#143 = VERTEX_POINT('',#144);
#144 = CARTESIAN_POINT('',(-800.,300.,-72.));
#145 = SURFACE_CURVE('',#146,(#150,#157),.PCURVE_S1.);
#146 = LINE('',#147,#148);
#147 = CARTESIAN_POINT('',(-800.,2.273E+03,-72.));
#148 = VECTOR('',#149,1.);
#149 = DIRECTION('',(0.,-1.,0.));
#150 = PCURVE('',#62,#151);
#151 = DEFINITIONAL_REPRESENTATION('',(#152),#156);
#152 = LINE('',#153,#154);
#153 = CARTESIAN_POINT('',(-70.5,-2.273E+03));
#154 = VECTOR('',#155,1.);
#155 = DIRECTION('',(0.,1.));
#156 = ( GEOMETRIC_REPRESENTATION_CONTEXT(2) 
PARAMETRIC_REPRESENTATION_CONTEXT() REPRESENTATION_CONTEXT('2D SPACE',''
  ) );
#157 = PCURVE('',#158,#163);
#158 = PLANE('',#159);
#159 = AXIS2_PLACEMENT_3D('',#160,#161,#162);
#160 = CARTESIAN_POINT('',(-800.,5.,-72.));
#161 = DIRECTION('',(0.,0.,1.));
#162 = DIRECTION('',(1.,0.,-0.));
#163 = DEFINITIONAL_REPRESENTATION('',(#164),#168);
#164 = LINE('',#165,#166);
#165 = CARTESIAN_POINT('',(0.,2.268E+03));
#166 = VECTOR('',#167,1.);
#167 = DIRECTION('',(0.,-1.));
#168 = ( GEOMETRIC_REPRESENTATION_CONTEXT(2) 
PARAMETRIC_REPRESENTATION_CONTEXT() REPRESENTATION_CONTEXT('2D SPACE',''
  ) );
#169 = ORIENTED_EDGE('',*,*,#170,.F.);
#170 = EDGE_CURVE('',#171,#143,#173,.T.);
#171 = VERTEX_POINT('',#172);
#172 = CARTESIAN_POINT('',(-800.,1.948E+03,-72.));
#173 = SURFACE_CURVE('',#174,(#178,#185),.PCURVE_S1.);
#174 = LINE('',#175,#176);
#175 = CARTESIAN_POINT('',(-800.,2.273E+03,-72.));
#176 = VECTOR('',#177,1.);
#177 = DIRECTION('',(0.,-1.,0.));
#178 = PCURVE('',#62,#179);
#179 = DEFINITIONAL_REPRESENTATION('',(#180),#184);
#180 = LINE('',#181,#182);
#181 = CARTESIAN_POINT('',(-70.5,-2.273E+03));
#182 = VECTOR('',#183,1.);
#183 = DIRECTION('',(0.,1.));
#184 = ( GEOMETRIC_REPRESENTATION_CONTEXT(2) 
PARAMETRIC_REPRESENTATION_CONTEXT() REPRESENTATION_CONTEXT('2D SPACE',''
  ) );
#185 = PCURVE('',#186,#191);
#186 = PLANE('',#187);
#187 = AXIS2_PLACEMENT_3D('',#188,#189,#190);
#188 = CARTESIAN_POINT('',(-800.,5.,-72.));
#189 = DIRECTION('',(0.,0.,1.));
#190 = DIRECTION('',(1.,0.,-0.));
#191 = DEFINITIONAL_REPRESENTATION('',(#192),#196);
#192 = LINE('',#193,#194);
#193 = CARTESIAN_POINT('',(0.,2.268E+03));
#194 = VECTOR('',#195,1.);
#195 = DIRECTION('',(0.,-1.));
#196 = ( GEOMETRIC_REPRESENTATION_CONTEXT(2) 
PARAMETRIC_REPRESENTATION_CONTEXT() REPRESENTATION_CONTEXT('2D SPACE',''
  ) );
#197 = ORIENTED_EDGE('',*,*,#198,.F.);
#198 = EDGE_CURVE('',#199,#171,#201,.T.);
#199 = VERTEX_POINT('',#200);
#200 = CARTESIAN_POINT('',(-800.,2.273E+03,-72.));
#201 = SURFACE_CURVE('',#202,(#206,#213),.PCURVE_S1.);
#202 = LINE('',#203,#204);
#203 = CARTESIAN_POINT('',(-800.,2.273E+03,-72.));
#204 = VECTOR('',#205,1.);
#205 = DIRECTION('',(0.,-1.,0.));
#206 = PCURVE('',#62,#207);
#207 = DEFINITIONAL_REPRESENTATION('',(#208),#212);
#208 = LINE('',#209,#210);
#209 = CARTESIAN_POINT('',(-70.5,-2.273E+03));
#210 = VECTOR('',#211,1.);
#211 = DIRECTION('',(0.,1.));
#212 = ( GEOMETRIC_REPRESENTATION_CONTEXT(2) 
PARAMETRIC_REPRESENTATION_CONTEXT() REPRESENTATION_CONTEXT('2D SPACE',''
  ) );
#213 = PCURVE('',#214,#219);
#214 = PLANE('',#215);
#215 = AXIS2_PLACEMENT_3D('',#216,#217,#218);
#216 = CARTESIAN_POINT('',(-800.,5.,-72.));
#217 = DIRECTION('',(0.,0.,1.));
#218 = DIRECTION('',(1.,0.,-0.));
#219 = DEFINITIONAL_REPRESENTATION('',(#220),#224);
#220 = LINE('',#221,#222);
#221 = CARTESIAN_POINT('',(0.,2.268E+03));
#222 = VECTOR('',#223,1.);
#223 = DIRECTION('',(0.,-1.));
#224 = ( GEOMETRIC_REPRESENTATION_CONTEXT(2) 
PARAMETRIC_REPRESENTATION_CONTEXT() REPRESENTATION_CONTEXT('2D SPACE',''
  ) );
#225 = ORIENTED_EDGE('',*,*,#226,.T.);
#226 = EDGE_CURVE('',#199,#227,#229,.T.);
#227 = VERTEX_POINT('',#228);
#228 = CARTESIAN_POINT('',(-800.,2.273E+03,-32.));
#229 = SURFACE_CURVE('',#230,(#234,#241),.PCURVE_S1.);
#230 = LINE('',#231,#232);
#231 = CARTESIAN_POINT('',(-800.,2.273E+03,-72.));
#232 = VECTOR('',#233,1.);
#233 = DIRECTION('',(0.,0.,1.));
#234 = PCURVE('',#62,#235);
#235 = DEFINITIONAL_REPRESENTATION('',(#236),#240);
#236 = LINE('',#237,#238);
#237 = CARTESIAN_POINT('',(-70.5,-2.273E+03));
#238 = VECTOR('',#239,1.);
#239 = DIRECTION('',(1.,0.));
#240 = ( GEOMETRIC_REPRESENTATION_CONTEXT(2) 
PARAMETRIC_REPRESENTATION_CONTEXT() REPRESENTATION_CONTEXT('2D SPACE',''
  ) );
#241 = PCURVE('',#242,#247);
#242 = PLANE('',#243);
#243 = AXIS2_PLACEMENT_3D('',#244,#245,#246);
#244 = CARTESIAN_POINT('',(-800.,2.273E+03,-72.));
#245 = DIRECTION('',(-0.,1.,0.));
#246 = DIRECTION('',(0.,0.,1.));
#247 = DEFINITIONAL_REPRESENTATION('',(#248),#252);
#248 = LINE('',#249,#250);
#249 = CARTESIAN_POINT('',(0.,0.));
#250 = VECTOR('',#251,1.);
#251 = DIRECTION('',(1.,0.));
#252 = ( GEOMETRIC_REPRESENTATION_CONTEXT(2) 
PARAMETRIC_REPRESENTATION_CONTEXT() REPRESENTATION_CONTEXT('2D SPACE',''
  ) );
#253 = ORIENTED_EDGE('',*,*,#254,.T.);
#254 = EDGE_CURVE('',#227,#255,#257,.T.);
#255 = VERTEX_POINT('',#256);
#256 = CARTESIAN_POINT('',(-800.,2.278E+03,-32.));
#257 = SURFACE_CURVE('',#258,(#262,#269),.PCURVE_S1.);
#258 = LINE('',#259,#260);
#259 = CARTESIAN_POINT('',(-800.,2.253E+03,-32.));
#260 = VECTOR('',#261,1.);
#261 = DIRECTION('',(-0.,1.,-0.));
#262 = PCURVE('',#62,#263);
#263 = DEFINITIONAL_REPRESENTATION('',(#264),#268);
#264 = LINE('',#265,#266);
#265 = CARTESIAN_POINT('',(-30.5,-2.253E+03));
#266 = VECTOR('',#267,1.);
#267 = DIRECTION('',(0.,-1.));
#268 = ( GEOMETRIC_REPRESENTATION_CONTEXT(2) 
PARAMETRIC_REPRESENTATION_CONTEXT() REPRESENTATION_CONTEXT('2D SPACE',''
  ) );
#269 = PCURVE('',#270,#275);
#270 = PLANE('',#271);
#271 = AXIS2_PLACEMENT_3D('',#272,#273,#274);
#272 = CARTESIAN_POINT('',(-800.,2.278E+03,-32.));
#273 = DIRECTION('',(-0.,-0.,1.));
#274 = DIRECTION('',(-1.,0.,0.));
#275 = DEFINITIONAL_REPRESENTATION('',(#276),#280);
#276 = LINE('',#277,#278);
#277 = CARTESIAN_POINT('',(-0.,25.));
#278 = VECTOR('',#279,1.);
#279 = DIRECTION('',(-0.,-1.));
#280 = ( GEOMETRIC_REPRESENTATION_CONTEXT(2) 
PARAMETRIC_REPRESENTATION_CONTEXT() REPRESENTATION_CONTEXT('2D SPACE',''
  ) );
#281 = ORIENTED_EDGE('',*,*,#282,.T.);
#282 = EDGE_CURVE('',#255,#283,#285,.T.);
#283 = VERTEX_POINT('',#284);
#284 = CARTESIAN_POINT('',(-800.,2.278E+03,1.));
#285 = SURFACE_CURVE('',#286,(#290,#297),.PCURVE_S1.);
#286 = LINE('',#287,#288);
#287 = CARTESIAN_POINT('',(-800.,2.278E+03,-32.));
#288 = VECTOR('',#289,1.);
#289 = DIRECTION('',(-0.,-0.,1.));
#290 = PCURVE('',#62,#291);
#291 = DEFINITIONAL_REPRESENTATION('',(#292),#296);
#292 = LINE('',#293,#294);
#293 = CARTESIAN_POINT('',(-30.5,-2.278E+03));
#294 = VECTOR('',#295,1.);
#295 = DIRECTION('',(1.,0.));
#296 = ( GEOMETRIC_REPRESENTATION_CONTEXT(2) 
PARAMETRIC_REPRESENTATION_CONTEXT() REPRESENTATION_CONTEXT('2D SPACE',''
  ) );
#297 = PCURVE('',#298,#303);
#298 = PLANE('',#299);
#299 = AXIS2_PLACEMENT_3D('',#300,#301,#302);
#300 = CARTESIAN_POINT('',(-800.,2.278E+03,-1.5));
#301 = DIRECTION('',(-0.,-1.,0.));
#302 = DIRECTION('',(0.,0.,-1.));
#303 = DEFINITIONAL_REPRESENTATION('',(#304),#308);
#304 = LINE('',#305,#306);
#305 = CARTESIAN_POINT('',(30.5,-0.));
#306 = VECTOR('',#307,1.);
#307 = DIRECTION('',(-1.,0.));
#308 = ( GEOMETRIC_REPRESENTATION_CONTEXT(2) 
PARAMETRIC_REPRESENTATION_CONTEXT() REPRESENTATION_CONTEXT('2D SPACE',''
  ) );
#309 = ORIENTED_EDGE('',*,*,#310,.T.);
#310 = EDGE_CURVE('',#283,#311,#313,.T.);
#311 = VERTEX_POINT('',#312);
#312 = CARTESIAN_POINT('',(-800.,2.253E+03,1.));
#313 = SURFACE_CURVE('',#314,(#318,#325),.PCURVE_S1.);
#314 = LINE('',#315,#316);
#315 = CARTESIAN_POINT('',(-800.,2.278E+03,1.));
#316 = VECTOR('',#317,1.);
#317 = DIRECTION('',(-0.,-1.,-0.));
#318 = PCURVE('',#62,#319);
#319 = DEFINITIONAL_REPRESENTATION('',(#320),#324);
#320 = LINE('',#321,#322);
#321 = CARTESIAN_POINT('',(2.5,-2.278E+03));
#322 = VECTOR('',#323,1.);
#323 = DIRECTION('',(0.,1.));
#324 = ( GEOMETRIC_REPRESENTATION_CONTEXT(2) 
PARAMETRIC_REPRESENTATION_CONTEXT() REPRESENTATION_CONTEXT('2D SPACE',''
  ) );
#325 = PCURVE('',#326,#331);
#326 = PLANE('',#327);
#327 = AXIS2_PLACEMENT_3D('',#328,#329,#330);
#328 = CARTESIAN_POINT('',(-800.,2.278E+03,1.));
#329 = DIRECTION('',(-0.,-0.,1.));
#330 = DIRECTION('',(-1.,0.,0.));
#331 = DEFINITIONAL_REPRESENTATION('',(#332),#336);
#332 = LINE('',#333,#334);
#333 = CARTESIAN_POINT('',(-0.,0.));
#334 = VECTOR('',#335,1.);
#335 = DIRECTION('',(-0.,1.));
#336 = ( GEOMETRIC_REPRESENTATION_CONTEXT(2) 
PARAMETRIC_REPRESENTATION_CONTEXT() REPRESENTATION_CONTEXT('2D SPACE',''
  ) );
#337 = ORIENTED_EDGE('',*,*,#338,.F.);
#338 = EDGE_CURVE('',#339,#311,#341,.T.);
#339 = VERTEX_POINT('',#340);
#340 = CARTESIAN_POINT('',(-800.,2.253E+03,-1.5));
#341 = SURFACE_CURVE('',#342,(#346,#353),.PCURVE_S1.);
#342 = LINE('',#343,#344);
#343 = CARTESIAN_POINT('',(-800.,2.253E+03,-1.5));
#344 = VECTOR('',#345,1.);
#345 = DIRECTION('',(-0.,-0.,1.));
#346 = PCURVE('',#62,#347);
#347 = DEFINITIONAL_REPRESENTATION('',(#348),#352);
#348 = LINE('',#349,#350);
#349 = CARTESIAN_POINT('',(0.,-2.253E+03));
#350 = VECTOR('',#351,1.);
#351 = DIRECTION('',(1.,0.));
#352 = ( GEOMETRIC_REPRESENTATION_CONTEXT(2) 
PARAMETRIC_REPRESENTATION_CONTEXT() REPRESENTATION_CONTEXT('2D SPACE',''
  ) );
#353 = PCURVE('',#354,#359);
#354 = PLANE('',#355);
#355 = AXIS2_PLACEMENT_3D('',#356,#357,#358);
#356 = CARTESIAN_POINT('',(-800.,2.253E+03,-1.5));
#357 = DIRECTION('',(-0.,-1.,0.));
#358 = DIRECTION('',(0.,0.,-1.));
#359 = DEFINITIONAL_REPRESENTATION('',(#360),#364);
#360 = LINE('',#361,#362);
#361 = CARTESIAN_POINT('',(-0.,0.));
#362 = VECTOR('',#363,1.);
#363 = DIRECTION('',(-1.,0.));
#364 = ( GEOMETRIC_REPRESENTATION_CONTEXT(2) 
PARAMETRIC_REPRESENTATION_CONTEXT() REPRESENTATION_CONTEXT('2D SPACE',''
  ) );
#365 = ORIENTED_EDGE('',*,*,#366,.F.);
#366 = EDGE_CURVE('',#367,#339,#369,.T.);
#367 = VERTEX_POINT('',#368);
#368 = CARTESIAN_POINT('',(-800.,2.2755E+03,-1.5));
#369 = SURFACE_CURVE('',#370,(#374,#381),.PCURVE_S1.);
#370 = LINE('',#371,#372);
#371 = CARTESIAN_POINT('',(-800.,2.278E+03,-1.5));
#372 = VECTOR('',#373,1.);
#373 = DIRECTION('',(-0.,-1.,0.));
#374 = PCURVE('',#62,#375);
#375 = DEFINITIONAL_REPRESENTATION('',(#376),#380);
#376 = LINE('',#377,#378);
#377 = CARTESIAN_POINT('',(0.,-2.278E+03));
#378 = VECTOR('',#379,1.);
#379 = DIRECTION('',(0.,1.));
#380 = ( GEOMETRIC_REPRESENTATION_CONTEXT(2) 
PARAMETRIC_REPRESENTATION_CONTEXT() REPRESENTATION_CONTEXT('2D SPACE',''
  ) );
#381 = PCURVE('',#382,#387);
#382 = PLANE('',#383);
#383 = AXIS2_PLACEMENT_3D('',#384,#385,#386);
#384 = CARTESIAN_POINT('',(-800.,2.278E+03,-1.5));
#385 = DIRECTION('',(-0.,-0.,1.));
#386 = DIRECTION('',(-1.,0.,0.));
#387 = DEFINITIONAL_REPRESENTATION('',(#388),#392);
#388 = LINE('',#389,#390);
#389 = CARTESIAN_POINT('',(-0.,0.));
#390 = VECTOR('',#391,1.);
#391 = DIRECTION('',(-0.,1.));
#392 = ( GEOMETRIC_REPRESENTATION_CONTEXT(2) 
PARAMETRIC_REPRESENTATION_CONTEXT() REPRESENTATION_CONTEXT('2D SPACE',''
  ) );
#393 = ORIENTED_EDGE('',*,*,#394,.F.);
#394 = EDGE_CURVE('',#395,#367,#397,.T.);
#395 = VERTEX_POINT('',#396);
#396 = CARTESIAN_POINT('',(-800.,2.2755E+03,-29.5));
#397 = SURFACE_CURVE('',#398,(#402,#409),.PCURVE_S1.);
#398 = LINE('',#399,#400);
#399 = CARTESIAN_POINT('',(-800.,2.2755E+03,-32.));
#400 = VECTOR('',#401,1.);
#401 = DIRECTION('',(-0.,-0.,1.));
#402 = PCURVE('',#62,#403);
#403 = DEFINITIONAL_REPRESENTATION('',(#404),#408);
#404 = LINE('',#405,#406);
#405 = CARTESIAN_POINT('',(-30.5,-2.2755E+03));
#406 = VECTOR('',#407,1.);
#407 = DIRECTION('',(1.,0.));
#408 = ( GEOMETRIC_REPRESENTATION_CONTEXT(2) 
PARAMETRIC_REPRESENTATION_CONTEXT() REPRESENTATION_CONTEXT('2D SPACE',''
  ) );
#409 = PCURVE('',#410,#415);
#410 = PLANE('',#411);
#411 = AXIS2_PLACEMENT_3D('',#412,#413,#414);
#412 = CARTESIAN_POINT('',(-800.,2.2755E+03,-32.));
#413 = DIRECTION('',(-0.,-1.,0.));
#414 = DIRECTION('',(0.,0.,-1.));
#415 = DEFINITIONAL_REPRESENTATION('',(#416),#420);
#416 = LINE('',#417,#418);
#417 = CARTESIAN_POINT('',(-0.,0.));
#418 = VECTOR('',#419,1.);
#419 = DIRECTION('',(-1.,0.));
#420 = ( GEOMETRIC_REPRESENTATION_CONTEXT(2) 
PARAMETRIC_REPRESENTATION_CONTEXT() REPRESENTATION_CONTEXT('2D SPACE',''
  ) );
#421 = ORIENTED_EDGE('',*,*,#422,.T.);
#422 = EDGE_CURVE('',#395,#423,#425,.T.);
#423 = VERTEX_POINT('',#424);
#424 = CARTESIAN_POINT('',(-800.,2.253E+03,-29.5));
#425 = SURFACE_CURVE('',#426,(#430,#437),.PCURVE_S1.);
#426 = LINE('',#427,#428);
#427 = CARTESIAN_POINT('',(-800.,2.278E+03,-29.5));
#428 = VECTOR('',#429,1.);
#429 = DIRECTION('',(-0.,-1.,0.));
#430 = PCURVE('',#62,#431);
#431 = DEFINITIONAL_REPRESENTATION('',(#432),#436);
#432 = LINE('',#433,#434);
#433 = CARTESIAN_POINT('',(-28.,-2.278E+03));
#434 = VECTOR('',#435,1.);
#435 = DIRECTION('',(0.,1.));
#436 = ( GEOMETRIC_REPRESENTATION_CONTEXT(2) 
PARAMETRIC_REPRESENTATION_CONTEXT() REPRESENTATION_CONTEXT('2D SPACE',''
  ) );
#437 = PCURVE('',#438,#443);
#438 = PLANE('',#439);
#439 = AXIS2_PLACEMENT_3D('',#440,#441,#442);
#440 = CARTESIAN_POINT('',(-800.,2.278E+03,-29.5));
#441 = DIRECTION('',(-0.,-0.,1.));
#442 = DIRECTION('',(-1.,0.,0.));
#443 = DEFINITIONAL_REPRESENTATION('',(#444),#448);
#444 = LINE('',#445,#446);
#445 = CARTESIAN_POINT('',(-0.,0.));
#446 = VECTOR('',#447,1.);
#447 = DIRECTION('',(-0.,1.));
#448 = ( GEOMETRIC_REPRESENTATION_CONTEXT(2) 
PARAMETRIC_REPRESENTATION_CONTEXT() REPRESENTATION_CONTEXT('2D SPACE',''
  ) );
#449 = ORIENTED_EDGE('',*,*,#450,.F.);
#450 = EDGE_CURVE('',#451,#423,#453,.T.);
#451 = VERTEX_POINT('',#452);
#452 = CARTESIAN_POINT('',(-800.,2.253E+03,-32.));
#453 = SURFACE_CURVE('',#454,(#458,#465),.PCURVE_S1.);
#454 = LINE('',#455,#456);
#455 = CARTESIAN_POINT('',(-800.,2.253E+03,-32.));
#456 = VECTOR('',#457,1.);
#457 = DIRECTION('',(-0.,-0.,1.));
#458 = PCURVE('',#62,#459);
#459 = DEFINITIONAL_REPRESENTATION('',(#460),#464);
#460 = LINE('',#461,#462);
#461 = CARTESIAN_POINT('',(-30.5,-2.253E+03));
#462 = VECTOR('',#463,1.);
#463 = DIRECTION('',(1.,0.));
#464 = ( GEOMETRIC_REPRESENTATION_CONTEXT(2) 
PARAMETRIC_REPRESENTATION_CONTEXT() REPRESENTATION_CONTEXT('2D SPACE',''
  ) );
#465 = PCURVE('',#466,#471);
#466 = PLANE('',#467);
#467 = AXIS2_PLACEMENT_3D('',#468,#469,#470);
#468 = CARTESIAN_POINT('',(-800.,2.253E+03,-32.));
#469 = DIRECTION('',(-0.,-1.,0.));
#470 = DIRECTION('',(0.,0.,-1.));
#471 = DEFINITIONAL_REPRESENTATION('',(#472),#476);
#472 = LINE('',#473,#474);
#473 = CARTESIAN_POINT('',(-0.,0.));
#474 = VECTOR('',#475,1.);
#475 = DIRECTION('',(-1.,0.));
#476 = ( GEOMETRIC_REPRESENTATION_CONTEXT(2) 
PARAMETRIC_REPRESENTATION_CONTEXT() REPRESENTATION_CONTEXT('2D SPACE',''
  ) );
#477 = ORIENTED_EDGE('',*,*,#478,.F.);
#478 = EDGE_CURVE('',#479,#451,#481,.T.);
#479 = VERTEX_POINT('',#480);
#480 = CARTESIAN_POINT('',(-800.,25.,-32.));
#481 = SURFACE_CURVE('',#482,(#486,#493),.PCURVE_S1.);
#482 = LINE('',#483,#484);
#483 = CARTESIAN_POINT('',(-800.,25.,-32.));
#484 = VECTOR('',#485,1.);
#485 = DIRECTION('',(0.,1.,0.));
#486 = PCURVE('',#62,#487);
#487 = DEFINITIONAL_REPRESENTATION('',(#488),#492);
#488 = LINE('',#489,#490);
#489 = CARTESIAN_POINT('',(-30.5,-25.));
#490 = VECTOR('',#491,1.);
#491 = DIRECTION('',(0.,-1.));
#492 = ( GEOMETRIC_REPRESENTATION_CONTEXT(2) 
PARAMETRIC_REPRESENTATION_CONTEXT() REPRESENTATION_CONTEXT('2D SPACE',''
  ) );
#493 = PCURVE('',#494,#499);
#494 = PLANE('',#495);
#495 = AXIS2_PLACEMENT_3D('',#496,#497,#498);
#496 = CARTESIAN_POINT('',(-800.,5.,-32.));
#497 = DIRECTION('',(0.,0.,1.));
#498 = DIRECTION('',(1.,0.,-0.));
#499 = DEFINITIONAL_REPRESENTATION('',(#500),#504);
#500 = LINE('',#501,#502);
#501 = CARTESIAN_POINT('',(0.,20.));
#502 = VECTOR('',#503,1.);
#503 = DIRECTION('',(0.,1.));
#504 = ( GEOMETRIC_REPRESENTATION_CONTEXT(2) 
PARAMETRIC_REPRESENTATION_CONTEXT() REPRESENTATION_CONTEXT('2D SPACE',''
  ) );
#505 = ORIENTED_EDGE('',*,*,#506,.T.);
#506 = EDGE_CURVE('',#479,#507,#509,.T.);
#507 = VERTEX_POINT('',#508);
#508 = CARTESIAN_POINT('',(-800.,25.,-29.5));
#509 = SURFACE_CURVE('',#510,(#514,#521),.PCURVE_S1.);
#510 = LINE('',#511,#512);
#511 = CARTESIAN_POINT('',(-800.,25.,-32.));
#512 = VECTOR('',#513,1.);
#513 = DIRECTION('',(0.,0.,1.));
#514 = PCURVE('',#62,#515);
#515 = DEFINITIONAL_REPRESENTATION('',(#516),#520);
#516 = LINE('',#517,#518);
#517 = CARTESIAN_POINT('',(-30.5,-25.));
#518 = VECTOR('',#519,1.);
#519 = DIRECTION('',(1.,0.));
#520 = ( GEOMETRIC_REPRESENTATION_CONTEXT(2) 
PARAMETRIC_REPRESENTATION_CONTEXT() REPRESENTATION_CONTEXT('2D SPACE',''
  ) );
#521 = PCURVE('',#522,#527);
#522 = PLANE('',#523);
#523 = AXIS2_PLACEMENT_3D('',#524,#525,#526);
#524 = CARTESIAN_POINT('',(-800.,25.,-32.));
#525 = DIRECTION('',(-0.,1.,0.));
#526 = DIRECTION('',(0.,0.,1.));
#527 = DEFINITIONAL_REPRESENTATION('',(#528),#532);
#528 = LINE('',#529,#530);
#529 = CARTESIAN_POINT('',(0.,0.));
#530 = VECTOR('',#531,1.);
#531 = DIRECTION('',(1.,0.));
#532 = ( GEOMETRIC_REPRESENTATION_CONTEXT(2) 
PARAMETRIC_REPRESENTATION_CONTEXT() REPRESENTATION_CONTEXT('2D SPACE',''
  ) );
#533 = ORIENTED_EDGE('',*,*,#534,.F.);
#534 = EDGE_CURVE('',#535,#507,#537,.T.);
#535 = VERTEX_POINT('',#536);
#536 = CARTESIAN_POINT('',(-800.,2.5,-29.5));
#537 = SURFACE_CURVE('',#538,(#542,#549),.PCURVE_S1.);
#538 = LINE('',#539,#540);
#539 = CARTESIAN_POINT('',(-800.,0.,-29.5));
#540 = VECTOR('',#541,1.);
#541 = DIRECTION('',(-0.,1.,0.));
#542 = PCURVE('',#62,#543);
#543 = DEFINITIONAL_REPRESENTATION('',(#544),#548);
#544 = LINE('',#545,#546);
#545 = CARTESIAN_POINT('',(-28.,0.));
#546 = VECTOR('',#547,1.);
#547 = DIRECTION('',(0.,-1.));
#548 = ( GEOMETRIC_REPRESENTATION_CONTEXT(2) 
PARAMETRIC_REPRESENTATION_CONTEXT() REPRESENTATION_CONTEXT('2D SPACE',''
  ) );
#549 = PCURVE('',#550,#555);
#550 = PLANE('',#551);
#551 = AXIS2_PLACEMENT_3D('',#552,#553,#554);
#552 = CARTESIAN_POINT('',(-800.,0.,-29.5));
#553 = DIRECTION('',(0.,0.,1.));
#554 = DIRECTION('',(1.,0.,-0.));
#555 = DEFINITIONAL_REPRESENTATION('',(#556),#560);
#556 = LINE('',#557,#558);
#557 = CARTESIAN_POINT('',(0.,0.));
#558 = VECTOR('',#559,1.);
#559 = DIRECTION('',(0.,1.));
#560 = ( GEOMETRIC_REPRESENTATION_CONTEXT(2) 
PARAMETRIC_REPRESENTATION_CONTEXT() REPRESENTATION_CONTEXT('2D SPACE',''
  ) );
#561 = ORIENTED_EDGE('',*,*,#562,.T.);
#562 = EDGE_CURVE('',#535,#563,#565,.T.);
#563 = VERTEX_POINT('',#564);
#564 = CARTESIAN_POINT('',(-800.,2.5,-1.5));
#565 = SURFACE_CURVE('',#566,(#570,#577),.PCURVE_S1.);
#566 = LINE('',#567,#568);
#567 = CARTESIAN_POINT('',(-800.,2.5,-32.));
#568 = VECTOR('',#569,1.);
#569 = DIRECTION('',(0.,0.,1.));
#570 = PCURVE('',#62,#571);
#571 = DEFINITIONAL_REPRESENTATION('',(#572),#576);
#572 = LINE('',#573,#574);
#573 = CARTESIAN_POINT('',(-30.5,-2.5));
#574 = VECTOR('',#575,1.);
#575 = DIRECTION('',(1.,0.));
#576 = ( GEOMETRIC_REPRESENTATION_CONTEXT(2) 
PARAMETRIC_REPRESENTATION_CONTEXT() REPRESENTATION_CONTEXT('2D SPACE',''
  ) );
#577 = PCURVE('',#578,#583);
#578 = PLANE('',#579);
#579 = AXIS2_PLACEMENT_3D('',#580,#581,#582);
#580 = CARTESIAN_POINT('',(-800.,2.5,-32.));
#581 = DIRECTION('',(-0.,1.,0.));
#582 = DIRECTION('',(0.,0.,1.));
#583 = DEFINITIONAL_REPRESENTATION('',(#584),#588);
#584 = LINE('',#585,#586);
#585 = CARTESIAN_POINT('',(0.,0.));
#586 = VECTOR('',#587,1.);
#587 = DIRECTION('',(1.,0.));
#588 = ( GEOMETRIC_REPRESENTATION_CONTEXT(2) 
PARAMETRIC_REPRESENTATION_CONTEXT() REPRESENTATION_CONTEXT('2D SPACE',''
  ) );
#589 = ORIENTED_EDGE('',*,*,#590,.T.);
#590 = EDGE_CURVE('',#563,#591,#593,.T.);
#591 = VERTEX_POINT('',#592);
#592 = CARTESIAN_POINT('',(-800.,25.,-1.5));
#593 = SURFACE_CURVE('',#594,(#598,#605),.PCURVE_S1.);
#594 = LINE('',#595,#596);
#595 = CARTESIAN_POINT('',(-800.,0.,-1.5));
#596 = VECTOR('',#597,1.);
#597 = DIRECTION('',(-0.,1.,0.));
#598 = PCURVE('',#62,#599);
#599 = DEFINITIONAL_REPRESENTATION('',(#600),#604);
#600 = LINE('',#601,#602);
#601 = CARTESIAN_POINT('',(0.,0.));
#602 = VECTOR('',#603,1.);
#603 = DIRECTION('',(0.,-1.));
#604 = ( GEOMETRIC_REPRESENTATION_CONTEXT(2) 
PARAMETRIC_REPRESENTATION_CONTEXT() REPRESENTATION_CONTEXT('2D SPACE',''
  ) );
#605 = PCURVE('',#606,#611);
#606 = PLANE('',#607);
#607 = AXIS2_PLACEMENT_3D('',#608,#609,#610);
#608 = CARTESIAN_POINT('',(-800.,0.,-1.5));
#609 = DIRECTION('',(0.,0.,1.));
#610 = DIRECTION('',(1.,0.,-0.));
#611 = DEFINITIONAL_REPRESENTATION('',(#612),#616);
#612 = LINE('',#613,#614);
#613 = CARTESIAN_POINT('',(0.,0.));
#614 = VECTOR('',#615,1.);
#615 = DIRECTION('',(0.,1.));
#616 = ( GEOMETRIC_REPRESENTATION_CONTEXT(2) 
PARAMETRIC_REPRESENTATION_CONTEXT() REPRESENTATION_CONTEXT('2D SPACE',''
  ) );
#617 = ORIENTED_EDGE('',*,*,#618,.T.);
#618 = EDGE_CURVE('',#591,#619,#621,.T.);
#619 = VERTEX_POINT('',#620);
#620 = CARTESIAN_POINT('',(-800.,25.,1.));
#621 = SURFACE_CURVE('',#622,(#626,#633),.PCURVE_S1.);
#622 = LINE('',#623,#624);
#623 = CARTESIAN_POINT('',(-800.,25.,-1.5));
#624 = VECTOR('',#625,1.);
#625 = DIRECTION('',(0.,0.,1.));
#626 = PCURVE('',#62,#627);
#627 = DEFINITIONAL_REPRESENTATION('',(#628),#632);
#628 = LINE('',#629,#630);
#629 = CARTESIAN_POINT('',(0.,-25.));
#630 = VECTOR('',#631,1.);
#631 = DIRECTION('',(1.,0.));
#632 = ( GEOMETRIC_REPRESENTATION_CONTEXT(2) 
PARAMETRIC_REPRESENTATION_CONTEXT() REPRESENTATION_CONTEXT('2D SPACE',''
  ) );
#633 = PCURVE('',#634,#639);
#634 = PLANE('',#635);
#635 = AXIS2_PLACEMENT_3D('',#636,#637,#638);
#636 = CARTESIAN_POINT('',(-800.,25.,-1.5));
#637 = DIRECTION('',(-0.,1.,0.));
#638 = DIRECTION('',(0.,0.,1.));
#639 = DEFINITIONAL_REPRESENTATION('',(#640),#644);
#640 = LINE('',#641,#642);
#641 = CARTESIAN_POINT('',(0.,0.));
#642 = VECTOR('',#643,1.);
#643 = DIRECTION('',(1.,0.));
#644 = ( GEOMETRIC_REPRESENTATION_CONTEXT(2) 
PARAMETRIC_REPRESENTATION_CONTEXT() REPRESENTATION_CONTEXT('2D SPACE',''
  ) );
#645 = ORIENTED_EDGE('',*,*,#646,.F.);
#646 = EDGE_CURVE('',#54,#619,#647,.T.);
#647 = SURFACE_CURVE('',#648,(#652,#659),.PCURVE_S1.);
#648 = LINE('',#649,#650);
#649 = CARTESIAN_POINT('',(-800.,0.,1.));
#650 = VECTOR('',#651,1.);
#651 = DIRECTION('',(0.,1.,0.));
#652 = PCURVE('',#62,#653);
#653 = DEFINITIONAL_REPRESENTATION('',(#654),#658);
#654 = LINE('',#655,#656);
#655 = CARTESIAN_POINT('',(2.5,0.));
#656 = VECTOR('',#657,1.);
#657 = DIRECTION('',(0.,-1.));
#658 = ( GEOMETRIC_REPRESENTATION_CONTEXT(2) 
PARAMETRIC_REPRESENTATION_CONTEXT() REPRESENTATION_CONTEXT('2D SPACE',''
  ) );
#659 = PCURVE('',#660,#665);
#660 = PLANE('',#661);
#661 = AXIS2_PLACEMENT_3D('',#662,#663,#664);
#662 = CARTESIAN_POINT('',(-800.,0.,1.));
#663 = DIRECTION('',(0.,0.,1.));
#664 = DIRECTION('',(1.,0.,-0.));
#665 = DEFINITIONAL_REPRESENTATION('',(#666),#670);
#666 = LINE('',#667,#668);
#667 = CARTESIAN_POINT('',(0.,0.));
#668 = VECTOR('',#669,1.);
#669 = DIRECTION('',(0.,1.));
#670 = ( GEOMETRIC_REPRESENTATION_CONTEXT(2) 
PARAMETRIC_REPRESENTATION_CONTEXT() REPRESENTATION_CONTEXT('2D SPACE',''
  ) );
#671 = FACE_BOUND('',#672,.F.);
#672 = EDGE_LOOP('',(#673,#701,#727,#753));
#673 = ORIENTED_EDGE('',*,*,#674,.T.);
#674 = EDGE_CURVE('',#675,#677,#679,.T.);
#675 = VERTEX_POINT('',#676);
#676 = CARTESIAN_POINT('',(-800.,680.,-62.));
#677 = VERTEX_POINT('',#678);
#678 = CARTESIAN_POINT('',(-800.,640.,-62.));
#679 = SURFACE_CURVE('',#680,(#684,#690),.PCURVE_S1.);
#680 = LINE('',#681,#682);
#681 = CARTESIAN_POINT('',(-800.,320.,-62.));
#682 = VECTOR('',#683,1.);
#683 = DIRECTION('',(0.,-1.,0.));
#684 = PCURVE('',#62,#685);
#685 = DEFINITIONAL_REPRESENTATION('',(#686),#689);
#686 = B_SPLINE_CURVE_WITH_KNOTS('',1,(#687,#688),.UNSPECIFIED.,.F.,.F.,
  (2,2),(-360.,-320.),.PIECEWISE_BEZIER_KNOTS.);
#687 = CARTESIAN_POINT('',(-60.5,-680.));
#688 = CARTESIAN_POINT('',(-60.5,-640.));
#689 = ( GEOMETRIC_REPRESENTATION_CONTEXT(2) 
PARAMETRIC_REPRESENTATION_CONTEXT() REPRESENTATION_CONTEXT('2D SPACE',''
  ) );
#690 = PCURVE('',#691,#696);
#691 = PLANE('',#692);
#692 = AXIS2_PLACEMENT_3D('',#693,#694,#695);
#693 = CARTESIAN_POINT('',(-1.3E+03,640.,-62.));
#694 = DIRECTION('',(0.,0.,1.));
#695 = DIRECTION('',(1.,0.,-0.));
#696 = DEFINITIONAL_REPRESENTATION('',(#697),#700);
#697 = B_SPLINE_CURVE_WITH_KNOTS('',1,(#698,#699),.UNSPECIFIED.,.F.,.F.,
  (2,2),(-360.,-320.),.PIECEWISE_BEZIER_KNOTS.);
#698 = CARTESIAN_POINT('',(500.,40.));
#699 = CARTESIAN_POINT('',(500.,0.));
#700 = ( GEOMETRIC_REPRESENTATION_CONTEXT(2) 
PARAMETRIC_REPRESENTATION_CONTEXT() REPRESENTATION_CONTEXT('2D SPACE',''
  ) );
#701 = ORIENTED_EDGE('',*,*,#702,.T.);
#702 = EDGE_CURVE('',#677,#703,#705,.T.);
#703 = VERTEX_POINT('',#704);
#704 = CARTESIAN_POINT('',(-800.,640.,-42.));
#705 = SURFACE_CURVE('',#706,(#710,#716),.PCURVE_S1.);
#706 = LINE('',#707,#708);
#707 = CARTESIAN_POINT('',(-800.,640.,-31.75));
#708 = VECTOR('',#709,1.);
#709 = DIRECTION('',(0.,0.,1.));
#710 = PCURVE('',#62,#711);
#711 = DEFINITIONAL_REPRESENTATION('',(#712),#715);
#712 = B_SPLINE_CURVE_WITH_KNOTS('',1,(#713,#714),.UNSPECIFIED.,.F.,.F.,
  (2,2),(-30.25,-10.25),.PIECEWISE_BEZIER_KNOTS.);
#713 = CARTESIAN_POINT('',(-60.5,-640.));
#714 = CARTESIAN_POINT('',(-40.5,-640.));
#715 = ( GEOMETRIC_REPRESENTATION_CONTEXT(2) 
PARAMETRIC_REPRESENTATION_CONTEXT() REPRESENTATION_CONTEXT('2D SPACE',''
  ) );
#716 = PCURVE('',#717,#722);
#717 = PLANE('',#718);
#718 = AXIS2_PLACEMENT_3D('',#719,#720,#721);
#719 = CARTESIAN_POINT('',(-1.3E+03,640.,-62.));
#720 = DIRECTION('',(-0.,1.,0.));
#721 = DIRECTION('',(0.,0.,1.));
#722 = DEFINITIONAL_REPRESENTATION('',(#723),#726);
#723 = B_SPLINE_CURVE_WITH_KNOTS('',1,(#724,#725),.UNSPECIFIED.,.F.,.F.,
  (2,2),(-30.25,-10.25),.PIECEWISE_BEZIER_KNOTS.);
#724 = CARTESIAN_POINT('',(0.,500.));
#725 = CARTESIAN_POINT('',(20.,500.));
#726 = ( GEOMETRIC_REPRESENTATION_CONTEXT(2) 
PARAMETRIC_REPRESENTATION_CONTEXT() REPRESENTATION_CONTEXT('2D SPACE',''
  ) );
#727 = ORIENTED_EDGE('',*,*,#728,.F.);
#728 = EDGE_CURVE('',#729,#703,#731,.T.);
#729 = VERTEX_POINT('',#730);
#730 = CARTESIAN_POINT('',(-800.,680.,-42.));
#731 = SURFACE_CURVE('',#732,(#736,#742),.PCURVE_S1.);
#732 = LINE('',#733,#734);
#733 = CARTESIAN_POINT('',(-800.,320.,-42.));
#734 = VECTOR('',#735,1.);
#735 = DIRECTION('',(0.,-1.,0.));
#736 = PCURVE('',#62,#737);
#737 = DEFINITIONAL_REPRESENTATION('',(#738),#741);
#738 = B_SPLINE_CURVE_WITH_KNOTS('',1,(#739,#740),.UNSPECIFIED.,.F.,.F.,
  (2,2),(-360.,-320.),.PIECEWISE_BEZIER_KNOTS.);
#739 = CARTESIAN_POINT('',(-40.5,-680.));
#740 = CARTESIAN_POINT('',(-40.5,-640.));
#741 = ( GEOMETRIC_REPRESENTATION_CONTEXT(2) 
PARAMETRIC_REPRESENTATION_CONTEXT() REPRESENTATION_CONTEXT('2D SPACE',''
  ) );
#742 = PCURVE('',#743,#748);
#743 = PLANE('',#744);
#744 = AXIS2_PLACEMENT_3D('',#745,#746,#747);
#745 = CARTESIAN_POINT('',(-1.3E+03,640.,-42.));
#746 = DIRECTION('',(0.,0.,1.));
#747 = DIRECTION('',(1.,0.,-0.));
#748 = DEFINITIONAL_REPRESENTATION('',(#749),#752);
#749 = B_SPLINE_CURVE_WITH_KNOTS('',1,(#750,#751),.UNSPECIFIED.,.F.,.F.,
  (2,2),(-360.,-320.),.PIECEWISE_BEZIER_KNOTS.);
#750 = CARTESIAN_POINT('',(500.,40.));
#751 = CARTESIAN_POINT('',(500.,0.));
#752 = ( GEOMETRIC_REPRESENTATION_CONTEXT(2) 
PARAMETRIC_REPRESENTATION_CONTEXT() REPRESENTATION_CONTEXT('2D SPACE',''
  ) );
#753 = ORIENTED_EDGE('',*,*,#754,.F.);
#754 = EDGE_CURVE('',#675,#729,#755,.T.);
#755 = SURFACE_CURVE('',#756,(#760,#766),.PCURVE_S1.);
#756 = LINE('',#757,#758);
#757 = CARTESIAN_POINT('',(-800.,680.,-31.75));
#758 = VECTOR('',#759,1.);
#759 = DIRECTION('',(0.,0.,1.));
#760 = PCURVE('',#62,#761);
#761 = DEFINITIONAL_REPRESENTATION('',(#762),#765);
#762 = B_SPLINE_CURVE_WITH_KNOTS('',1,(#763,#764),.UNSPECIFIED.,.F.,.F.,
  (2,2),(-30.25,-10.25),.PIECEWISE_BEZIER_KNOTS.);
#763 = CARTESIAN_POINT('',(-60.5,-680.));
#764 = CARTESIAN_POINT('',(-40.5,-680.));
#765 = ( GEOMETRIC_REPRESENTATION_CONTEXT(2) 
PARAMETRIC_REPRESENTATION_CONTEXT() REPRESENTATION_CONTEXT('2D SPACE',''
  ) );
#766 = PCURVE('',#767,#772);
#767 = PLANE('',#768);
#768 = AXIS2_PLACEMENT_3D('',#769,#770,#771);
#769 = CARTESIAN_POINT('',(-1.3E+03,680.,-62.));
#770 = DIRECTION('',(-0.,1.,0.));
#771 = DIRECTION('',(0.,0.,1.));
#772 = DEFINITIONAL_REPRESENTATION('',(#773),#776);
#773 = B_SPLINE_CURVE_WITH_KNOTS('',1,(#774,#775),.UNSPECIFIED.,.F.,.F.,
  (2,2),(-30.25,-10.25),.PIECEWISE_BEZIER_KNOTS.);
#774 = CARTESIAN_POINT('',(0.,500.));
#775 = CARTESIAN_POINT('',(20.,500.));
#776 = ( GEOMETRIC_REPRESENTATION_CONTEXT(2) 
PARAMETRIC_REPRESENTATION_CONTEXT() REPRESENTATION_CONTEXT('2D SPACE',''
  ) );
#777 = FACE_BOUND('',#778,.F.);
#778 = EDGE_LOOP('',(#779,#807,#833,#859));
#779 = ORIENTED_EDGE('',*,*,#780,.T.);
#780 = EDGE_CURVE('',#781,#783,#785,.T.);
#781 = VERTEX_POINT('',#782);
#782 = CARTESIAN_POINT('',(-800.,130.,-62.));
#783 = VERTEX_POINT('',#784);
#784 = CARTESIAN_POINT('',(-800.,90.,-62.));
#785 = SURFACE_CURVE('',#786,(#790,#796),.PCURVE_S1.);
#786 = LINE('',#787,#788);
#787 = CARTESIAN_POINT('',(-800.,45.,-62.));
#788 = VECTOR('',#789,1.);
#789 = DIRECTION('',(0.,-1.,0.));
#790 = PCURVE('',#62,#791);
#791 = DEFINITIONAL_REPRESENTATION('',(#792),#795);
#792 = B_SPLINE_CURVE_WITH_KNOTS('',1,(#793,#794),.UNSPECIFIED.,.F.,.F.,
  (2,2),(-85.,-45.),.PIECEWISE_BEZIER_KNOTS.);
#793 = CARTESIAN_POINT('',(-60.5,-130.));
#794 = CARTESIAN_POINT('',(-60.5,-90.));
#795 = ( GEOMETRIC_REPRESENTATION_CONTEXT(2) 
PARAMETRIC_REPRESENTATION_CONTEXT() REPRESENTATION_CONTEXT('2D SPACE',''
  ) );
#796 = PCURVE('',#797,#802);
#797 = PLANE('',#798);
#798 = AXIS2_PLACEMENT_3D('',#799,#800,#801);
#799 = CARTESIAN_POINT('',(-1.3E+03,90.,-62.));
#800 = DIRECTION('',(0.,0.,1.));
#801 = DIRECTION('',(1.,0.,-0.));
#802 = DEFINITIONAL_REPRESENTATION('',(#803),#806);
#803 = B_SPLINE_CURVE_WITH_KNOTS('',1,(#804,#805),.UNSPECIFIED.,.F.,.F.,
  (2,2),(-85.,-45.),.PIECEWISE_BEZIER_KNOTS.);
#804 = CARTESIAN_POINT('',(500.,40.));
#805 = CARTESIAN_POINT('',(500.,0.));
#806 = ( GEOMETRIC_REPRESENTATION_CONTEXT(2) 
PARAMETRIC_REPRESENTATION_CONTEXT() REPRESENTATION_CONTEXT('2D SPACE',''
  ) );
#807 = ORIENTED_EDGE('',*,*,#808,.T.);
#808 = EDGE_CURVE('',#783,#809,#811,.T.);
#809 = VERTEX_POINT('',#810);
#810 = CARTESIAN_POINT('',(-800.,90.,-42.));
#811 = SURFACE_CURVE('',#812,(#816,#822),.PCURVE_S1.);
#812 = LINE('',#813,#814);
#813 = CARTESIAN_POINT('',(-800.,90.,-31.75));
#814 = VECTOR('',#815,1.);
#815 = DIRECTION('',(0.,0.,1.));
#816 = PCURVE('',#62,#817);
#817 = DEFINITIONAL_REPRESENTATION('',(#818),#821);
#818 = B_SPLINE_CURVE_WITH_KNOTS('',1,(#819,#820),.UNSPECIFIED.,.F.,.F.,
  (2,2),(-30.25,-10.25),.PIECEWISE_BEZIER_KNOTS.);
#819 = CARTESIAN_POINT('',(-60.5,-90.));
#820 = CARTESIAN_POINT('',(-40.5,-90.));
#821 = ( GEOMETRIC_REPRESENTATION_CONTEXT(2) 
PARAMETRIC_REPRESENTATION_CONTEXT() REPRESENTATION_CONTEXT('2D SPACE',''
  ) );
#822 = PCURVE('',#823,#828);
#823 = PLANE('',#824);
#824 = AXIS2_PLACEMENT_3D('',#825,#826,#827);
#825 = CARTESIAN_POINT('',(-1.3E+03,90.,-62.));
#826 = DIRECTION('',(-0.,1.,0.));
#827 = DIRECTION('',(0.,0.,1.));
#828 = DEFINITIONAL_REPRESENTATION('',(#829),#832);
#829 = B_SPLINE_CURVE_WITH_KNOTS('',1,(#830,#831),.UNSPECIFIED.,.F.,.F.,
  (2,2),(-30.25,-10.25),.PIECEWISE_BEZIER_KNOTS.);
#830 = CARTESIAN_POINT('',(0.,500.));
#831 = CARTESIAN_POINT('',(20.,500.));
#832 = ( GEOMETRIC_REPRESENTATION_CONTEXT(2) 
PARAMETRIC_REPRESENTATION_CONTEXT() REPRESENTATION_CONTEXT('2D SPACE',''
  ) );
#833 = ORIENTED_EDGE('',*,*,#834,.F.);
#834 = EDGE_CURVE('',#835,#809,#837,.T.);
#835 = VERTEX_POINT('',#836);
#836 = CARTESIAN_POINT('',(-800.,130.,-42.));
#837 = SURFACE_CURVE('',#838,(#842,#848),.PCURVE_S1.);
#838 = LINE('',#839,#840);
#839 = CARTESIAN_POINT('',(-800.,45.,-42.));
#840 = VECTOR('',#841,1.);
#841 = DIRECTION('',(0.,-1.,0.));
#842 = PCURVE('',#62,#843);
#843 = DEFINITIONAL_REPRESENTATION('',(#844),#847);
#844 = B_SPLINE_CURVE_WITH_KNOTS('',1,(#845,#846),.UNSPECIFIED.,.F.,.F.,
  (2,2),(-85.,-45.),.PIECEWISE_BEZIER_KNOTS.);
#845 = CARTESIAN_POINT('',(-40.5,-130.));
#846 = CARTESIAN_POINT('',(-40.5,-90.));
#847 = ( GEOMETRIC_REPRESENTATION_CONTEXT(2) 
PARAMETRIC_REPRESENTATION_CONTEXT() REPRESENTATION_CONTEXT('2D SPACE',''
  ) );
#848 = PCURVE('',#849,#854);
#849 = PLANE('',#850);
#850 = AXIS2_PLACEMENT_3D('',#851,#852,#853);
#851 = CARTESIAN_POINT('',(-1.3E+03,90.,-42.));
#852 = DIRECTION('',(0.,0.,1.));
#853 = DIRECTION('',(1.,0.,-0.));
#854 = DEFINITIONAL_REPRESENTATION('',(#855),#858);
#855 = B_SPLINE_CURVE_WITH_KNOTS('',1,(#856,#857),.UNSPECIFIED.,.F.,.F.,
  (2,2),(-85.,-45.),.PIECEWISE_BEZIER_KNOTS.);
#856 = CARTESIAN_POINT('',(500.,40.));
#857 = CARTESIAN_POINT('',(500.,0.));
#858 = ( GEOMETRIC_REPRESENTATION_CONTEXT(2) 
PARAMETRIC_REPRESENTATION_CONTEXT() REPRESENTATION_CONTEXT('2D SPACE',''
  ) );
#859 = ORIENTED_EDGE('',*,*,#860,.F.);
#860 = EDGE_CURVE('',#781,#835,#861,.T.);
#861 = SURFACE_CURVE('',#862,(#866,#872),.PCURVE_S1.);
#862 = LINE('',#863,#864);
#863 = CARTESIAN_POINT('',(-800.,130.,-31.75));
#864 = VECTOR('',#865,1.);
#865 = DIRECTION('',(0.,0.,1.));
#866 = PCURVE('',#62,#867);
#867 = DEFINITIONAL_REPRESENTATION('',(#868),#871);
#868 = B_SPLINE_CURVE_WITH_KNOTS('',1,(#869,#870),.UNSPECIFIED.,.F.,.F.,
  (2,2),(-30.25,-10.25),.PIECEWISE_BEZIER_KNOTS.);
#869 = CARTESIAN_POINT('',(-60.5,-130.));
#870 = CARTESIAN_POINT('',(-40.5,-130.));
#871 = ( GEOMETRIC_REPRESENTATION_CONTEXT(2) 
PARAMETRIC_REPRESENTATION_CONTEXT() REPRESENTATION_CONTEXT('2D SPACE',''
  ) );
#872 = PCURVE('',#873,#878);
#873 = PLANE('',#874);
#874 = AXIS2_PLACEMENT_3D('',#875,#876,#877);
#875 = CARTESIAN_POINT('',(-1.3E+03,130.,-62.));
#876 = DIRECTION('',(-0.,1.,0.));
#877 = DIRECTION('',(0.,0.,1.));
#878 = DEFINITIONAL_REPRESENTATION('',(#879),#882);
#879 = B_SPLINE_CURVE_WITH_KNOTS('',1,(#880,#881),.UNSPECIFIED.,.F.,.F.,
  (2,2),(-30.25,-10.25),.PIECEWISE_BEZIER_KNOTS.);
#880 = CARTESIAN_POINT('',(0.,500.));
#881 = CARTESIAN_POINT('',(20.,500.));
#882 = ( GEOMETRIC_REPRESENTATION_CONTEXT(2) 
PARAMETRIC_REPRESENTATION_CONTEXT() REPRESENTATION_CONTEXT('2D SPACE',''
  ) );
#883 = ADVANCED_FACE('',(#884),#74,.F.);
#884 = FACE_BOUND('',#885,.F.);
#885 = EDGE_LOOP('',(#886,#916,#937,#938));
#886 = ORIENTED_EDGE('',*,*,#887,.F.);
#887 = EDGE_CURVE('',#888,#890,#892,.T.);
#888 = VERTEX_POINT('',#889);
#889 = CARTESIAN_POINT('',(-20.,0.,-32.));
#890 = VERTEX_POINT('',#891);
#891 = CARTESIAN_POINT('',(-20.,0.,1.));
#892 = SURFACE_CURVE('',#893,(#897,#904),.PCURVE_S1.);
#893 = LINE('',#894,#895);
#894 = CARTESIAN_POINT('',(-20.,0.,-32.));
#895 = VECTOR('',#896,1.);
#896 = DIRECTION('',(0.,0.,1.));
#897 = PCURVE('',#74,#898);
#898 = DEFINITIONAL_REPRESENTATION('',(#899),#903);
#899 = LINE('',#900,#901);
#900 = CARTESIAN_POINT('',(-30.5,780.));
#901 = VECTOR('',#902,1.);
#902 = DIRECTION('',(1.,0.));
#903 = ( GEOMETRIC_REPRESENTATION_CONTEXT(2) 
PARAMETRIC_REPRESENTATION_CONTEXT() REPRESENTATION_CONTEXT('2D SPACE',''
  ) );
#904 = PCURVE('',#905,#910);
#905 = PLANE('',#906);
#906 = AXIS2_PLACEMENT_3D('',#907,#908,#909);
#907 = CARTESIAN_POINT('',(-20.,0.,-1.5));
#908 = DIRECTION('',(1.,0.,-0.));
#909 = DIRECTION('',(0.,0.,1.));
#910 = DEFINITIONAL_REPRESENTATION('',(#911),#915);
#911 = LINE('',#912,#913);
#912 = CARTESIAN_POINT('',(-30.5,0.));
#913 = VECTOR('',#914,1.);
#914 = DIRECTION('',(1.,0.));
#915 = ( GEOMETRIC_REPRESENTATION_CONTEXT(2) 
PARAMETRIC_REPRESENTATION_CONTEXT() REPRESENTATION_CONTEXT('2D SPACE',''
  ) );
#916 = ORIENTED_EDGE('',*,*,#917,.F.);
#917 = EDGE_CURVE('',#52,#888,#918,.T.);
#918 = SURFACE_CURVE('',#919,(#923,#930),.PCURVE_S1.);
#919 = LINE('',#920,#921);
#920 = CARTESIAN_POINT('',(-800.,0.,-32.));
#921 = VECTOR('',#922,1.);
#922 = DIRECTION('',(1.,0.,-0.));
#923 = PCURVE('',#74,#924);
#924 = DEFINITIONAL_REPRESENTATION('',(#925),#929);
#925 = LINE('',#926,#927);
#926 = CARTESIAN_POINT('',(-30.5,0.));
#927 = VECTOR('',#928,1.);
#928 = DIRECTION('',(0.,1.));
#929 = ( GEOMETRIC_REPRESENTATION_CONTEXT(2) 
PARAMETRIC_REPRESENTATION_CONTEXT() REPRESENTATION_CONTEXT('2D SPACE',''
  ) );
#930 = PCURVE('',#102,#931);
#931 = DEFINITIONAL_REPRESENTATION('',(#932),#936);
#932 = LINE('',#933,#934);
#933 = CARTESIAN_POINT('',(0.,0.));
#934 = VECTOR('',#935,1.);
#935 = DIRECTION('',(1.,0.));
#936 = ( GEOMETRIC_REPRESENTATION_CONTEXT(2) 
PARAMETRIC_REPRESENTATION_CONTEXT() REPRESENTATION_CONTEXT('2D SPACE',''
  ) );
#937 = ORIENTED_EDGE('',*,*,#51,.T.);
#938 = ORIENTED_EDGE('',*,*,#939,.T.);
#939 = EDGE_CURVE('',#54,#890,#940,.T.);
#940 = SURFACE_CURVE('',#941,(#945,#952),.PCURVE_S1.);
#941 = LINE('',#942,#943);
#942 = CARTESIAN_POINT('',(-800.,0.,1.));
#943 = VECTOR('',#944,1.);
#944 = DIRECTION('',(1.,0.,-0.));
#945 = PCURVE('',#74,#946);
#946 = DEFINITIONAL_REPRESENTATION('',(#947),#951);
#947 = LINE('',#948,#949);
#948 = CARTESIAN_POINT('',(2.5,0.));
#949 = VECTOR('',#950,1.);
#950 = DIRECTION('',(0.,1.));
#951 = ( GEOMETRIC_REPRESENTATION_CONTEXT(2) 
PARAMETRIC_REPRESENTATION_CONTEXT() REPRESENTATION_CONTEXT('2D SPACE',''
  ) );
#952 = PCURVE('',#660,#953);
#953 = DEFINITIONAL_REPRESENTATION('',(#954),#958);
#954 = LINE('',#955,#956);
#955 = CARTESIAN_POINT('',(0.,0.));
#956 = VECTOR('',#957,1.);
#957 = DIRECTION('',(1.,0.));
#958 = ( GEOMETRIC_REPRESENTATION_CONTEXT(2) 
PARAMETRIC_REPRESENTATION_CONTEXT() REPRESENTATION_CONTEXT('2D SPACE',''
  ) );
#959 = ADVANCED_FACE('',(#960),#102,.F.);
#960 = FACE_BOUND('',#961,.F.);
#961 = EDGE_LOOP('',(#962,#963,#964,#987,#1010,#1038,#1066,#1094,#1117,
    #1145));
#962 = ORIENTED_EDGE('',*,*,#86,.T.);
#963 = ORIENTED_EDGE('',*,*,#917,.T.);
#964 = ORIENTED_EDGE('',*,*,#965,.F.);
#965 = EDGE_CURVE('',#966,#888,#968,.T.);
#966 = VERTEX_POINT('',#967);
#967 = CARTESIAN_POINT('',(-20.,25.,-32.));
#968 = SURFACE_CURVE('',#969,(#973,#980),.PCURVE_S1.);
#969 = LINE('',#970,#971);
#970 = CARTESIAN_POINT('',(-20.,25.,-32.));
#971 = VECTOR('',#972,1.);
#972 = DIRECTION('',(0.,-1.,0.));
#973 = PCURVE('',#102,#974);
#974 = DEFINITIONAL_REPRESENTATION('',(#975),#979);
#975 = LINE('',#976,#977);
#976 = CARTESIAN_POINT('',(780.,25.));
#977 = VECTOR('',#978,1.);
#978 = DIRECTION('',(0.,-1.));
#979 = ( GEOMETRIC_REPRESENTATION_CONTEXT(2) 
PARAMETRIC_REPRESENTATION_CONTEXT() REPRESENTATION_CONTEXT('2D SPACE',''
  ) );
#980 = PCURVE('',#905,#981);
#981 = DEFINITIONAL_REPRESENTATION('',(#982),#986);
#982 = LINE('',#983,#984);
#983 = CARTESIAN_POINT('',(-30.5,-25.));
#984 = VECTOR('',#985,1.);
#985 = DIRECTION('',(0.,1.));
#986 = ( GEOMETRIC_REPRESENTATION_CONTEXT(2) 
PARAMETRIC_REPRESENTATION_CONTEXT() REPRESENTATION_CONTEXT('2D SPACE',''
  ) );
#987 = ORIENTED_EDGE('',*,*,#988,.F.);
#988 = EDGE_CURVE('',#989,#966,#991,.T.);
#989 = VERTEX_POINT('',#990);
#990 = CARTESIAN_POINT('',(-80.,25.,-32.));
#991 = SURFACE_CURVE('',#992,(#996,#1003),.PCURVE_S1.);
#992 = LINE('',#993,#994);
#993 = CARTESIAN_POINT('',(-800.,25.,-32.));
#994 = VECTOR('',#995,1.);
#995 = DIRECTION('',(1.,0.,-0.));
#996 = PCURVE('',#102,#997);
#997 = DEFINITIONAL_REPRESENTATION('',(#998),#1002);
#998 = LINE('',#999,#1000);
#999 = CARTESIAN_POINT('',(0.,25.));
#1000 = VECTOR('',#1001,1.);
#1001 = DIRECTION('',(1.,0.));
#1002 = ( GEOMETRIC_REPRESENTATION_CONTEXT(2) 
PARAMETRIC_REPRESENTATION_CONTEXT() REPRESENTATION_CONTEXT('2D SPACE',''
  ) );
#1003 = PCURVE('',#522,#1004);
#1004 = DEFINITIONAL_REPRESENTATION('',(#1005),#1009);
#1005 = LINE('',#1006,#1007);
#1006 = CARTESIAN_POINT('',(0.,0.));
#1007 = VECTOR('',#1008,1.);
#1008 = DIRECTION('',(0.,1.));
#1009 = ( GEOMETRIC_REPRESENTATION_CONTEXT(2) 
PARAMETRIC_REPRESENTATION_CONTEXT() REPRESENTATION_CONTEXT('2D SPACE',''
  ) );
#1010 = ORIENTED_EDGE('',*,*,#1011,.F.);
#1011 = EDGE_CURVE('',#1012,#989,#1014,.T.);
#1012 = VERTEX_POINT('',#1013);
#1013 = CARTESIAN_POINT('',(-80.,5.,-32.));
#1014 = SURFACE_CURVE('',#1015,(#1019,#1026),.PCURVE_S1.);
#1015 = LINE('',#1016,#1017);
#1016 = CARTESIAN_POINT('',(-80.,5.,-32.));
#1017 = VECTOR('',#1018,1.);
#1018 = DIRECTION('',(-0.,1.,0.));
#1019 = PCURVE('',#102,#1020);
#1020 = DEFINITIONAL_REPRESENTATION('',(#1021),#1025);
#1021 = LINE('',#1022,#1023);
#1022 = CARTESIAN_POINT('',(720.,5.));
#1023 = VECTOR('',#1024,1.);
#1024 = DIRECTION('',(0.,1.));
#1025 = ( GEOMETRIC_REPRESENTATION_CONTEXT(2) 
PARAMETRIC_REPRESENTATION_CONTEXT() REPRESENTATION_CONTEXT('2D SPACE',''
  ) );
#1026 = PCURVE('',#1027,#1032);
#1027 = PLANE('',#1028);
#1028 = AXIS2_PLACEMENT_3D('',#1029,#1030,#1031);
#1029 = CARTESIAN_POINT('',(-80.,5.,-72.));
#1030 = DIRECTION('',(1.,0.,-0.));
#1031 = DIRECTION('',(0.,0.,1.));
#1032 = DEFINITIONAL_REPRESENTATION('',(#1033),#1037);
#1033 = LINE('',#1034,#1035);
#1034 = CARTESIAN_POINT('',(40.,0.));
#1035 = VECTOR('',#1036,1.);
#1036 = DIRECTION('',(0.,-1.));
#1037 = ( GEOMETRIC_REPRESENTATION_CONTEXT(2) 
PARAMETRIC_REPRESENTATION_CONTEXT() REPRESENTATION_CONTEXT('2D SPACE',''
  ) );
#1038 = ORIENTED_EDGE('',*,*,#1039,.F.);
#1039 = EDGE_CURVE('',#1040,#1012,#1042,.T.);
#1040 = VERTEX_POINT('',#1041);
#1041 = CARTESIAN_POINT('',(-120.,5.,-32.));
#1042 = SURFACE_CURVE('',#1043,(#1047,#1054),.PCURVE_S1.);
#1043 = LINE('',#1044,#1045);
#1044 = CARTESIAN_POINT('',(-120.,5.,-32.));
#1045 = VECTOR('',#1046,1.);
#1046 = DIRECTION('',(1.,0.,-0.));
#1047 = PCURVE('',#102,#1048);
#1048 = DEFINITIONAL_REPRESENTATION('',(#1049),#1053);
#1049 = LINE('',#1050,#1051);
#1050 = CARTESIAN_POINT('',(680.,5.));
#1051 = VECTOR('',#1052,1.);
#1052 = DIRECTION('',(1.,0.));
#1053 = ( GEOMETRIC_REPRESENTATION_CONTEXT(2) 
PARAMETRIC_REPRESENTATION_CONTEXT() REPRESENTATION_CONTEXT('2D SPACE',''
  ) );
#1054 = PCURVE('',#1055,#1060);
#1055 = PLANE('',#1056);
#1056 = AXIS2_PLACEMENT_3D('',#1057,#1058,#1059);
#1057 = CARTESIAN_POINT('',(-120.,5.,-72.));
#1058 = DIRECTION('',(-0.,1.,0.));
#1059 = DIRECTION('',(0.,0.,1.));
#1060 = DEFINITIONAL_REPRESENTATION('',(#1061),#1065);
#1061 = LINE('',#1062,#1063);
#1062 = CARTESIAN_POINT('',(40.,0.));
#1063 = VECTOR('',#1064,1.);
#1064 = DIRECTION('',(0.,1.));
#1065 = ( GEOMETRIC_REPRESENTATION_CONTEXT(2) 
PARAMETRIC_REPRESENTATION_CONTEXT() REPRESENTATION_CONTEXT('2D SPACE',''
  ) );
#1066 = ORIENTED_EDGE('',*,*,#1067,.T.);
#1067 = EDGE_CURVE('',#1040,#1068,#1070,.T.);
#1068 = VERTEX_POINT('',#1069);
#1069 = CARTESIAN_POINT('',(-120.,25.,-32.));
#1070 = SURFACE_CURVE('',#1071,(#1075,#1082),.PCURVE_S1.);
#1071 = LINE('',#1072,#1073);
#1072 = CARTESIAN_POINT('',(-120.,5.,-32.));
#1073 = VECTOR('',#1074,1.);
#1074 = DIRECTION('',(-0.,1.,0.));
#1075 = PCURVE('',#102,#1076);
#1076 = DEFINITIONAL_REPRESENTATION('',(#1077),#1081);
#1077 = LINE('',#1078,#1079);
#1078 = CARTESIAN_POINT('',(680.,5.));
#1079 = VECTOR('',#1080,1.);
#1080 = DIRECTION('',(0.,1.));
#1081 = ( GEOMETRIC_REPRESENTATION_CONTEXT(2) 
PARAMETRIC_REPRESENTATION_CONTEXT() REPRESENTATION_CONTEXT('2D SPACE',''
  ) );
#1082 = PCURVE('',#1083,#1088);
#1083 = PLANE('',#1084);
#1084 = AXIS2_PLACEMENT_3D('',#1085,#1086,#1087);
#1085 = CARTESIAN_POINT('',(-120.,5.,-72.));
#1086 = DIRECTION('',(1.,0.,-0.));
#1087 = DIRECTION('',(0.,0.,1.));
#1088 = DEFINITIONAL_REPRESENTATION('',(#1089),#1093);
#1089 = LINE('',#1090,#1091);
#1090 = CARTESIAN_POINT('',(40.,0.));
#1091 = VECTOR('',#1092,1.);
#1092 = DIRECTION('',(0.,-1.));
#1093 = ( GEOMETRIC_REPRESENTATION_CONTEXT(2) 
PARAMETRIC_REPRESENTATION_CONTEXT() REPRESENTATION_CONTEXT('2D SPACE',''
  ) );
#1094 = ORIENTED_EDGE('',*,*,#1095,.F.);
#1095 = EDGE_CURVE('',#1096,#1068,#1098,.T.);
#1096 = VERTEX_POINT('',#1097);
#1097 = CARTESIAN_POINT('',(-760.,25.,-32.));
#1098 = SURFACE_CURVE('',#1099,(#1103,#1110),.PCURVE_S1.);
#1099 = LINE('',#1100,#1101);
#1100 = CARTESIAN_POINT('',(-800.,25.,-32.));
#1101 = VECTOR('',#1102,1.);
#1102 = DIRECTION('',(1.,0.,-0.));
#1103 = PCURVE('',#102,#1104);
#1104 = DEFINITIONAL_REPRESENTATION('',(#1105),#1109);
#1105 = LINE('',#1106,#1107);
#1106 = CARTESIAN_POINT('',(0.,25.));
#1107 = VECTOR('',#1108,1.);
#1108 = DIRECTION('',(1.,0.));
#1109 = ( GEOMETRIC_REPRESENTATION_CONTEXT(2) 
PARAMETRIC_REPRESENTATION_CONTEXT() REPRESENTATION_CONTEXT('2D SPACE',''
  ) );
#1110 = PCURVE('',#522,#1111);
#1111 = DEFINITIONAL_REPRESENTATION('',(#1112),#1116);
#1112 = LINE('',#1113,#1114);
#1113 = CARTESIAN_POINT('',(0.,0.));
#1114 = VECTOR('',#1115,1.);
#1115 = DIRECTION('',(0.,1.));
#1116 = ( GEOMETRIC_REPRESENTATION_CONTEXT(2) 
PARAMETRIC_REPRESENTATION_CONTEXT() REPRESENTATION_CONTEXT('2D SPACE',''
  ) );
#1117 = ORIENTED_EDGE('',*,*,#1118,.F.);
#1118 = EDGE_CURVE('',#1119,#1096,#1121,.T.);
#1119 = VERTEX_POINT('',#1120);
#1120 = CARTESIAN_POINT('',(-760.,5.,-32.));
#1121 = SURFACE_CURVE('',#1122,(#1126,#1133),.PCURVE_S1.);
#1122 = LINE('',#1123,#1124);
#1123 = CARTESIAN_POINT('',(-760.,5.,-32.));
#1124 = VECTOR('',#1125,1.);
#1125 = DIRECTION('',(-0.,1.,0.));
#1126 = PCURVE('',#102,#1127);
#1127 = DEFINITIONAL_REPRESENTATION('',(#1128),#1132);
#1128 = LINE('',#1129,#1130);
#1129 = CARTESIAN_POINT('',(40.,5.));
#1130 = VECTOR('',#1131,1.);
#1131 = DIRECTION('',(0.,1.));
#1132 = ( GEOMETRIC_REPRESENTATION_CONTEXT(2) 
PARAMETRIC_REPRESENTATION_CONTEXT() REPRESENTATION_CONTEXT('2D SPACE',''
  ) );
#1133 = PCURVE('',#1134,#1139);
#1134 = PLANE('',#1135);
#1135 = AXIS2_PLACEMENT_3D('',#1136,#1137,#1138);
#1136 = CARTESIAN_POINT('',(-760.,5.,-72.));
#1137 = DIRECTION('',(1.,0.,-0.));
#1138 = DIRECTION('',(0.,0.,1.));
#1139 = DEFINITIONAL_REPRESENTATION('',(#1140),#1144);
#1140 = LINE('',#1141,#1142);
#1141 = CARTESIAN_POINT('',(40.,0.));
#1142 = VECTOR('',#1143,1.);
#1143 = DIRECTION('',(0.,-1.));
#1144 = ( GEOMETRIC_REPRESENTATION_CONTEXT(2) 
PARAMETRIC_REPRESENTATION_CONTEXT() REPRESENTATION_CONTEXT('2D SPACE',''
  ) );
#1145 = ORIENTED_EDGE('',*,*,#1146,.F.);
#1146 = EDGE_CURVE('',#87,#1119,#1147,.T.);
#1147 = SURFACE_CURVE('',#1148,(#1152,#1159),.PCURVE_S1.);
#1148 = LINE('',#1149,#1150);
#1149 = CARTESIAN_POINT('',(-800.,5.,-32.));
#1150 = VECTOR('',#1151,1.);
#1151 = DIRECTION('',(1.,0.,-0.));
#1152 = PCURVE('',#102,#1153);
#1153 = DEFINITIONAL_REPRESENTATION('',(#1154),#1158);
#1154 = LINE('',#1155,#1156);
#1155 = CARTESIAN_POINT('',(0.,5.));
#1156 = VECTOR('',#1157,1.);
#1157 = DIRECTION('',(1.,0.));
#1158 = ( GEOMETRIC_REPRESENTATION_CONTEXT(2) 
PARAMETRIC_REPRESENTATION_CONTEXT() REPRESENTATION_CONTEXT('2D SPACE',''
  ) );
#1159 = PCURVE('',#130,#1160);
#1160 = DEFINITIONAL_REPRESENTATION('',(#1161),#1165);
#1161 = LINE('',#1162,#1163);
#1162 = CARTESIAN_POINT('',(40.,0.));
#1163 = VECTOR('',#1164,1.);
#1164 = DIRECTION('',(0.,1.));
#1165 = ( GEOMETRIC_REPRESENTATION_CONTEXT(2) 
PARAMETRIC_REPRESENTATION_CONTEXT() REPRESENTATION_CONTEXT('2D SPACE',''
  ) );
#1166 = ADVANCED_FACE('',(#1167),#660,.T.);
#1167 = FACE_BOUND('',#1168,.T.);
#1168 = EDGE_LOOP('',(#1169,#1170,#1171,#1194));
#1169 = ORIENTED_EDGE('',*,*,#646,.F.);
#1170 = ORIENTED_EDGE('',*,*,#939,.T.);
#1171 = ORIENTED_EDGE('',*,*,#1172,.T.);
#1172 = EDGE_CURVE('',#890,#1173,#1175,.T.);
#1173 = VERTEX_POINT('',#1174);
#1174 = CARTESIAN_POINT('',(-20.,25.,1.));
#1175 = SURFACE_CURVE('',#1176,(#1180,#1187),.PCURVE_S1.);
#1176 = LINE('',#1177,#1178);
#1177 = CARTESIAN_POINT('',(-20.,0.,1.));
#1178 = VECTOR('',#1179,1.);
#1179 = DIRECTION('',(0.,1.,0.));
#1180 = PCURVE('',#660,#1181);
#1181 = DEFINITIONAL_REPRESENTATION('',(#1182),#1186);
#1182 = LINE('',#1183,#1184);
#1183 = CARTESIAN_POINT('',(780.,0.));
#1184 = VECTOR('',#1185,1.);
#1185 = DIRECTION('',(0.,1.));
#1186 = ( GEOMETRIC_REPRESENTATION_CONTEXT(2) 
PARAMETRIC_REPRESENTATION_CONTEXT() REPRESENTATION_CONTEXT('2D SPACE',''
  ) );
#1187 = PCURVE('',#905,#1188);
#1188 = DEFINITIONAL_REPRESENTATION('',(#1189),#1193);
#1189 = LINE('',#1190,#1191);
#1190 = CARTESIAN_POINT('',(2.5,0.));
#1191 = VECTOR('',#1192,1.);
#1192 = DIRECTION('',(0.,-1.));
#1193 = ( GEOMETRIC_REPRESENTATION_CONTEXT(2) 
PARAMETRIC_REPRESENTATION_CONTEXT() REPRESENTATION_CONTEXT('2D SPACE',''
  ) );
#1194 = ORIENTED_EDGE('',*,*,#1195,.F.);
#1195 = EDGE_CURVE('',#619,#1173,#1196,.T.);
#1196 = SURFACE_CURVE('',#1197,(#1201,#1208),.PCURVE_S1.);
#1197 = LINE('',#1198,#1199);
#1198 = CARTESIAN_POINT('',(-800.,25.,1.));
#1199 = VECTOR('',#1200,1.);
#1200 = DIRECTION('',(1.,0.,-0.));
#1201 = PCURVE('',#660,#1202);
#1202 = DEFINITIONAL_REPRESENTATION('',(#1203),#1207);
#1203 = LINE('',#1204,#1205);
#1204 = CARTESIAN_POINT('',(0.,25.));
#1205 = VECTOR('',#1206,1.);
#1206 = DIRECTION('',(1.,0.));
#1207 = ( GEOMETRIC_REPRESENTATION_CONTEXT(2) 
PARAMETRIC_REPRESENTATION_CONTEXT() REPRESENTATION_CONTEXT('2D SPACE',''
  ) );
#1208 = PCURVE('',#634,#1209);
#1209 = DEFINITIONAL_REPRESENTATION('',(#1210),#1214);
#1210 = LINE('',#1211,#1212);
#1211 = CARTESIAN_POINT('',(2.5,0.));
#1212 = VECTOR('',#1213,1.);
#1213 = DIRECTION('',(0.,1.));
#1214 = ( GEOMETRIC_REPRESENTATION_CONTEXT(2) 
PARAMETRIC_REPRESENTATION_CONTEXT() REPRESENTATION_CONTEXT('2D SPACE',''
  ) );
#1215 = ADVANCED_FACE('',(#1216),#130,.F.);
#1216 = FACE_BOUND('',#1217,.F.);
#1217 = EDGE_LOOP('',(#1218,#1241,#1242,#1243));
#1218 = ORIENTED_EDGE('',*,*,#1219,.F.);
#1219 = EDGE_CURVE('',#115,#1220,#1222,.T.);
#1220 = VERTEX_POINT('',#1221);
#1221 = CARTESIAN_POINT('',(-760.,5.,-72.));
#1222 = SURFACE_CURVE('',#1223,(#1227,#1234),.PCURVE_S1.);
#1223 = LINE('',#1224,#1225);
#1224 = CARTESIAN_POINT('',(-800.,5.,-72.));
#1225 = VECTOR('',#1226,1.);
#1226 = DIRECTION('',(1.,0.,-0.));
#1227 = PCURVE('',#130,#1228);
#1228 = DEFINITIONAL_REPRESENTATION('',(#1229),#1233);
#1229 = LINE('',#1230,#1231);
#1230 = CARTESIAN_POINT('',(0.,0.));
#1231 = VECTOR('',#1232,1.);
#1232 = DIRECTION('',(0.,1.));
#1233 = ( GEOMETRIC_REPRESENTATION_CONTEXT(2) 
PARAMETRIC_REPRESENTATION_CONTEXT() REPRESENTATION_CONTEXT('2D SPACE',''
  ) );
#1234 = PCURVE('',#158,#1235);
#1235 = DEFINITIONAL_REPRESENTATION('',(#1236),#1240);
#1236 = LINE('',#1237,#1238);
#1237 = CARTESIAN_POINT('',(0.,0.));
#1238 = VECTOR('',#1239,1.);
#1239 = DIRECTION('',(1.,0.));
#1240 = ( GEOMETRIC_REPRESENTATION_CONTEXT(2) 
PARAMETRIC_REPRESENTATION_CONTEXT() REPRESENTATION_CONTEXT('2D SPACE',''
  ) );
#1241 = ORIENTED_EDGE('',*,*,#114,.T.);
#1242 = ORIENTED_EDGE('',*,*,#1146,.T.);
#1243 = ORIENTED_EDGE('',*,*,#1244,.F.);
#1244 = EDGE_CURVE('',#1220,#1119,#1245,.T.);
#1245 = SURFACE_CURVE('',#1246,(#1250,#1257),.PCURVE_S1.);
#1246 = LINE('',#1247,#1248);
#1247 = CARTESIAN_POINT('',(-760.,5.,-72.));
#1248 = VECTOR('',#1249,1.);
#1249 = DIRECTION('',(0.,0.,1.));
#1250 = PCURVE('',#130,#1251);
#1251 = DEFINITIONAL_REPRESENTATION('',(#1252),#1256);
#1252 = LINE('',#1253,#1254);
#1253 = CARTESIAN_POINT('',(0.,40.));
#1254 = VECTOR('',#1255,1.);
#1255 = DIRECTION('',(1.,0.));
#1256 = ( GEOMETRIC_REPRESENTATION_CONTEXT(2) 
PARAMETRIC_REPRESENTATION_CONTEXT() REPRESENTATION_CONTEXT('2D SPACE',''
  ) );
#1257 = PCURVE('',#1134,#1258);
#1258 = DEFINITIONAL_REPRESENTATION('',(#1259),#1263);
#1259 = LINE('',#1260,#1261);
#1260 = CARTESIAN_POINT('',(0.,0.));
#1261 = VECTOR('',#1262,1.);
#1262 = DIRECTION('',(1.,0.));
#1263 = ( GEOMETRIC_REPRESENTATION_CONTEXT(2) 
PARAMETRIC_REPRESENTATION_CONTEXT() REPRESENTATION_CONTEXT('2D SPACE',''
  ) );
#1264 = ADVANCED_FACE('',(#1265),#634,.T.);
#1265 = FACE_BOUND('',#1266,.T.);
#1266 = EDGE_LOOP('',(#1267,#1290,#1291,#1292));
#1267 = ORIENTED_EDGE('',*,*,#1268,.F.);
#1268 = EDGE_CURVE('',#591,#1269,#1271,.T.);
#1269 = VERTEX_POINT('',#1270);
#1270 = CARTESIAN_POINT('',(-20.,25.,-1.5));
#1271 = SURFACE_CURVE('',#1272,(#1276,#1283),.PCURVE_S1.);
#1272 = LINE('',#1273,#1274);
#1273 = CARTESIAN_POINT('',(-800.,25.,-1.5));
#1274 = VECTOR('',#1275,1.);
#1275 = DIRECTION('',(1.,0.,-0.));
#1276 = PCURVE('',#634,#1277);
#1277 = DEFINITIONAL_REPRESENTATION('',(#1278),#1282);
#1278 = LINE('',#1279,#1280);
#1279 = CARTESIAN_POINT('',(0.,0.));
#1280 = VECTOR('',#1281,1.);
#1281 = DIRECTION('',(0.,1.));
#1282 = ( GEOMETRIC_REPRESENTATION_CONTEXT(2) 
PARAMETRIC_REPRESENTATION_CONTEXT() REPRESENTATION_CONTEXT('2D SPACE',''
  ) );
#1283 = PCURVE('',#606,#1284);
#1284 = DEFINITIONAL_REPRESENTATION('',(#1285),#1289);
#1285 = LINE('',#1286,#1287);
#1286 = CARTESIAN_POINT('',(0.,25.));
#1287 = VECTOR('',#1288,1.);
#1288 = DIRECTION('',(1.,0.));
#1289 = ( GEOMETRIC_REPRESENTATION_CONTEXT(2) 
PARAMETRIC_REPRESENTATION_CONTEXT() REPRESENTATION_CONTEXT('2D SPACE',''
  ) );
#1290 = ORIENTED_EDGE('',*,*,#618,.T.);
#1291 = ORIENTED_EDGE('',*,*,#1195,.T.);
#1292 = ORIENTED_EDGE('',*,*,#1293,.F.);
#1293 = EDGE_CURVE('',#1269,#1173,#1294,.T.);
#1294 = SURFACE_CURVE('',#1295,(#1299,#1306),.PCURVE_S1.);
#1295 = LINE('',#1296,#1297);
#1296 = CARTESIAN_POINT('',(-20.,25.,-1.5));
#1297 = VECTOR('',#1298,1.);
#1298 = DIRECTION('',(0.,0.,1.));
#1299 = PCURVE('',#634,#1300);
#1300 = DEFINITIONAL_REPRESENTATION('',(#1301),#1305);
#1301 = LINE('',#1302,#1303);
#1302 = CARTESIAN_POINT('',(0.,780.));
#1303 = VECTOR('',#1304,1.);
#1304 = DIRECTION('',(1.,0.));
#1305 = ( GEOMETRIC_REPRESENTATION_CONTEXT(2) 
PARAMETRIC_REPRESENTATION_CONTEXT() REPRESENTATION_CONTEXT('2D SPACE',''
  ) );
#1306 = PCURVE('',#905,#1307);
#1307 = DEFINITIONAL_REPRESENTATION('',(#1308),#1312);
#1308 = LINE('',#1309,#1310);
#1309 = CARTESIAN_POINT('',(0.,-25.));
#1310 = VECTOR('',#1311,1.);
#1311 = DIRECTION('',(1.,0.));
#1312 = ( GEOMETRIC_REPRESENTATION_CONTEXT(2) 
PARAMETRIC_REPRESENTATION_CONTEXT() REPRESENTATION_CONTEXT('2D SPACE',''
  ) );
#1313 = ADVANCED_FACE('',(#1314),#214,.F.);
#1314 = FACE_BOUND('',#1315,.F.);
#1315 = EDGE_LOOP('',(#1316,#1342,#1365,#1386));
#1316 = ORIENTED_EDGE('',*,*,#1317,.T.);
#1317 = EDGE_CURVE('',#171,#1318,#1320,.T.);
#1318 = VERTEX_POINT('',#1319);
#1319 = CARTESIAN_POINT('',(-760.,1.948E+03,-72.));
#1320 = SURFACE_CURVE('',#1321,(#1325,#1331),.PCURVE_S1.);
#1321 = LINE('',#1322,#1323);
#1322 = CARTESIAN_POINT('',(-790.,1.948E+03,-72.));
#1323 = VECTOR('',#1324,1.);
#1324 = DIRECTION('',(1.,0.,-0.));
#1325 = PCURVE('',#214,#1326);
#1326 = DEFINITIONAL_REPRESENTATION('',(#1327),#1330);
#1327 = B_SPLINE_CURVE_WITH_KNOTS('',1,(#1328,#1329),.UNSPECIFIED.,.F.,
  .F.,(2,2),(-10.,30.),.PIECEWISE_BEZIER_KNOTS.);
#1328 = CARTESIAN_POINT('',(0.,1.943E+03));
#1329 = CARTESIAN_POINT('',(40.,1.943E+03));
#1330 = ( GEOMETRIC_REPRESENTATION_CONTEXT(2) 
PARAMETRIC_REPRESENTATION_CONTEXT() REPRESENTATION_CONTEXT('2D SPACE',''
  ) );
#1331 = PCURVE('',#1332,#1337);
#1332 = PLANE('',#1333);
#1333 = AXIS2_PLACEMENT_3D('',#1334,#1335,#1336);
#1334 = CARTESIAN_POINT('',(-780.,1.948E+03,-72.));
#1335 = DIRECTION('',(0.,-0.422618261741,-0.906307787037));
#1336 = DIRECTION('',(0.,-0.906307787037,0.422618261741));
#1337 = DEFINITIONAL_REPRESENTATION('',(#1338),#1341);
#1338 = B_SPLINE_CURVE_WITH_KNOTS('',1,(#1339,#1340),.UNSPECIFIED.,.F.,
  .F.,(2,2),(-10.,30.),.PIECEWISE_BEZIER_KNOTS.);
#1339 = CARTESIAN_POINT('',(2.060705326213E-13,20.));
#1340 = CARTESIAN_POINT('',(2.060705326213E-13,-20.));
#1341 = ( GEOMETRIC_REPRESENTATION_CONTEXT(2) 
PARAMETRIC_REPRESENTATION_CONTEXT() REPRESENTATION_CONTEXT('2D SPACE',''
  ) );
#1342 = ORIENTED_EDGE('',*,*,#1343,.F.);
#1343 = EDGE_CURVE('',#1344,#1318,#1346,.T.);
#1344 = VERTEX_POINT('',#1345);
#1345 = CARTESIAN_POINT('',(-760.,2.273E+03,-72.));
#1346 = SURFACE_CURVE('',#1347,(#1351,#1358),.PCURVE_S1.);
#1347 = LINE('',#1348,#1349);
#1348 = CARTESIAN_POINT('',(-760.,2.273E+03,-72.));
#1349 = VECTOR('',#1350,1.);
#1350 = DIRECTION('',(0.,-1.,0.));
#1351 = PCURVE('',#214,#1352);
#1352 = DEFINITIONAL_REPRESENTATION('',(#1353),#1357);
#1353 = LINE('',#1354,#1355);
#1354 = CARTESIAN_POINT('',(40.,2.268E+03));
#1355 = VECTOR('',#1356,1.);
#1356 = DIRECTION('',(0.,-1.));
#1357 = ( GEOMETRIC_REPRESENTATION_CONTEXT(2) 
PARAMETRIC_REPRESENTATION_CONTEXT() REPRESENTATION_CONTEXT('2D SPACE',''
  ) );
#1358 = PCURVE('',#1134,#1359);
#1359 = DEFINITIONAL_REPRESENTATION('',(#1360),#1364);
#1360 = LINE('',#1361,#1362);
#1361 = CARTESIAN_POINT('',(0.,-2.268E+03));
#1362 = VECTOR('',#1363,1.);
#1363 = DIRECTION('',(0.,1.));
#1364 = ( GEOMETRIC_REPRESENTATION_CONTEXT(2) 
PARAMETRIC_REPRESENTATION_CONTEXT() REPRESENTATION_CONTEXT('2D SPACE',''
  ) );
#1365 = ORIENTED_EDGE('',*,*,#1366,.F.);
#1366 = EDGE_CURVE('',#199,#1344,#1367,.T.);
#1367 = SURFACE_CURVE('',#1368,(#1372,#1379),.PCURVE_S1.);
#1368 = LINE('',#1369,#1370);
#1369 = CARTESIAN_POINT('',(-800.,2.273E+03,-72.));
#1370 = VECTOR('',#1371,1.);
#1371 = DIRECTION('',(1.,0.,-0.));
#1372 = PCURVE('',#214,#1373);
#1373 = DEFINITIONAL_REPRESENTATION('',(#1374),#1378);
#1374 = LINE('',#1375,#1376);
#1375 = CARTESIAN_POINT('',(0.,2.268E+03));
#1376 = VECTOR('',#1377,1.);
#1377 = DIRECTION('',(1.,0.));
#1378 = ( GEOMETRIC_REPRESENTATION_CONTEXT(2) 
PARAMETRIC_REPRESENTATION_CONTEXT() REPRESENTATION_CONTEXT('2D SPACE',''
  ) );
#1379 = PCURVE('',#242,#1380);
#1380 = DEFINITIONAL_REPRESENTATION('',(#1381),#1385);
#1381 = LINE('',#1382,#1383);
#1382 = CARTESIAN_POINT('',(0.,0.));
#1383 = VECTOR('',#1384,1.);
#1384 = DIRECTION('',(0.,1.));
#1385 = ( GEOMETRIC_REPRESENTATION_CONTEXT(2) 
PARAMETRIC_REPRESENTATION_CONTEXT() REPRESENTATION_CONTEXT('2D SPACE',''
  ) );
#1386 = ORIENTED_EDGE('',*,*,#198,.T.);
#1387 = ADVANCED_FACE('',(#1388),#186,.F.);
#1388 = FACE_BOUND('',#1389,.F.);
#1389 = EDGE_LOOP('',(#1390,#1416,#1437,#1472,#1500));
#1390 = ORIENTED_EDGE('',*,*,#1391,.T.);
#1391 = EDGE_CURVE('',#143,#1392,#1394,.T.);
#1392 = VERTEX_POINT('',#1393);
#1393 = CARTESIAN_POINT('',(-760.,300.,-72.));
#1394 = SURFACE_CURVE('',#1395,(#1399,#1405),.PCURVE_S1.);
#1395 = LINE('',#1396,#1397);
#1396 = CARTESIAN_POINT('',(-790.,300.,-72.));
#1397 = VECTOR('',#1398,1.);
#1398 = DIRECTION('',(1.,0.,-0.));
#1399 = PCURVE('',#186,#1400);
#1400 = DEFINITIONAL_REPRESENTATION('',(#1401),#1404);
#1401 = B_SPLINE_CURVE_WITH_KNOTS('',1,(#1402,#1403),.UNSPECIFIED.,.F.,
  .F.,(2,2),(-10.,30.),.PIECEWISE_BEZIER_KNOTS.);
#1402 = CARTESIAN_POINT('',(0.,295.));
#1403 = CARTESIAN_POINT('',(40.,295.));
#1404 = ( GEOMETRIC_REPRESENTATION_CONTEXT(2) 
PARAMETRIC_REPRESENTATION_CONTEXT() REPRESENTATION_CONTEXT('2D SPACE',''
  ) );
#1405 = PCURVE('',#1406,#1411);
#1406 = PLANE('',#1407);
#1407 = AXIS2_PLACEMENT_3D('',#1408,#1409,#1410);
#1408 = CARTESIAN_POINT('',(-780.,300.,-72.));
#1409 = DIRECTION('',(0.,-0.422618261741,-0.906307787037));
#1410 = DIRECTION('',(0.,-0.906307787037,0.422618261741));
#1411 = DEFINITIONAL_REPRESENTATION('',(#1412),#1415);
#1412 = B_SPLINE_CURVE_WITH_KNOTS('',1,(#1413,#1414),.UNSPECIFIED.,.F.,
  .F.,(2,2),(-10.,30.),.PIECEWISE_BEZIER_KNOTS.);
#1413 = CARTESIAN_POINT('',(0.,20.));
#1414 = CARTESIAN_POINT('',(0.,-20.));
#1415 = ( GEOMETRIC_REPRESENTATION_CONTEXT(2) 
PARAMETRIC_REPRESENTATION_CONTEXT() REPRESENTATION_CONTEXT('2D SPACE',''
  ) );
#1416 = ORIENTED_EDGE('',*,*,#1417,.F.);
#1417 = EDGE_CURVE('',#1318,#1392,#1418,.T.);
#1418 = SURFACE_CURVE('',#1419,(#1423,#1430),.PCURVE_S1.);
#1419 = LINE('',#1420,#1421);
#1420 = CARTESIAN_POINT('',(-760.,2.273E+03,-72.));
#1421 = VECTOR('',#1422,1.);
#1422 = DIRECTION('',(0.,-1.,0.));
#1423 = PCURVE('',#186,#1424);
#1424 = DEFINITIONAL_REPRESENTATION('',(#1425),#1429);
#1425 = LINE('',#1426,#1427);
#1426 = CARTESIAN_POINT('',(40.,2.268E+03));
#1427 = VECTOR('',#1428,1.);
#1428 = DIRECTION('',(0.,-1.));
#1429 = ( GEOMETRIC_REPRESENTATION_CONTEXT(2) 
PARAMETRIC_REPRESENTATION_CONTEXT() REPRESENTATION_CONTEXT('2D SPACE',''
  ) );
#1430 = PCURVE('',#1134,#1431);
#1431 = DEFINITIONAL_REPRESENTATION('',(#1432),#1436);
#1432 = LINE('',#1433,#1434);
#1433 = CARTESIAN_POINT('',(0.,-2.268E+03));
#1434 = VECTOR('',#1435,1.);
#1435 = DIRECTION('',(0.,1.));
#1436 = ( GEOMETRIC_REPRESENTATION_CONTEXT(2) 
PARAMETRIC_REPRESENTATION_CONTEXT() REPRESENTATION_CONTEXT('2D SPACE',''
  ) );
#1437 = ORIENTED_EDGE('',*,*,#1438,.F.);
#1438 = EDGE_CURVE('',#1439,#1318,#1441,.T.);
#1439 = VERTEX_POINT('',#1440);
#1440 = CARTESIAN_POINT('',(-780.,1.925932441621E+03,-72.));
#1441 = SURFACE_CURVE('',#1442,(#1447,#1454),.PCURVE_S1.);
#1442 = ELLIPSE('',#1443,22.06755837925,20.);
#1443 = AXIS2_PLACEMENT_3D('',#1444,#1445,#1446);
#1444 = CARTESIAN_POINT('',(-780.,1.948E+03,-72.));
#1445 = DIRECTION('',(0.,0.,1.));
#1446 = DIRECTION('',(0.,-1.,0.));
#1447 = PCURVE('',#186,#1448);
#1448 = DEFINITIONAL_REPRESENTATION('',(#1449),#1453);
#1449 = ELLIPSE('',#1450,22.06755837925,20.);
#1450 = AXIS2_PLACEMENT_2D('',#1451,#1452);
#1451 = CARTESIAN_POINT('',(20.,1.943E+03));
#1452 = DIRECTION('',(0.,-1.));
#1453 = ( GEOMETRIC_REPRESENTATION_CONTEXT(2) 
PARAMETRIC_REPRESENTATION_CONTEXT() REPRESENTATION_CONTEXT('2D SPACE',''
  ) );
#1454 = PCURVE('',#1455,#1460);
#1455 = CYLINDRICAL_SURFACE('',#1456,20.);
#1456 = AXIS2_PLACEMENT_3D('',#1457,#1458,#1459);
#1457 = CARTESIAN_POINT('',(-780.,1.948E+03,-72.));
#1458 = DIRECTION('',(0.,-0.422618261741,-0.906307787037));
#1459 = DIRECTION('',(0.,-0.906307787037,0.422618261741));
#1460 = DEFINITIONAL_REPRESENTATION('',(#1461),#1471);
#1461 = B_SPLINE_CURVE_WITH_KNOTS('',8,(#1462,#1463,#1464,#1465,#1466,
    #1467,#1468,#1469,#1470),.UNSPECIFIED.,.F.,.F.,(9,9),(0.,
    1.570796584136),.PIECEWISE_BEZIER_KNOTS.);
#1462 = CARTESIAN_POINT('',(6.28318530718,9.3261531631));
#1463 = CARTESIAN_POINT('',(6.086835734163,9.3261531631));
#1464 = CARTESIAN_POINT('',(5.890486161147,8.915235483128));
#1465 = CARTESIAN_POINT('',(5.694136588128,8.093403613933));
#1466 = CARTESIAN_POINT('',(5.497787015115,6.894439549364));
#1467 = CARTESIAN_POINT('',(5.301437442094,5.385975892106));
#1468 = CARTESIAN_POINT('',(5.105087869079,3.662370523456));
#1469 = CARTESIAN_POINT('',(4.908738296061,1.831183791465));
#1470 = CARTESIAN_POINT('',(4.712388723044,-2.399999971203E-06));
#1471 = ( GEOMETRIC_REPRESENTATION_CONTEXT(2) 
PARAMETRIC_REPRESENTATION_CONTEXT() REPRESENTATION_CONTEXT('2D SPACE',''
  ) );
#1472 = ORIENTED_EDGE('',*,*,#1473,.F.);
#1473 = EDGE_CURVE('',#171,#1439,#1474,.T.);
#1474 = SURFACE_CURVE('',#1475,(#1480,#1487),.PCURVE_S1.);
#1475 = ELLIPSE('',#1476,22.06755837925,20.);
#1476 = AXIS2_PLACEMENT_3D('',#1477,#1478,#1479);
#1477 = CARTESIAN_POINT('',(-780.,1.948E+03,-72.));
#1478 = DIRECTION('',(0.,0.,1.));
#1479 = DIRECTION('',(0.,-1.,0.));
#1480 = PCURVE('',#186,#1481);
#1481 = DEFINITIONAL_REPRESENTATION('',(#1482),#1486);
#1482 = ELLIPSE('',#1483,22.06755837925,20.);
#1483 = AXIS2_PLACEMENT_2D('',#1484,#1485);
#1484 = CARTESIAN_POINT('',(20.,1.943E+03));
#1485 = DIRECTION('',(0.,-1.));
#1486 = ( GEOMETRIC_REPRESENTATION_CONTEXT(2) 
PARAMETRIC_REPRESENTATION_CONTEXT() REPRESENTATION_CONTEXT('2D SPACE',''
  ) );
#1487 = PCURVE('',#1455,#1488);
#1488 = DEFINITIONAL_REPRESENTATION('',(#1489),#1499);
#1489 = B_SPLINE_CURVE_WITH_KNOTS('',8,(#1490,#1491,#1492,#1493,#1494,
    #1495,#1496,#1497,#1498),.UNSPECIFIED.,.F.,.F.,(9,9),(4.712388723044
    ,6.28318530718),.PIECEWISE_BEZIER_KNOTS.);
#1490 = CARTESIAN_POINT('',(1.570796584136,-2.399999971203E-06));
#1491 = CARTESIAN_POINT('',(1.374447011119,1.831183791465));
#1492 = CARTESIAN_POINT('',(1.178097438102,3.662370523462));
#1493 = CARTESIAN_POINT('',(0.981747865081,5.385975892106));
#1494 = CARTESIAN_POINT('',(0.78539829207,6.894439549375));
#1495 = CARTESIAN_POINT('',(0.589048719048,8.093403613941));
#1496 = CARTESIAN_POINT('',(0.392699146034,8.915235483131));
#1497 = CARTESIAN_POINT('',(0.196349573017,9.3261531631));
#1498 = CARTESIAN_POINT('',(0.,9.3261531631));
#1499 = ( GEOMETRIC_REPRESENTATION_CONTEXT(2) 
PARAMETRIC_REPRESENTATION_CONTEXT() REPRESENTATION_CONTEXT('2D SPACE',''
  ) );
#1500 = ORIENTED_EDGE('',*,*,#170,.T.);
#1501 = ADVANCED_FACE('',(#1502),#158,.F.);
#1502 = FACE_BOUND('',#1503,.F.);
#1503 = EDGE_LOOP('',(#1504,#1505,#1526,#1561,#1589));
#1504 = ORIENTED_EDGE('',*,*,#1219,.T.);
#1505 = ORIENTED_EDGE('',*,*,#1506,.F.);
#1506 = EDGE_CURVE('',#1392,#1220,#1507,.T.);
#1507 = SURFACE_CURVE('',#1508,(#1512,#1519),.PCURVE_S1.);
#1508 = LINE('',#1509,#1510);
#1509 = CARTESIAN_POINT('',(-760.,2.273E+03,-72.));
#1510 = VECTOR('',#1511,1.);
#1511 = DIRECTION('',(0.,-1.,0.));
#1512 = PCURVE('',#158,#1513);
#1513 = DEFINITIONAL_REPRESENTATION('',(#1514),#1518);
#1514 = LINE('',#1515,#1516);
#1515 = CARTESIAN_POINT('',(40.,2.268E+03));
#1516 = VECTOR('',#1517,1.);
#1517 = DIRECTION('',(0.,-1.));
#1518 = ( GEOMETRIC_REPRESENTATION_CONTEXT(2) 
PARAMETRIC_REPRESENTATION_CONTEXT() REPRESENTATION_CONTEXT('2D SPACE',''
  ) );
#1519 = PCURVE('',#1134,#1520);
#1520 = DEFINITIONAL_REPRESENTATION('',(#1521),#1525);
#1521 = LINE('',#1522,#1523);
#1522 = CARTESIAN_POINT('',(0.,-2.268E+03));
#1523 = VECTOR('',#1524,1.);
#1524 = DIRECTION('',(0.,1.));
#1525 = ( GEOMETRIC_REPRESENTATION_CONTEXT(2) 
PARAMETRIC_REPRESENTATION_CONTEXT() REPRESENTATION_CONTEXT('2D SPACE',''
  ) );
#1526 = ORIENTED_EDGE('',*,*,#1527,.F.);
#1527 = EDGE_CURVE('',#1528,#1392,#1530,.T.);
#1528 = VERTEX_POINT('',#1529);
#1529 = CARTESIAN_POINT('',(-780.,277.93244162075,-72.));
#1530 = SURFACE_CURVE('',#1531,(#1536,#1543),.PCURVE_S1.);
#1531 = ELLIPSE('',#1532,22.06755837925,20.);
#1532 = AXIS2_PLACEMENT_3D('',#1533,#1534,#1535);
#1533 = CARTESIAN_POINT('',(-780.,300.,-72.));
#1534 = DIRECTION('',(0.,0.,1.));
#1535 = DIRECTION('',(0.,-1.,0.));
#1536 = PCURVE('',#158,#1537);
#1537 = DEFINITIONAL_REPRESENTATION('',(#1538),#1542);
#1538 = ELLIPSE('',#1539,22.06755837925,20.);
#1539 = AXIS2_PLACEMENT_2D('',#1540,#1541);
#1540 = CARTESIAN_POINT('',(20.,295.));
#1541 = DIRECTION('',(0.,-1.));
#1542 = ( GEOMETRIC_REPRESENTATION_CONTEXT(2) 
PARAMETRIC_REPRESENTATION_CONTEXT() REPRESENTATION_CONTEXT('2D SPACE',''
  ) );
#1543 = PCURVE('',#1544,#1549);
#1544 = CYLINDRICAL_SURFACE('',#1545,20.);
#1545 = AXIS2_PLACEMENT_3D('',#1546,#1547,#1548);
#1546 = CARTESIAN_POINT('',(-780.,300.,-72.));
#1547 = DIRECTION('',(0.,-0.422618261741,-0.906307787037));
#1548 = DIRECTION('',(0.,-0.906307787037,0.422618261741));
#1549 = DEFINITIONAL_REPRESENTATION('',(#1550),#1560);
#1550 = B_SPLINE_CURVE_WITH_KNOTS('',8,(#1551,#1552,#1553,#1554,#1555,
    #1556,#1557,#1558,#1559),.UNSPECIFIED.,.F.,.F.,(9,9),(0.,
    1.570796584136),.PIECEWISE_BEZIER_KNOTS.);
#1551 = CARTESIAN_POINT('',(6.28318530718,9.3261531631));
#1552 = CARTESIAN_POINT('',(6.086835734163,9.3261531631));
#1553 = CARTESIAN_POINT('',(5.890486161146,8.915235483121));
#1554 = CARTESIAN_POINT('',(5.694136588129,8.093403613959));
#1555 = CARTESIAN_POINT('',(5.497787015114,6.894439549294));
#1556 = CARTESIAN_POINT('',(5.301437442093,5.38597589215));
#1557 = CARTESIAN_POINT('',(5.105087869078,3.662370523455));
#1558 = CARTESIAN_POINT('',(4.908738296061,1.831183791465));
#1559 = CARTESIAN_POINT('',(4.712388723044,-2.399999999625E-06));
#1560 = ( GEOMETRIC_REPRESENTATION_CONTEXT(2) 
PARAMETRIC_REPRESENTATION_CONTEXT() REPRESENTATION_CONTEXT('2D SPACE',''
  ) );
#1561 = ORIENTED_EDGE('',*,*,#1562,.F.);
#1562 = EDGE_CURVE('',#143,#1528,#1563,.T.);
#1563 = SURFACE_CURVE('',#1564,(#1569,#1576),.PCURVE_S1.);
#1564 = ELLIPSE('',#1565,22.06755837925,20.);
#1565 = AXIS2_PLACEMENT_3D('',#1566,#1567,#1568);
#1566 = CARTESIAN_POINT('',(-780.,300.,-72.));
#1567 = DIRECTION('',(0.,0.,1.));
#1568 = DIRECTION('',(0.,-1.,0.));
#1569 = PCURVE('',#158,#1570);
#1570 = DEFINITIONAL_REPRESENTATION('',(#1571),#1575);
#1571 = ELLIPSE('',#1572,22.06755837925,20.);
#1572 = AXIS2_PLACEMENT_2D('',#1573,#1574);
#1573 = CARTESIAN_POINT('',(20.,295.));
#1574 = DIRECTION('',(0.,-1.));
#1575 = ( GEOMETRIC_REPRESENTATION_CONTEXT(2) 
PARAMETRIC_REPRESENTATION_CONTEXT() REPRESENTATION_CONTEXT('2D SPACE',''
  ) );
#1576 = PCURVE('',#1544,#1577);
#1577 = DEFINITIONAL_REPRESENTATION('',(#1578),#1588);
#1578 = B_SPLINE_CURVE_WITH_KNOTS('',8,(#1579,#1580,#1581,#1582,#1583,
    #1584,#1585,#1586,#1587),.UNSPECIFIED.,.F.,.F.,(9,9),(4.712388723044
    ,6.28318530718),.PIECEWISE_BEZIER_KNOTS.);
#1579 = CARTESIAN_POINT('',(1.570796584136,-2.399999999625E-06));
#1580 = CARTESIAN_POINT('',(1.374447011119,1.831183791465));
#1581 = CARTESIAN_POINT('',(1.178097438102,3.662370523453));
#1582 = CARTESIAN_POINT('',(0.981747865085,5.385975892139));
#1583 = CARTESIAN_POINT('',(0.785398292065,6.894439549338));
#1584 = CARTESIAN_POINT('',(0.58904871905,8.093403613948));
#1585 = CARTESIAN_POINT('',(0.392699146034,8.915235483122));
#1586 = CARTESIAN_POINT('',(0.196349573017,9.3261531631));
#1587 = CARTESIAN_POINT('',(0.,9.3261531631));
#1588 = ( GEOMETRIC_REPRESENTATION_CONTEXT(2) 
PARAMETRIC_REPRESENTATION_CONTEXT() REPRESENTATION_CONTEXT('2D SPACE',''
  ) );
#1589 = ORIENTED_EDGE('',*,*,#142,.T.);
#1590 = ADVANCED_FACE('',(#1591),#606,.F.);
#1591 = FACE_BOUND('',#1592,.F.);
#1592 = EDGE_LOOP('',(#1593,#1594,#1615,#1636));
#1593 = ORIENTED_EDGE('',*,*,#590,.F.);
#1594 = ORIENTED_EDGE('',*,*,#1595,.F.);
#1595 = EDGE_CURVE('',#1596,#563,#1598,.T.);
#1596 = VERTEX_POINT('',#1597);
#1597 = CARTESIAN_POINT('',(-20.,2.5,-1.5));
#1598 = SURFACE_CURVE('',#1599,(#1603,#1609),.PCURVE_S1.);
#1599 = LINE('',#1600,#1601);
#1600 = CARTESIAN_POINT('',(-800.,2.5,-1.5));
#1601 = VECTOR('',#1602,1.);
#1602 = DIRECTION('',(-1.,-0.,0.));
#1603 = PCURVE('',#606,#1604);
#1604 = DEFINITIONAL_REPRESENTATION('',(#1605),#1608);
#1605 = B_SPLINE_CURVE_WITH_KNOTS('',1,(#1606,#1607),.UNSPECIFIED.,.F.,
  .F.,(2,2),(-780.,0.),.PIECEWISE_BEZIER_KNOTS.);
#1606 = CARTESIAN_POINT('',(780.,2.5));
#1607 = CARTESIAN_POINT('',(0.,2.5));
#1608 = ( GEOMETRIC_REPRESENTATION_CONTEXT(2) 
PARAMETRIC_REPRESENTATION_CONTEXT() REPRESENTATION_CONTEXT('2D SPACE',''
  ) );
#1609 = PCURVE('',#578,#1610);
#1610 = DEFINITIONAL_REPRESENTATION('',(#1611),#1614);
#1611 = B_SPLINE_CURVE_WITH_KNOTS('',1,(#1612,#1613),.UNSPECIFIED.,.F.,
  .F.,(2,2),(-780.,0.),.PIECEWISE_BEZIER_KNOTS.);
#1612 = CARTESIAN_POINT('',(30.5,780.));
#1613 = CARTESIAN_POINT('',(30.5,0.));
#1614 = ( GEOMETRIC_REPRESENTATION_CONTEXT(2) 
PARAMETRIC_REPRESENTATION_CONTEXT() REPRESENTATION_CONTEXT('2D SPACE',''
  ) );
#1615 = ORIENTED_EDGE('',*,*,#1616,.T.);
#1616 = EDGE_CURVE('',#1596,#1269,#1617,.T.);
#1617 = SURFACE_CURVE('',#1618,(#1622,#1629),.PCURVE_S1.);
#1618 = LINE('',#1619,#1620);
#1619 = CARTESIAN_POINT('',(-20.,0.,-1.5));
#1620 = VECTOR('',#1621,1.);
#1621 = DIRECTION('',(-0.,1.,0.));
#1622 = PCURVE('',#606,#1623);
#1623 = DEFINITIONAL_REPRESENTATION('',(#1624),#1628);
#1624 = LINE('',#1625,#1626);
#1625 = CARTESIAN_POINT('',(780.,0.));
#1626 = VECTOR('',#1627,1.);
#1627 = DIRECTION('',(0.,1.));
#1628 = ( GEOMETRIC_REPRESENTATION_CONTEXT(2) 
PARAMETRIC_REPRESENTATION_CONTEXT() REPRESENTATION_CONTEXT('2D SPACE',''
  ) );
#1629 = PCURVE('',#905,#1630);
#1630 = DEFINITIONAL_REPRESENTATION('',(#1631),#1635);
#1631 = LINE('',#1632,#1633);
#1632 = CARTESIAN_POINT('',(0.,0.));
#1633 = VECTOR('',#1634,1.);
#1634 = DIRECTION('',(0.,-1.));
#1635 = ( GEOMETRIC_REPRESENTATION_CONTEXT(2) 
PARAMETRIC_REPRESENTATION_CONTEXT() REPRESENTATION_CONTEXT('2D SPACE',''
  ) );
#1636 = ORIENTED_EDGE('',*,*,#1268,.F.);
#1637 = ADVANCED_FACE('',(#1638),#242,.T.);
#1638 = FACE_BOUND('',#1639,.T.);
#1639 = EDGE_LOOP('',(#1640,#1641,#1642,#1665));
#1640 = ORIENTED_EDGE('',*,*,#1366,.F.);
#1641 = ORIENTED_EDGE('',*,*,#226,.T.);
#1642 = ORIENTED_EDGE('',*,*,#1643,.T.);
#1643 = EDGE_CURVE('',#227,#1644,#1646,.T.);
#1644 = VERTEX_POINT('',#1645);
#1645 = CARTESIAN_POINT('',(-760.,2.273E+03,-32.));
#1646 = SURFACE_CURVE('',#1647,(#1651,#1658),.PCURVE_S1.);
#1647 = LINE('',#1648,#1649);
#1648 = CARTESIAN_POINT('',(-800.,2.273E+03,-32.));
#1649 = VECTOR('',#1650,1.);
#1650 = DIRECTION('',(1.,0.,-0.));
#1651 = PCURVE('',#242,#1652);
#1652 = DEFINITIONAL_REPRESENTATION('',(#1653),#1657);
#1653 = LINE('',#1654,#1655);
#1654 = CARTESIAN_POINT('',(40.,0.));
#1655 = VECTOR('',#1656,1.);
#1656 = DIRECTION('',(0.,1.));
#1657 = ( GEOMETRIC_REPRESENTATION_CONTEXT(2) 
PARAMETRIC_REPRESENTATION_CONTEXT() REPRESENTATION_CONTEXT('2D SPACE',''
  ) );
#1658 = PCURVE('',#270,#1659);
#1659 = DEFINITIONAL_REPRESENTATION('',(#1660),#1664);
#1660 = LINE('',#1661,#1662);
#1661 = CARTESIAN_POINT('',(-0.,5.));
#1662 = VECTOR('',#1663,1.);
#1663 = DIRECTION('',(-1.,0.));
#1664 = ( GEOMETRIC_REPRESENTATION_CONTEXT(2) 
PARAMETRIC_REPRESENTATION_CONTEXT() REPRESENTATION_CONTEXT('2D SPACE',''
  ) );
#1665 = ORIENTED_EDGE('',*,*,#1666,.F.);
#1666 = EDGE_CURVE('',#1344,#1644,#1667,.T.);
#1667 = SURFACE_CURVE('',#1668,(#1672,#1679),.PCURVE_S1.);
#1668 = LINE('',#1669,#1670);
#1669 = CARTESIAN_POINT('',(-760.,2.273E+03,-72.));
#1670 = VECTOR('',#1671,1.);
#1671 = DIRECTION('',(0.,0.,1.));
#1672 = PCURVE('',#242,#1673);
#1673 = DEFINITIONAL_REPRESENTATION('',(#1674),#1678);
#1674 = LINE('',#1675,#1676);
#1675 = CARTESIAN_POINT('',(0.,40.));
#1676 = VECTOR('',#1677,1.);
#1677 = DIRECTION('',(1.,0.));
#1678 = ( GEOMETRIC_REPRESENTATION_CONTEXT(2) 
PARAMETRIC_REPRESENTATION_CONTEXT() REPRESENTATION_CONTEXT('2D SPACE',''
  ) );
#1679 = PCURVE('',#1134,#1680);
#1680 = DEFINITIONAL_REPRESENTATION('',(#1681),#1685);
#1681 = LINE('',#1682,#1683);
#1682 = CARTESIAN_POINT('',(0.,-2.268E+03));
#1683 = VECTOR('',#1684,1.);
#1684 = DIRECTION('',(1.,0.));
#1685 = ( GEOMETRIC_REPRESENTATION_CONTEXT(2) 
PARAMETRIC_REPRESENTATION_CONTEXT() REPRESENTATION_CONTEXT('2D SPACE',''
  ) );
#1686 = ADVANCED_FACE('',(#1687),#578,.T.);
#1687 = FACE_BOUND('',#1688,.T.);
#1688 = EDGE_LOOP('',(#1689,#1712,#1731,#1732));
#1689 = ORIENTED_EDGE('',*,*,#1690,.F.);
#1690 = EDGE_CURVE('',#1691,#1596,#1693,.T.);
#1691 = VERTEX_POINT('',#1692);
#1692 = CARTESIAN_POINT('',(-20.,2.5,-29.5));
#1693 = SURFACE_CURVE('',#1694,(#1698,#1705),.PCURVE_S1.);
#1694 = LINE('',#1695,#1696);
#1695 = CARTESIAN_POINT('',(-20.,2.5,-32.));
#1696 = VECTOR('',#1697,1.);
#1697 = DIRECTION('',(0.,0.,1.));
#1698 = PCURVE('',#578,#1699);
#1699 = DEFINITIONAL_REPRESENTATION('',(#1700),#1704);
#1700 = LINE('',#1701,#1702);
#1701 = CARTESIAN_POINT('',(0.,780.));
#1702 = VECTOR('',#1703,1.);
#1703 = DIRECTION('',(1.,0.));
#1704 = ( GEOMETRIC_REPRESENTATION_CONTEXT(2) 
PARAMETRIC_REPRESENTATION_CONTEXT() REPRESENTATION_CONTEXT('2D SPACE',''
  ) );
#1705 = PCURVE('',#905,#1706);
#1706 = DEFINITIONAL_REPRESENTATION('',(#1707),#1711);
#1707 = LINE('',#1708,#1709);
#1708 = CARTESIAN_POINT('',(-30.5,-2.5));
#1709 = VECTOR('',#1710,1.);
#1710 = DIRECTION('',(1.,0.));
#1711 = ( GEOMETRIC_REPRESENTATION_CONTEXT(2) 
PARAMETRIC_REPRESENTATION_CONTEXT() REPRESENTATION_CONTEXT('2D SPACE',''
  ) );
#1712 = ORIENTED_EDGE('',*,*,#1713,.F.);
#1713 = EDGE_CURVE('',#535,#1691,#1714,.T.);
#1714 = SURFACE_CURVE('',#1715,(#1719,#1725),.PCURVE_S1.);
#1715 = LINE('',#1716,#1717);
#1716 = CARTESIAN_POINT('',(-800.,2.5,-29.5));
#1717 = VECTOR('',#1718,1.);
#1718 = DIRECTION('',(1.,0.,-0.));
#1719 = PCURVE('',#578,#1720);
#1720 = DEFINITIONAL_REPRESENTATION('',(#1721),#1724);
#1721 = B_SPLINE_CURVE_WITH_KNOTS('',1,(#1722,#1723),.UNSPECIFIED.,.F.,
  .F.,(2,2),(0.,780.),.PIECEWISE_BEZIER_KNOTS.);
#1722 = CARTESIAN_POINT('',(2.5,0.));
#1723 = CARTESIAN_POINT('',(2.5,780.));
#1724 = ( GEOMETRIC_REPRESENTATION_CONTEXT(2) 
PARAMETRIC_REPRESENTATION_CONTEXT() REPRESENTATION_CONTEXT('2D SPACE',''
  ) );
#1725 = PCURVE('',#550,#1726);
#1726 = DEFINITIONAL_REPRESENTATION('',(#1727),#1730);
#1727 = B_SPLINE_CURVE_WITH_KNOTS('',1,(#1728,#1729),.UNSPECIFIED.,.F.,
  .F.,(2,2),(0.,780.),.PIECEWISE_BEZIER_KNOTS.);
#1728 = CARTESIAN_POINT('',(0.,2.5));
#1729 = CARTESIAN_POINT('',(780.,2.5));
#1730 = ( GEOMETRIC_REPRESENTATION_CONTEXT(2) 
PARAMETRIC_REPRESENTATION_CONTEXT() REPRESENTATION_CONTEXT('2D SPACE',''
  ) );
#1731 = ORIENTED_EDGE('',*,*,#562,.T.);
#1732 = ORIENTED_EDGE('',*,*,#1595,.F.);
#1733 = ADVANCED_FACE('',(#1734),#270,.F.);
#1734 = FACE_BOUND('',#1735,.T.);
#1735 = EDGE_LOOP('',(#1736,#1737,#1760,#1788,#1811,#1834,#1862,#1885,
    #1908,#1929));
#1736 = ORIENTED_EDGE('',*,*,#254,.T.);
#1737 = ORIENTED_EDGE('',*,*,#1738,.T.);
#1738 = EDGE_CURVE('',#255,#1739,#1741,.T.);
#1739 = VERTEX_POINT('',#1740);
#1740 = CARTESIAN_POINT('',(-20.,2.278E+03,-32.));
#1741 = SURFACE_CURVE('',#1742,(#1746,#1753),.PCURVE_S1.);
#1742 = LINE('',#1743,#1744);
#1743 = CARTESIAN_POINT('',(-800.,2.278E+03,-32.));
#1744 = VECTOR('',#1745,1.);
#1745 = DIRECTION('',(1.,-0.,-0.));
#1746 = PCURVE('',#270,#1747);
#1747 = DEFINITIONAL_REPRESENTATION('',(#1748),#1752);
#1748 = LINE('',#1749,#1750);
#1749 = CARTESIAN_POINT('',(-0.,0.));
#1750 = VECTOR('',#1751,1.);
#1751 = DIRECTION('',(-1.,-0.));
#1752 = ( GEOMETRIC_REPRESENTATION_CONTEXT(2) 
PARAMETRIC_REPRESENTATION_CONTEXT() REPRESENTATION_CONTEXT('2D SPACE',''
  ) );
#1753 = PCURVE('',#298,#1754);
#1754 = DEFINITIONAL_REPRESENTATION('',(#1755),#1759);
#1755 = LINE('',#1756,#1757);
#1756 = CARTESIAN_POINT('',(30.5,-0.));
#1757 = VECTOR('',#1758,1.);
#1758 = DIRECTION('',(0.,1.));
#1759 = ( GEOMETRIC_REPRESENTATION_CONTEXT(2) 
PARAMETRIC_REPRESENTATION_CONTEXT() REPRESENTATION_CONTEXT('2D SPACE',''
  ) );
#1760 = ORIENTED_EDGE('',*,*,#1761,.F.);
#1761 = EDGE_CURVE('',#1762,#1739,#1764,.T.);
#1762 = VERTEX_POINT('',#1763);
#1763 = CARTESIAN_POINT('',(-20.,2.253E+03,-32.));
#1764 = SURFACE_CURVE('',#1765,(#1769,#1776),.PCURVE_S1.);
#1765 = LINE('',#1766,#1767);
#1766 = CARTESIAN_POINT('',(-20.,2.253E+03,-32.));
#1767 = VECTOR('',#1768,1.);
#1768 = DIRECTION('',(-0.,1.,-0.));
#1769 = PCURVE('',#270,#1770);
#1770 = DEFINITIONAL_REPRESENTATION('',(#1771),#1775);
#1771 = LINE('',#1772,#1773);
#1772 = CARTESIAN_POINT('',(-780.,25.));
#1773 = VECTOR('',#1774,1.);
#1774 = DIRECTION('',(-0.,-1.));
#1775 = ( GEOMETRIC_REPRESENTATION_CONTEXT(2) 
PARAMETRIC_REPRESENTATION_CONTEXT() REPRESENTATION_CONTEXT('2D SPACE',''
  ) );
#1776 = PCURVE('',#1777,#1782);
#1777 = PLANE('',#1778);
#1778 = AXIS2_PLACEMENT_3D('',#1779,#1780,#1781);
#1779 = CARTESIAN_POINT('',(-20.,2.278E+03,-1.5));
#1780 = DIRECTION('',(1.,-0.,-0.));
#1781 = DIRECTION('',(0.,0.,-1.));
#1782 = DEFINITIONAL_REPRESENTATION('',(#1783),#1787);
#1783 = LINE('',#1784,#1785);
#1784 = CARTESIAN_POINT('',(30.5,-25.));
#1785 = VECTOR('',#1786,1.);
#1786 = DIRECTION('',(-0.,1.));
#1787 = ( GEOMETRIC_REPRESENTATION_CONTEXT(2) 
PARAMETRIC_REPRESENTATION_CONTEXT() REPRESENTATION_CONTEXT('2D SPACE',''
  ) );
#1788 = ORIENTED_EDGE('',*,*,#1789,.F.);
#1789 = EDGE_CURVE('',#1790,#1762,#1792,.T.);
#1790 = VERTEX_POINT('',#1791);
#1791 = CARTESIAN_POINT('',(-80.,2.253E+03,-32.));
#1792 = SURFACE_CURVE('',#1793,(#1797,#1804),.PCURVE_S1.);
#1793 = LINE('',#1794,#1795);
#1794 = CARTESIAN_POINT('',(-800.,2.253E+03,-32.));
#1795 = VECTOR('',#1796,1.);
#1796 = DIRECTION('',(1.,-0.,-0.));
#1797 = PCURVE('',#270,#1798);
#1798 = DEFINITIONAL_REPRESENTATION('',(#1799),#1803);
#1799 = LINE('',#1800,#1801);
#1800 = CARTESIAN_POINT('',(-0.,25.));
#1801 = VECTOR('',#1802,1.);
#1802 = DIRECTION('',(-1.,-0.));
#1803 = ( GEOMETRIC_REPRESENTATION_CONTEXT(2) 
PARAMETRIC_REPRESENTATION_CONTEXT() REPRESENTATION_CONTEXT('2D SPACE',''
  ) );
#1804 = PCURVE('',#466,#1805);
#1805 = DEFINITIONAL_REPRESENTATION('',(#1806),#1810);
#1806 = LINE('',#1807,#1808);
#1807 = CARTESIAN_POINT('',(-0.,0.));
#1808 = VECTOR('',#1809,1.);
#1809 = DIRECTION('',(0.,1.));
#1810 = ( GEOMETRIC_REPRESENTATION_CONTEXT(2) 
PARAMETRIC_REPRESENTATION_CONTEXT() REPRESENTATION_CONTEXT('2D SPACE',''
  ) );
#1811 = ORIENTED_EDGE('',*,*,#1812,.T.);
#1812 = EDGE_CURVE('',#1790,#1813,#1815,.T.);
#1813 = VERTEX_POINT('',#1814);
#1814 = CARTESIAN_POINT('',(-80.,2.273E+03,-32.));
#1815 = SURFACE_CURVE('',#1816,(#1820,#1827),.PCURVE_S1.);
#1816 = LINE('',#1817,#1818);
#1817 = CARTESIAN_POINT('',(-80.,2.243E+03,-32.));
#1818 = VECTOR('',#1819,1.);
#1819 = DIRECTION('',(-0.,1.,0.));
#1820 = PCURVE('',#270,#1821);
#1821 = DEFINITIONAL_REPRESENTATION('',(#1822),#1826);
#1822 = LINE('',#1823,#1824);
#1823 = CARTESIAN_POINT('',(-720.,35.));
#1824 = VECTOR('',#1825,1.);
#1825 = DIRECTION('',(-0.,-1.));
#1826 = ( GEOMETRIC_REPRESENTATION_CONTEXT(2) 
PARAMETRIC_REPRESENTATION_CONTEXT() REPRESENTATION_CONTEXT('2D SPACE',''
  ) );
#1827 = PCURVE('',#1027,#1828);
#1828 = DEFINITIONAL_REPRESENTATION('',(#1829),#1833);
#1829 = LINE('',#1830,#1831);
#1830 = CARTESIAN_POINT('',(40.,-2.238E+03));
#1831 = VECTOR('',#1832,1.);
#1832 = DIRECTION('',(0.,-1.));
#1833 = ( GEOMETRIC_REPRESENTATION_CONTEXT(2) 
PARAMETRIC_REPRESENTATION_CONTEXT() REPRESENTATION_CONTEXT('2D SPACE',''
  ) );
#1834 = ORIENTED_EDGE('',*,*,#1835,.F.);
#1835 = EDGE_CURVE('',#1836,#1813,#1838,.T.);
#1836 = VERTEX_POINT('',#1837);
#1837 = CARTESIAN_POINT('',(-120.,2.273E+03,-32.));
#1838 = SURFACE_CURVE('',#1839,(#1843,#1850),.PCURVE_S1.);
#1839 = LINE('',#1840,#1841);
#1840 = CARTESIAN_POINT('',(-120.,2.273E+03,-32.));
#1841 = VECTOR('',#1842,1.);
#1842 = DIRECTION('',(1.,0.,-0.));
#1843 = PCURVE('',#270,#1844);
#1844 = DEFINITIONAL_REPRESENTATION('',(#1845),#1849);
#1845 = LINE('',#1846,#1847);
#1846 = CARTESIAN_POINT('',(-680.,5.));
#1847 = VECTOR('',#1848,1.);
#1848 = DIRECTION('',(-1.,0.));
#1849 = ( GEOMETRIC_REPRESENTATION_CONTEXT(2) 
PARAMETRIC_REPRESENTATION_CONTEXT() REPRESENTATION_CONTEXT('2D SPACE',''
  ) );
#1850 = PCURVE('',#1851,#1856);
#1851 = PLANE('',#1852);
#1852 = AXIS2_PLACEMENT_3D('',#1853,#1854,#1855);
#1853 = CARTESIAN_POINT('',(-120.,2.273E+03,-72.));
#1854 = DIRECTION('',(-0.,1.,0.));
#1855 = DIRECTION('',(0.,0.,1.));
#1856 = DEFINITIONAL_REPRESENTATION('',(#1857),#1861);
#1857 = LINE('',#1858,#1859);
#1858 = CARTESIAN_POINT('',(40.,0.));
#1859 = VECTOR('',#1860,1.);
#1860 = DIRECTION('',(0.,1.));
#1861 = ( GEOMETRIC_REPRESENTATION_CONTEXT(2) 
PARAMETRIC_REPRESENTATION_CONTEXT() REPRESENTATION_CONTEXT('2D SPACE',''
  ) );
#1862 = ORIENTED_EDGE('',*,*,#1863,.F.);
#1863 = EDGE_CURVE('',#1864,#1836,#1866,.T.);
#1864 = VERTEX_POINT('',#1865);
#1865 = CARTESIAN_POINT('',(-120.,2.253E+03,-32.));
#1866 = SURFACE_CURVE('',#1867,(#1871,#1878),.PCURVE_S1.);
#1867 = LINE('',#1868,#1869);
#1868 = CARTESIAN_POINT('',(-120.,2.243E+03,-32.));
#1869 = VECTOR('',#1870,1.);
#1870 = DIRECTION('',(-0.,1.,0.));
#1871 = PCURVE('',#270,#1872);
#1872 = DEFINITIONAL_REPRESENTATION('',(#1873),#1877);
#1873 = LINE('',#1874,#1875);
#1874 = CARTESIAN_POINT('',(-680.,35.));
#1875 = VECTOR('',#1876,1.);
#1876 = DIRECTION('',(-0.,-1.));
#1877 = ( GEOMETRIC_REPRESENTATION_CONTEXT(2) 
PARAMETRIC_REPRESENTATION_CONTEXT() REPRESENTATION_CONTEXT('2D SPACE',''
  ) );
#1878 = PCURVE('',#1083,#1879);
#1879 = DEFINITIONAL_REPRESENTATION('',(#1880),#1884);
#1880 = LINE('',#1881,#1882);
#1881 = CARTESIAN_POINT('',(40.,-2.238E+03));
#1882 = VECTOR('',#1883,1.);
#1883 = DIRECTION('',(0.,-1.));
#1884 = ( GEOMETRIC_REPRESENTATION_CONTEXT(2) 
PARAMETRIC_REPRESENTATION_CONTEXT() REPRESENTATION_CONTEXT('2D SPACE',''
  ) );
#1885 = ORIENTED_EDGE('',*,*,#1886,.F.);
#1886 = EDGE_CURVE('',#1887,#1864,#1889,.T.);
#1887 = VERTEX_POINT('',#1888);
#1888 = CARTESIAN_POINT('',(-760.,2.253E+03,-32.));
#1889 = SURFACE_CURVE('',#1890,(#1894,#1901),.PCURVE_S1.);
#1890 = LINE('',#1891,#1892);
#1891 = CARTESIAN_POINT('',(-800.,2.253E+03,-32.));
#1892 = VECTOR('',#1893,1.);
#1893 = DIRECTION('',(1.,-0.,-0.));
#1894 = PCURVE('',#270,#1895);
#1895 = DEFINITIONAL_REPRESENTATION('',(#1896),#1900);
#1896 = LINE('',#1897,#1898);
#1897 = CARTESIAN_POINT('',(-0.,25.));
#1898 = VECTOR('',#1899,1.);
#1899 = DIRECTION('',(-1.,-0.));
#1900 = ( GEOMETRIC_REPRESENTATION_CONTEXT(2) 
PARAMETRIC_REPRESENTATION_CONTEXT() REPRESENTATION_CONTEXT('2D SPACE',''
  ) );
#1901 = PCURVE('',#466,#1902);
#1902 = DEFINITIONAL_REPRESENTATION('',(#1903),#1907);
#1903 = LINE('',#1904,#1905);
#1904 = CARTESIAN_POINT('',(-0.,0.));
#1905 = VECTOR('',#1906,1.);
#1906 = DIRECTION('',(0.,1.));
#1907 = ( GEOMETRIC_REPRESENTATION_CONTEXT(2) 
PARAMETRIC_REPRESENTATION_CONTEXT() REPRESENTATION_CONTEXT('2D SPACE',''
  ) );
#1908 = ORIENTED_EDGE('',*,*,#1909,.T.);
#1909 = EDGE_CURVE('',#1887,#1644,#1910,.T.);
#1910 = SURFACE_CURVE('',#1911,(#1915,#1922),.PCURVE_S1.);
#1911 = LINE('',#1912,#1913);
#1912 = CARTESIAN_POINT('',(-760.,2.243E+03,-32.));
#1913 = VECTOR('',#1914,1.);
#1914 = DIRECTION('',(-0.,1.,0.));
#1915 = PCURVE('',#270,#1916);
#1916 = DEFINITIONAL_REPRESENTATION('',(#1917),#1921);
#1917 = LINE('',#1918,#1919);
#1918 = CARTESIAN_POINT('',(-40.,35.));
#1919 = VECTOR('',#1920,1.);
#1920 = DIRECTION('',(-0.,-1.));
#1921 = ( GEOMETRIC_REPRESENTATION_CONTEXT(2) 
PARAMETRIC_REPRESENTATION_CONTEXT() REPRESENTATION_CONTEXT('2D SPACE',''
  ) );
#1922 = PCURVE('',#1134,#1923);
#1923 = DEFINITIONAL_REPRESENTATION('',(#1924),#1928);
#1924 = LINE('',#1925,#1926);
#1925 = CARTESIAN_POINT('',(40.,-2.238E+03));
#1926 = VECTOR('',#1927,1.);
#1927 = DIRECTION('',(0.,-1.));
#1928 = ( GEOMETRIC_REPRESENTATION_CONTEXT(2) 
PARAMETRIC_REPRESENTATION_CONTEXT() REPRESENTATION_CONTEXT('2D SPACE',''
  ) );
#1929 = ORIENTED_EDGE('',*,*,#1643,.F.);
#1930 = ADVANCED_FACE('',(#1931),#550,.T.);
#1931 = FACE_BOUND('',#1932,.T.);
#1932 = EDGE_LOOP('',(#1933,#1934,#1935,#1958));
#1933 = ORIENTED_EDGE('',*,*,#534,.F.);
#1934 = ORIENTED_EDGE('',*,*,#1713,.T.);
#1935 = ORIENTED_EDGE('',*,*,#1936,.T.);
#1936 = EDGE_CURVE('',#1691,#1937,#1939,.T.);
#1937 = VERTEX_POINT('',#1938);
#1938 = CARTESIAN_POINT('',(-20.,25.,-29.5));
#1939 = SURFACE_CURVE('',#1940,(#1944,#1951),.PCURVE_S1.);
#1940 = LINE('',#1941,#1942);
#1941 = CARTESIAN_POINT('',(-20.,0.,-29.5));
#1942 = VECTOR('',#1943,1.);
#1943 = DIRECTION('',(-0.,1.,0.));
#1944 = PCURVE('',#550,#1945);
#1945 = DEFINITIONAL_REPRESENTATION('',(#1946),#1950);
#1946 = LINE('',#1947,#1948);
#1947 = CARTESIAN_POINT('',(780.,0.));
#1948 = VECTOR('',#1949,1.);
#1949 = DIRECTION('',(0.,1.));
#1950 = ( GEOMETRIC_REPRESENTATION_CONTEXT(2) 
PARAMETRIC_REPRESENTATION_CONTEXT() REPRESENTATION_CONTEXT('2D SPACE',''
  ) );
#1951 = PCURVE('',#905,#1952);
#1952 = DEFINITIONAL_REPRESENTATION('',(#1953),#1957);
#1953 = LINE('',#1954,#1955);
#1954 = CARTESIAN_POINT('',(-28.,0.));
#1955 = VECTOR('',#1956,1.);
#1956 = DIRECTION('',(0.,-1.));
#1957 = ( GEOMETRIC_REPRESENTATION_CONTEXT(2) 
PARAMETRIC_REPRESENTATION_CONTEXT() REPRESENTATION_CONTEXT('2D SPACE',''
  ) );
#1958 = ORIENTED_EDGE('',*,*,#1959,.F.);
#1959 = EDGE_CURVE('',#507,#1937,#1960,.T.);
#1960 = SURFACE_CURVE('',#1961,(#1965,#1972),.PCURVE_S1.);
#1961 = LINE('',#1962,#1963);
#1962 = CARTESIAN_POINT('',(-800.,25.,-29.5));
#1963 = VECTOR('',#1964,1.);
#1964 = DIRECTION('',(1.,0.,-0.));
#1965 = PCURVE('',#550,#1966);
#1966 = DEFINITIONAL_REPRESENTATION('',(#1967),#1971);
#1967 = LINE('',#1968,#1969);
#1968 = CARTESIAN_POINT('',(0.,25.));
#1969 = VECTOR('',#1970,1.);
#1970 = DIRECTION('',(1.,0.));
#1971 = ( GEOMETRIC_REPRESENTATION_CONTEXT(2) 
PARAMETRIC_REPRESENTATION_CONTEXT() REPRESENTATION_CONTEXT('2D SPACE',''
  ) );
#1972 = PCURVE('',#522,#1973);
#1973 = DEFINITIONAL_REPRESENTATION('',(#1974),#1978);
#1974 = LINE('',#1975,#1976);
#1975 = CARTESIAN_POINT('',(2.5,0.));
#1976 = VECTOR('',#1977,1.);
#1977 = DIRECTION('',(0.,1.));
#1978 = ( GEOMETRIC_REPRESENTATION_CONTEXT(2) 
PARAMETRIC_REPRESENTATION_CONTEXT() REPRESENTATION_CONTEXT('2D SPACE',''
  ) );
#1979 = ADVANCED_FACE('',(#1980),#298,.F.);
#1980 = FACE_BOUND('',#1981,.T.);
#1981 = EDGE_LOOP('',(#1982,#2005,#2006,#2007));
#1982 = ORIENTED_EDGE('',*,*,#1983,.F.);
#1983 = EDGE_CURVE('',#1739,#1984,#1986,.T.);
#1984 = VERTEX_POINT('',#1985);
#1985 = CARTESIAN_POINT('',(-20.,2.278E+03,1.));
#1986 = SURFACE_CURVE('',#1987,(#1991,#1998),.PCURVE_S1.);
#1987 = LINE('',#1988,#1989);
#1988 = CARTESIAN_POINT('',(-20.,2.278E+03,-32.));
#1989 = VECTOR('',#1990,1.);
#1990 = DIRECTION('',(-0.,-0.,1.));
#1991 = PCURVE('',#298,#1992);
#1992 = DEFINITIONAL_REPRESENTATION('',(#1993),#1997);
#1993 = LINE('',#1994,#1995);
#1994 = CARTESIAN_POINT('',(30.5,780.));
#1995 = VECTOR('',#1996,1.);
#1996 = DIRECTION('',(-1.,0.));
#1997 = ( GEOMETRIC_REPRESENTATION_CONTEXT(2) 
PARAMETRIC_REPRESENTATION_CONTEXT() REPRESENTATION_CONTEXT('2D SPACE',''
  ) );
#1998 = PCURVE('',#1777,#1999);
#1999 = DEFINITIONAL_REPRESENTATION('',(#2000),#2004);
#2000 = LINE('',#2001,#2002);
#2001 = CARTESIAN_POINT('',(30.5,-0.));
#2002 = VECTOR('',#2003,1.);
#2003 = DIRECTION('',(-1.,0.));
#2004 = ( GEOMETRIC_REPRESENTATION_CONTEXT(2) 
PARAMETRIC_REPRESENTATION_CONTEXT() REPRESENTATION_CONTEXT('2D SPACE',''
  ) );
#2005 = ORIENTED_EDGE('',*,*,#1738,.F.);
#2006 = ORIENTED_EDGE('',*,*,#282,.T.);
#2007 = ORIENTED_EDGE('',*,*,#2008,.T.);
#2008 = EDGE_CURVE('',#283,#1984,#2009,.T.);
#2009 = SURFACE_CURVE('',#2010,(#2014,#2021),.PCURVE_S1.);
#2010 = LINE('',#2011,#2012);
#2011 = CARTESIAN_POINT('',(-800.,2.278E+03,1.));
#2012 = VECTOR('',#2013,1.);
#2013 = DIRECTION('',(1.,-0.,-0.));
#2014 = PCURVE('',#298,#2015);
#2015 = DEFINITIONAL_REPRESENTATION('',(#2016),#2020);
#2016 = LINE('',#2017,#2018);
#2017 = CARTESIAN_POINT('',(-2.5,0.));
#2018 = VECTOR('',#2019,1.);
#2019 = DIRECTION('',(0.,1.));
#2020 = ( GEOMETRIC_REPRESENTATION_CONTEXT(2) 
PARAMETRIC_REPRESENTATION_CONTEXT() REPRESENTATION_CONTEXT('2D SPACE',''
  ) );
#2021 = PCURVE('',#326,#2022);
#2022 = DEFINITIONAL_REPRESENTATION('',(#2023),#2027);
#2023 = LINE('',#2024,#2025);
#2024 = CARTESIAN_POINT('',(-0.,0.));
#2025 = VECTOR('',#2026,1.);
#2026 = DIRECTION('',(-1.,-0.));
#2027 = ( GEOMETRIC_REPRESENTATION_CONTEXT(2) 
PARAMETRIC_REPRESENTATION_CONTEXT() REPRESENTATION_CONTEXT('2D SPACE',''
  ) );
#2028 = ADVANCED_FACE('',(#2029),#522,.T.);
#2029 = FACE_BOUND('',#2030,.T.);
#2030 = EDGE_LOOP('',(#2031,#2052,#2053,#2054,#2075,#2076,#2102));
#2031 = ORIENTED_EDGE('',*,*,#2032,.F.);
#2032 = EDGE_CURVE('',#479,#1096,#2033,.T.);
#2033 = SURFACE_CURVE('',#2034,(#2038,#2045),.PCURVE_S1.);
#2034 = LINE('',#2035,#2036);
#2035 = CARTESIAN_POINT('',(-800.,25.,-32.));
#2036 = VECTOR('',#2037,1.);
#2037 = DIRECTION('',(1.,0.,-0.));
#2038 = PCURVE('',#522,#2039);
#2039 = DEFINITIONAL_REPRESENTATION('',(#2040),#2044);
#2040 = LINE('',#2041,#2042);
#2041 = CARTESIAN_POINT('',(0.,0.));
#2042 = VECTOR('',#2043,1.);
#2043 = DIRECTION('',(0.,1.));
#2044 = ( GEOMETRIC_REPRESENTATION_CONTEXT(2) 
PARAMETRIC_REPRESENTATION_CONTEXT() REPRESENTATION_CONTEXT('2D SPACE',''
  ) );
#2045 = PCURVE('',#494,#2046);
#2046 = DEFINITIONAL_REPRESENTATION('',(#2047),#2051);
#2047 = LINE('',#2048,#2049);
#2048 = CARTESIAN_POINT('',(0.,20.));
#2049 = VECTOR('',#2050,1.);
#2050 = DIRECTION('',(1.,0.));
#2051 = ( GEOMETRIC_REPRESENTATION_CONTEXT(2) 
PARAMETRIC_REPRESENTATION_CONTEXT() REPRESENTATION_CONTEXT('2D SPACE',''
  ) );
#2052 = ORIENTED_EDGE('',*,*,#506,.T.);
#2053 = ORIENTED_EDGE('',*,*,#1959,.T.);
#2054 = ORIENTED_EDGE('',*,*,#2055,.F.);
#2055 = EDGE_CURVE('',#966,#1937,#2056,.T.);
#2056 = SURFACE_CURVE('',#2057,(#2061,#2068),.PCURVE_S1.);
#2057 = LINE('',#2058,#2059);
#2058 = CARTESIAN_POINT('',(-20.,25.,-32.));
#2059 = VECTOR('',#2060,1.);
#2060 = DIRECTION('',(0.,0.,1.));
#2061 = PCURVE('',#522,#2062);
#2062 = DEFINITIONAL_REPRESENTATION('',(#2063),#2067);
#2063 = LINE('',#2064,#2065);
#2064 = CARTESIAN_POINT('',(0.,780.));
#2065 = VECTOR('',#2066,1.);
#2066 = DIRECTION('',(1.,0.));
#2067 = ( GEOMETRIC_REPRESENTATION_CONTEXT(2) 
PARAMETRIC_REPRESENTATION_CONTEXT() REPRESENTATION_CONTEXT('2D SPACE',''
  ) );
#2068 = PCURVE('',#905,#2069);
#2069 = DEFINITIONAL_REPRESENTATION('',(#2070),#2074);
#2070 = LINE('',#2071,#2072);
#2071 = CARTESIAN_POINT('',(-30.5,-25.));
#2072 = VECTOR('',#2073,1.);
#2073 = DIRECTION('',(1.,0.));
#2074 = ( GEOMETRIC_REPRESENTATION_CONTEXT(2) 
PARAMETRIC_REPRESENTATION_CONTEXT() REPRESENTATION_CONTEXT('2D SPACE',''
  ) );
#2075 = ORIENTED_EDGE('',*,*,#988,.F.);
#2076 = ORIENTED_EDGE('',*,*,#2077,.F.);
#2077 = EDGE_CURVE('',#1068,#989,#2078,.T.);
#2078 = SURFACE_CURVE('',#2079,(#2083,#2090),.PCURVE_S1.);
#2079 = LINE('',#2080,#2081);
#2080 = CARTESIAN_POINT('',(-800.,25.,-32.));
#2081 = VECTOR('',#2082,1.);
#2082 = DIRECTION('',(1.,0.,-0.));
#2083 = PCURVE('',#522,#2084);
#2084 = DEFINITIONAL_REPRESENTATION('',(#2085),#2089);
#2085 = LINE('',#2086,#2087);
#2086 = CARTESIAN_POINT('',(0.,0.));
#2087 = VECTOR('',#2088,1.);
#2088 = DIRECTION('',(0.,1.));
#2089 = ( GEOMETRIC_REPRESENTATION_CONTEXT(2) 
PARAMETRIC_REPRESENTATION_CONTEXT() REPRESENTATION_CONTEXT('2D SPACE',''
  ) );
#2090 = PCURVE('',#2091,#2096);
#2091 = PLANE('',#2092);
#2092 = AXIS2_PLACEMENT_3D('',#2093,#2094,#2095);
#2093 = CARTESIAN_POINT('',(-120.,5.,-32.));
#2094 = DIRECTION('',(0.,0.,1.));
#2095 = DIRECTION('',(1.,0.,-0.));
#2096 = DEFINITIONAL_REPRESENTATION('',(#2097),#2101);
#2097 = LINE('',#2098,#2099);
#2098 = CARTESIAN_POINT('',(-680.,20.));
#2099 = VECTOR('',#2100,1.);
#2100 = DIRECTION('',(1.,0.));
#2101 = ( GEOMETRIC_REPRESENTATION_CONTEXT(2) 
PARAMETRIC_REPRESENTATION_CONTEXT() REPRESENTATION_CONTEXT('2D SPACE',''
  ) );
#2102 = ORIENTED_EDGE('',*,*,#1095,.F.);
#2103 = ADVANCED_FACE('',(#2104),#326,.T.);
#2104 = FACE_BOUND('',#2105,.F.);
#2105 = EDGE_LOOP('',(#2106,#2107,#2108,#2131));
#2106 = ORIENTED_EDGE('',*,*,#310,.F.);
#2107 = ORIENTED_EDGE('',*,*,#2008,.T.);
#2108 = ORIENTED_EDGE('',*,*,#2109,.T.);
#2109 = EDGE_CURVE('',#1984,#2110,#2112,.T.);
#2110 = VERTEX_POINT('',#2111);
#2111 = CARTESIAN_POINT('',(-20.,2.253E+03,1.));
#2112 = SURFACE_CURVE('',#2113,(#2117,#2124),.PCURVE_S1.);
#2113 = LINE('',#2114,#2115);
#2114 = CARTESIAN_POINT('',(-20.,2.278E+03,1.));
#2115 = VECTOR('',#2116,1.);
#2116 = DIRECTION('',(-0.,-1.,-0.));
#2117 = PCURVE('',#326,#2118);
#2118 = DEFINITIONAL_REPRESENTATION('',(#2119),#2123);
#2119 = LINE('',#2120,#2121);
#2120 = CARTESIAN_POINT('',(-780.,0.));
#2121 = VECTOR('',#2122,1.);
#2122 = DIRECTION('',(-0.,1.));
#2123 = ( GEOMETRIC_REPRESENTATION_CONTEXT(2) 
PARAMETRIC_REPRESENTATION_CONTEXT() REPRESENTATION_CONTEXT('2D SPACE',''
  ) );
#2124 = PCURVE('',#1777,#2125);
#2125 = DEFINITIONAL_REPRESENTATION('',(#2126),#2130);
#2126 = LINE('',#2127,#2128);
#2127 = CARTESIAN_POINT('',(-2.5,0.));
#2128 = VECTOR('',#2129,1.);
#2129 = DIRECTION('',(-0.,-1.));
#2130 = ( GEOMETRIC_REPRESENTATION_CONTEXT(2) 
PARAMETRIC_REPRESENTATION_CONTEXT() REPRESENTATION_CONTEXT('2D SPACE',''
  ) );
#2131 = ORIENTED_EDGE('',*,*,#2132,.F.);
#2132 = EDGE_CURVE('',#311,#2110,#2133,.T.);
#2133 = SURFACE_CURVE('',#2134,(#2138,#2145),.PCURVE_S1.);
#2134 = LINE('',#2135,#2136);
#2135 = CARTESIAN_POINT('',(-800.,2.253E+03,1.));
#2136 = VECTOR('',#2137,1.);
#2137 = DIRECTION('',(1.,-0.,-0.));
#2138 = PCURVE('',#326,#2139);
#2139 = DEFINITIONAL_REPRESENTATION('',(#2140),#2144);
#2140 = LINE('',#2141,#2142);
#2141 = CARTESIAN_POINT('',(-0.,25.));
#2142 = VECTOR('',#2143,1.);
#2143 = DIRECTION('',(-1.,-0.));
#2144 = ( GEOMETRIC_REPRESENTATION_CONTEXT(2) 
PARAMETRIC_REPRESENTATION_CONTEXT() REPRESENTATION_CONTEXT('2D SPACE',''
  ) );
#2145 = PCURVE('',#354,#2146);
#2146 = DEFINITIONAL_REPRESENTATION('',(#2147),#2151);
#2147 = LINE('',#2148,#2149);
#2148 = CARTESIAN_POINT('',(-2.5,0.));
#2149 = VECTOR('',#2150,1.);
#2150 = DIRECTION('',(0.,1.));
#2151 = ( GEOMETRIC_REPRESENTATION_CONTEXT(2) 
PARAMETRIC_REPRESENTATION_CONTEXT() REPRESENTATION_CONTEXT('2D SPACE',''
  ) );
#2152 = ADVANCED_FACE('',(#2153),#494,.T.);
#2153 = FACE_BOUND('',#2154,.T.);
#2154 = EDGE_LOOP('',(#2155,#2156,#2157,#2178));
#2155 = ORIENTED_EDGE('',*,*,#478,.F.);
#2156 = ORIENTED_EDGE('',*,*,#2032,.T.);
#2157 = ORIENTED_EDGE('',*,*,#2158,.T.);
#2158 = EDGE_CURVE('',#1096,#1887,#2159,.T.);
#2159 = SURFACE_CURVE('',#2160,(#2164,#2171),.PCURVE_S1.);
#2160 = LINE('',#2161,#2162);
#2161 = CARTESIAN_POINT('',(-760.,25.,-32.));
#2162 = VECTOR('',#2163,1.);
#2163 = DIRECTION('',(0.,1.,0.));
#2164 = PCURVE('',#494,#2165);
#2165 = DEFINITIONAL_REPRESENTATION('',(#2166),#2170);
#2166 = LINE('',#2167,#2168);
#2167 = CARTESIAN_POINT('',(40.,20.));
#2168 = VECTOR('',#2169,1.);
#2169 = DIRECTION('',(0.,1.));
#2170 = ( GEOMETRIC_REPRESENTATION_CONTEXT(2) 
PARAMETRIC_REPRESENTATION_CONTEXT() REPRESENTATION_CONTEXT('2D SPACE',''
  ) );
#2171 = PCURVE('',#1134,#2172);
#2172 = DEFINITIONAL_REPRESENTATION('',(#2173),#2177);
#2173 = LINE('',#2174,#2175);
#2174 = CARTESIAN_POINT('',(40.,-20.));
#2175 = VECTOR('',#2176,1.);
#2176 = DIRECTION('',(0.,-1.));
#2177 = ( GEOMETRIC_REPRESENTATION_CONTEXT(2) 
PARAMETRIC_REPRESENTATION_CONTEXT() REPRESENTATION_CONTEXT('2D SPACE',''
  ) );
#2178 = ORIENTED_EDGE('',*,*,#2179,.F.);
#2179 = EDGE_CURVE('',#451,#1887,#2180,.T.);
#2180 = SURFACE_CURVE('',#2181,(#2185,#2192),.PCURVE_S1.);
#2181 = LINE('',#2182,#2183);
#2182 = CARTESIAN_POINT('',(-800.,2.253E+03,-32.));
#2183 = VECTOR('',#2184,1.);
#2184 = DIRECTION('',(1.,-0.,-0.));
#2185 = PCURVE('',#494,#2186);
#2186 = DEFINITIONAL_REPRESENTATION('',(#2187),#2191);
#2187 = LINE('',#2188,#2189);
#2188 = CARTESIAN_POINT('',(0.,2.248E+03));
#2189 = VECTOR('',#2190,1.);
#2190 = DIRECTION('',(1.,-0.));
#2191 = ( GEOMETRIC_REPRESENTATION_CONTEXT(2) 
PARAMETRIC_REPRESENTATION_CONTEXT() REPRESENTATION_CONTEXT('2D SPACE',''
  ) );
#2192 = PCURVE('',#466,#2193);
#2193 = DEFINITIONAL_REPRESENTATION('',(#2194),#2198);
#2194 = LINE('',#2195,#2196);
#2195 = CARTESIAN_POINT('',(-0.,0.));
#2196 = VECTOR('',#2197,1.);
#2197 = DIRECTION('',(0.,1.));
#2198 = ( GEOMETRIC_REPRESENTATION_CONTEXT(2) 
PARAMETRIC_REPRESENTATION_CONTEXT() REPRESENTATION_CONTEXT('2D SPACE',''
  ) );
#2199 = ADVANCED_FACE('',(#2200),#354,.T.);
#2200 = FACE_BOUND('',#2201,.F.);
#2201 = EDGE_LOOP('',(#2202,#2225,#2226,#2227));
#2202 = ORIENTED_EDGE('',*,*,#2203,.F.);
#2203 = EDGE_CURVE('',#339,#2204,#2206,.T.);
#2204 = VERTEX_POINT('',#2205);
#2205 = CARTESIAN_POINT('',(-20.,2.253E+03,-1.5));
#2206 = SURFACE_CURVE('',#2207,(#2211,#2218),.PCURVE_S1.);
#2207 = LINE('',#2208,#2209);
#2208 = CARTESIAN_POINT('',(-800.,2.253E+03,-1.5));
#2209 = VECTOR('',#2210,1.);
#2210 = DIRECTION('',(1.,-0.,-0.));
#2211 = PCURVE('',#354,#2212);
#2212 = DEFINITIONAL_REPRESENTATION('',(#2213),#2217);
#2213 = LINE('',#2214,#2215);
#2214 = CARTESIAN_POINT('',(-0.,0.));
#2215 = VECTOR('',#2216,1.);
#2216 = DIRECTION('',(0.,1.));
#2217 = ( GEOMETRIC_REPRESENTATION_CONTEXT(2) 
PARAMETRIC_REPRESENTATION_CONTEXT() REPRESENTATION_CONTEXT('2D SPACE',''
  ) );
#2218 = PCURVE('',#382,#2219);
#2219 = DEFINITIONAL_REPRESENTATION('',(#2220),#2224);
#2220 = LINE('',#2221,#2222);
#2221 = CARTESIAN_POINT('',(-0.,25.));
#2222 = VECTOR('',#2223,1.);
#2223 = DIRECTION('',(-1.,-0.));
#2224 = ( GEOMETRIC_REPRESENTATION_CONTEXT(2) 
PARAMETRIC_REPRESENTATION_CONTEXT() REPRESENTATION_CONTEXT('2D SPACE',''
  ) );
#2225 = ORIENTED_EDGE('',*,*,#338,.T.);
#2226 = ORIENTED_EDGE('',*,*,#2132,.T.);
#2227 = ORIENTED_EDGE('',*,*,#2228,.F.);
#2228 = EDGE_CURVE('',#2204,#2110,#2229,.T.);
#2229 = SURFACE_CURVE('',#2230,(#2234,#2241),.PCURVE_S1.);
#2230 = LINE('',#2231,#2232);
#2231 = CARTESIAN_POINT('',(-20.,2.253E+03,-1.5));
#2232 = VECTOR('',#2233,1.);
#2233 = DIRECTION('',(-0.,-0.,1.));
#2234 = PCURVE('',#354,#2235);
#2235 = DEFINITIONAL_REPRESENTATION('',(#2236),#2240);
#2236 = LINE('',#2237,#2238);
#2237 = CARTESIAN_POINT('',(-0.,780.));
#2238 = VECTOR('',#2239,1.);
#2239 = DIRECTION('',(-1.,0.));
#2240 = ( GEOMETRIC_REPRESENTATION_CONTEXT(2) 
PARAMETRIC_REPRESENTATION_CONTEXT() REPRESENTATION_CONTEXT('2D SPACE',''
  ) );
#2241 = PCURVE('',#1777,#2242);
#2242 = DEFINITIONAL_REPRESENTATION('',(#2243),#2247);
#2243 = LINE('',#2244,#2245);
#2244 = CARTESIAN_POINT('',(-0.,-25.));
#2245 = VECTOR('',#2246,1.);
#2246 = DIRECTION('',(-1.,0.));
#2247 = ( GEOMETRIC_REPRESENTATION_CONTEXT(2) 
PARAMETRIC_REPRESENTATION_CONTEXT() REPRESENTATION_CONTEXT('2D SPACE',''
  ) );
#2248 = ADVANCED_FACE('',(#2249),#466,.T.);
#2249 = FACE_BOUND('',#2250,.F.);
#2250 = EDGE_LOOP('',(#2251,#2252,#2253,#2276,#2297,#2298,#2319));
#2251 = ORIENTED_EDGE('',*,*,#2179,.F.);
#2252 = ORIENTED_EDGE('',*,*,#450,.T.);
#2253 = ORIENTED_EDGE('',*,*,#2254,.T.);
#2254 = EDGE_CURVE('',#423,#2255,#2257,.T.);
#2255 = VERTEX_POINT('',#2256);
#2256 = CARTESIAN_POINT('',(-20.,2.253E+03,-29.5));
#2257 = SURFACE_CURVE('',#2258,(#2262,#2269),.PCURVE_S1.);
#2258 = LINE('',#2259,#2260);
#2259 = CARTESIAN_POINT('',(-800.,2.253E+03,-29.5));
#2260 = VECTOR('',#2261,1.);
#2261 = DIRECTION('',(1.,-0.,-0.));
#2262 = PCURVE('',#466,#2263);
#2263 = DEFINITIONAL_REPRESENTATION('',(#2264),#2268);
#2264 = LINE('',#2265,#2266);
#2265 = CARTESIAN_POINT('',(-2.5,0.));
#2266 = VECTOR('',#2267,1.);
#2267 = DIRECTION('',(0.,1.));
#2268 = ( GEOMETRIC_REPRESENTATION_CONTEXT(2) 
PARAMETRIC_REPRESENTATION_CONTEXT() REPRESENTATION_CONTEXT('2D SPACE',''
  ) );
#2269 = PCURVE('',#438,#2270);
#2270 = DEFINITIONAL_REPRESENTATION('',(#2271),#2275);
#2271 = LINE('',#2272,#2273);
#2272 = CARTESIAN_POINT('',(-0.,25.));
#2273 = VECTOR('',#2274,1.);
#2274 = DIRECTION('',(-1.,-0.));
#2275 = ( GEOMETRIC_REPRESENTATION_CONTEXT(2) 
PARAMETRIC_REPRESENTATION_CONTEXT() REPRESENTATION_CONTEXT('2D SPACE',''
  ) );
#2276 = ORIENTED_EDGE('',*,*,#2277,.F.);
#2277 = EDGE_CURVE('',#1762,#2255,#2278,.T.);
#2278 = SURFACE_CURVE('',#2279,(#2283,#2290),.PCURVE_S1.);
#2279 = LINE('',#2280,#2281);
#2280 = CARTESIAN_POINT('',(-20.,2.253E+03,-32.));
#2281 = VECTOR('',#2282,1.);
#2282 = DIRECTION('',(-0.,-0.,1.));
#2283 = PCURVE('',#466,#2284);
#2284 = DEFINITIONAL_REPRESENTATION('',(#2285),#2289);
#2285 = LINE('',#2286,#2287);
#2286 = CARTESIAN_POINT('',(-0.,780.));
#2287 = VECTOR('',#2288,1.);
#2288 = DIRECTION('',(-1.,0.));
#2289 = ( GEOMETRIC_REPRESENTATION_CONTEXT(2) 
PARAMETRIC_REPRESENTATION_CONTEXT() REPRESENTATION_CONTEXT('2D SPACE',''
  ) );
#2290 = PCURVE('',#1777,#2291);
#2291 = DEFINITIONAL_REPRESENTATION('',(#2292),#2296);
#2292 = LINE('',#2293,#2294);
#2293 = CARTESIAN_POINT('',(30.5,-25.));
#2294 = VECTOR('',#2295,1.);
#2295 = DIRECTION('',(-1.,0.));
#2296 = ( GEOMETRIC_REPRESENTATION_CONTEXT(2) 
PARAMETRIC_REPRESENTATION_CONTEXT() REPRESENTATION_CONTEXT('2D SPACE',''
  ) );
#2297 = ORIENTED_EDGE('',*,*,#1789,.F.);
#2298 = ORIENTED_EDGE('',*,*,#2299,.F.);
#2299 = EDGE_CURVE('',#1864,#1790,#2300,.T.);
#2300 = SURFACE_CURVE('',#2301,(#2305,#2312),.PCURVE_S1.);
#2301 = LINE('',#2302,#2303);
#2302 = CARTESIAN_POINT('',(-800.,2.253E+03,-32.));
#2303 = VECTOR('',#2304,1.);
#2304 = DIRECTION('',(1.,-0.,-0.));
#2305 = PCURVE('',#466,#2306);
#2306 = DEFINITIONAL_REPRESENTATION('',(#2307),#2311);
#2307 = LINE('',#2308,#2309);
#2308 = CARTESIAN_POINT('',(-0.,0.));
#2309 = VECTOR('',#2310,1.);
#2310 = DIRECTION('',(0.,1.));
#2311 = ( GEOMETRIC_REPRESENTATION_CONTEXT(2) 
PARAMETRIC_REPRESENTATION_CONTEXT() REPRESENTATION_CONTEXT('2D SPACE',''
  ) );
#2312 = PCURVE('',#2091,#2313);
#2313 = DEFINITIONAL_REPRESENTATION('',(#2314),#2318);
#2314 = LINE('',#2315,#2316);
#2315 = CARTESIAN_POINT('',(-680.,2.248E+03));
#2316 = VECTOR('',#2317,1.);
#2317 = DIRECTION('',(1.,-0.));
#2318 = ( GEOMETRIC_REPRESENTATION_CONTEXT(2) 
PARAMETRIC_REPRESENTATION_CONTEXT() REPRESENTATION_CONTEXT('2D SPACE',''
  ) );
#2319 = ORIENTED_EDGE('',*,*,#1886,.F.);
#2320 = ADVANCED_FACE('',(#2321),#382,.F.);
#2321 = FACE_BOUND('',#2322,.T.);
#2322 = EDGE_LOOP('',(#2323,#2324,#2347,#2368));
#2323 = ORIENTED_EDGE('',*,*,#366,.F.);
#2324 = ORIENTED_EDGE('',*,*,#2325,.F.);
#2325 = EDGE_CURVE('',#2326,#367,#2328,.T.);
#2326 = VERTEX_POINT('',#2327);
#2327 = CARTESIAN_POINT('',(-20.,2.2755E+03,-1.5));
#2328 = SURFACE_CURVE('',#2329,(#2333,#2340),.PCURVE_S1.);
#2329 = LINE('',#2330,#2331);
#2330 = CARTESIAN_POINT('',(-800.,2.2755E+03,-1.5));
#2331 = VECTOR('',#2332,1.);
#2332 = DIRECTION('',(-1.,-0.,-0.));
#2333 = PCURVE('',#382,#2334);
#2334 = DEFINITIONAL_REPRESENTATION('',(#2335),#2339);
#2335 = LINE('',#2336,#2337);
#2336 = CARTESIAN_POINT('',(-0.,2.5));
#2337 = VECTOR('',#2338,1.);
#2338 = DIRECTION('',(1.,-0.));
#2339 = ( GEOMETRIC_REPRESENTATION_CONTEXT(2) 
PARAMETRIC_REPRESENTATION_CONTEXT() REPRESENTATION_CONTEXT('2D SPACE',''
  ) );
#2340 = PCURVE('',#410,#2341);
#2341 = DEFINITIONAL_REPRESENTATION('',(#2342),#2346);
#2342 = LINE('',#2343,#2344);
#2343 = CARTESIAN_POINT('',(-30.5,0.));
#2344 = VECTOR('',#2345,1.);
#2345 = DIRECTION('',(-0.,-1.));
#2346 = ( GEOMETRIC_REPRESENTATION_CONTEXT(2) 
PARAMETRIC_REPRESENTATION_CONTEXT() REPRESENTATION_CONTEXT('2D SPACE',''
  ) );
#2347 = ORIENTED_EDGE('',*,*,#2348,.T.);
#2348 = EDGE_CURVE('',#2326,#2204,#2349,.T.);
#2349 = SURFACE_CURVE('',#2350,(#2354,#2361),.PCURVE_S1.);
#2350 = LINE('',#2351,#2352);
#2351 = CARTESIAN_POINT('',(-20.,2.278E+03,-1.5));
#2352 = VECTOR('',#2353,1.);
#2353 = DIRECTION('',(-0.,-1.,0.));
#2354 = PCURVE('',#382,#2355);
#2355 = DEFINITIONAL_REPRESENTATION('',(#2356),#2360);
#2356 = LINE('',#2357,#2358);
#2357 = CARTESIAN_POINT('',(-780.,0.));
#2358 = VECTOR('',#2359,1.);
#2359 = DIRECTION('',(-0.,1.));
#2360 = ( GEOMETRIC_REPRESENTATION_CONTEXT(2) 
PARAMETRIC_REPRESENTATION_CONTEXT() REPRESENTATION_CONTEXT('2D SPACE',''
  ) );
#2361 = PCURVE('',#1777,#2362);
#2362 = DEFINITIONAL_REPRESENTATION('',(#2363),#2367);
#2363 = LINE('',#2364,#2365);
#2364 = CARTESIAN_POINT('',(-0.,0.));
#2365 = VECTOR('',#2366,1.);
#2366 = DIRECTION('',(-0.,-1.));
#2367 = ( GEOMETRIC_REPRESENTATION_CONTEXT(2) 
PARAMETRIC_REPRESENTATION_CONTEXT() REPRESENTATION_CONTEXT('2D SPACE',''
  ) );
#2368 = ORIENTED_EDGE('',*,*,#2203,.F.);
#2369 = ADVANCED_FACE('',(#2370),#438,.T.);
#2370 = FACE_BOUND('',#2371,.F.);
#2371 = EDGE_LOOP('',(#2372,#2373,#2396,#2417));
#2372 = ORIENTED_EDGE('',*,*,#422,.F.);
#2373 = ORIENTED_EDGE('',*,*,#2374,.T.);
#2374 = EDGE_CURVE('',#395,#2375,#2377,.T.);
#2375 = VERTEX_POINT('',#2376);
#2376 = CARTESIAN_POINT('',(-20.,2.2755E+03,-29.5));
#2377 = SURFACE_CURVE('',#2378,(#2382,#2389),.PCURVE_S1.);
#2378 = LINE('',#2379,#2380);
#2379 = CARTESIAN_POINT('',(-800.,2.2755E+03,-29.5));
#2380 = VECTOR('',#2381,1.);
#2381 = DIRECTION('',(1.,-0.,-0.));
#2382 = PCURVE('',#438,#2383);
#2383 = DEFINITIONAL_REPRESENTATION('',(#2384),#2388);
#2384 = LINE('',#2385,#2386);
#2385 = CARTESIAN_POINT('',(-0.,2.5));
#2386 = VECTOR('',#2387,1.);
#2387 = DIRECTION('',(-1.,-0.));
#2388 = ( GEOMETRIC_REPRESENTATION_CONTEXT(2) 
PARAMETRIC_REPRESENTATION_CONTEXT() REPRESENTATION_CONTEXT('2D SPACE',''
  ) );
#2389 = PCURVE('',#410,#2390);
#2390 = DEFINITIONAL_REPRESENTATION('',(#2391),#2395);
#2391 = LINE('',#2392,#2393);
#2392 = CARTESIAN_POINT('',(-2.5,0.));
#2393 = VECTOR('',#2394,1.);
#2394 = DIRECTION('',(0.,1.));
#2395 = ( GEOMETRIC_REPRESENTATION_CONTEXT(2) 
PARAMETRIC_REPRESENTATION_CONTEXT() REPRESENTATION_CONTEXT('2D SPACE',''
  ) );
#2396 = ORIENTED_EDGE('',*,*,#2397,.T.);
#2397 = EDGE_CURVE('',#2375,#2255,#2398,.T.);
#2398 = SURFACE_CURVE('',#2399,(#2403,#2410),.PCURVE_S1.);
#2399 = LINE('',#2400,#2401);
#2400 = CARTESIAN_POINT('',(-20.,2.278E+03,-29.5));
#2401 = VECTOR('',#2402,1.);
#2402 = DIRECTION('',(-0.,-1.,0.));
#2403 = PCURVE('',#438,#2404);
#2404 = DEFINITIONAL_REPRESENTATION('',(#2405),#2409);
#2405 = LINE('',#2406,#2407);
#2406 = CARTESIAN_POINT('',(-780.,0.));
#2407 = VECTOR('',#2408,1.);
#2408 = DIRECTION('',(-0.,1.));
#2409 = ( GEOMETRIC_REPRESENTATION_CONTEXT(2) 
PARAMETRIC_REPRESENTATION_CONTEXT() REPRESENTATION_CONTEXT('2D SPACE',''
  ) );
#2410 = PCURVE('',#1777,#2411);
#2411 = DEFINITIONAL_REPRESENTATION('',(#2412),#2416);
#2412 = LINE('',#2413,#2414);
#2413 = CARTESIAN_POINT('',(28.,-0.));
#2414 = VECTOR('',#2415,1.);
#2415 = DIRECTION('',(-0.,-1.));
#2416 = ( GEOMETRIC_REPRESENTATION_CONTEXT(2) 
PARAMETRIC_REPRESENTATION_CONTEXT() REPRESENTATION_CONTEXT('2D SPACE',''
  ) );
#2417 = ORIENTED_EDGE('',*,*,#2254,.F.);
#2418 = ADVANCED_FACE('',(#2419),#410,.T.);
#2419 = FACE_BOUND('',#2420,.F.);
#2420 = EDGE_LOOP('',(#2421,#2442,#2443,#2444));
#2421 = ORIENTED_EDGE('',*,*,#2422,.F.);
#2422 = EDGE_CURVE('',#2375,#2326,#2423,.T.);
#2423 = SURFACE_CURVE('',#2424,(#2428,#2435),.PCURVE_S1.);
#2424 = LINE('',#2425,#2426);
#2425 = CARTESIAN_POINT('',(-20.,2.2755E+03,-32.));
#2426 = VECTOR('',#2427,1.);
#2427 = DIRECTION('',(-0.,-0.,1.));
#2428 = PCURVE('',#410,#2429);
#2429 = DEFINITIONAL_REPRESENTATION('',(#2430),#2434);
#2430 = LINE('',#2431,#2432);
#2431 = CARTESIAN_POINT('',(-0.,780.));
#2432 = VECTOR('',#2433,1.);
#2433 = DIRECTION('',(-1.,0.));
#2434 = ( GEOMETRIC_REPRESENTATION_CONTEXT(2) 
PARAMETRIC_REPRESENTATION_CONTEXT() REPRESENTATION_CONTEXT('2D SPACE',''
  ) );
#2435 = PCURVE('',#1777,#2436);
#2436 = DEFINITIONAL_REPRESENTATION('',(#2437),#2441);
#2437 = LINE('',#2438,#2439);
#2438 = CARTESIAN_POINT('',(30.5,-2.5));
#2439 = VECTOR('',#2440,1.);
#2440 = DIRECTION('',(-1.,0.));
#2441 = ( GEOMETRIC_REPRESENTATION_CONTEXT(2) 
PARAMETRIC_REPRESENTATION_CONTEXT() REPRESENTATION_CONTEXT('2D SPACE',''
  ) );
#2442 = ORIENTED_EDGE('',*,*,#2374,.F.);
#2443 = ORIENTED_EDGE('',*,*,#394,.T.);
#2444 = ORIENTED_EDGE('',*,*,#2325,.F.);
#2445 = ADVANCED_FACE('',(#2446),#691,.F.);
#2446 = FACE_BOUND('',#2447,.F.);
#2447 = EDGE_LOOP('',(#2448,#2471,#2497,#2518));
#2448 = ORIENTED_EDGE('',*,*,#2449,.F.);
#2449 = EDGE_CURVE('',#2450,#675,#2452,.T.);
#2450 = VERTEX_POINT('',#2451);
#2451 = CARTESIAN_POINT('',(-1.26E+03,680.,-62.));
#2452 = SURFACE_CURVE('',#2453,(#2457,#2464),.PCURVE_S1.);
#2453 = LINE('',#2454,#2455);
#2454 = CARTESIAN_POINT('',(-1.3E+03,680.,-62.));
#2455 = VECTOR('',#2456,1.);
#2456 = DIRECTION('',(1.,0.,-0.));
#2457 = PCURVE('',#691,#2458);
#2458 = DEFINITIONAL_REPRESENTATION('',(#2459),#2463);
#2459 = LINE('',#2460,#2461);
#2460 = CARTESIAN_POINT('',(0.,40.));
#2461 = VECTOR('',#2462,1.);
#2462 = DIRECTION('',(1.,0.));
#2463 = ( GEOMETRIC_REPRESENTATION_CONTEXT(2) 
PARAMETRIC_REPRESENTATION_CONTEXT() REPRESENTATION_CONTEXT('2D SPACE',''
  ) );
#2464 = PCURVE('',#767,#2465);
#2465 = DEFINITIONAL_REPRESENTATION('',(#2466),#2470);
#2466 = LINE('',#2467,#2468);
#2467 = CARTESIAN_POINT('',(0.,0.));
#2468 = VECTOR('',#2469,1.);
#2469 = DIRECTION('',(0.,1.));
#2470 = ( GEOMETRIC_REPRESENTATION_CONTEXT(2) 
PARAMETRIC_REPRESENTATION_CONTEXT() REPRESENTATION_CONTEXT('2D SPACE',''
  ) );
#2471 = ORIENTED_EDGE('',*,*,#2472,.T.);
#2472 = EDGE_CURVE('',#2450,#2473,#2475,.T.);
#2473 = VERTEX_POINT('',#2474);
#2474 = CARTESIAN_POINT('',(-1.26E+03,640.,-62.));
#2475 = SURFACE_CURVE('',#2476,(#2480,#2486),.PCURVE_S1.);
#2476 = LINE('',#2477,#2478);
#2477 = CARTESIAN_POINT('',(-1.26E+03,335.,-62.));
#2478 = VECTOR('',#2479,1.);
#2479 = DIRECTION('',(0.,-1.,0.));
#2480 = PCURVE('',#691,#2481);
#2481 = DEFINITIONAL_REPRESENTATION('',(#2482),#2485);
#2482 = B_SPLINE_CURVE_WITH_KNOTS('',1,(#2483,#2484),.UNSPECIFIED.,.F.,
  .F.,(2,2),(-345.,-305.),.PIECEWISE_BEZIER_KNOTS.);
#2483 = CARTESIAN_POINT('',(40.,40.));
#2484 = CARTESIAN_POINT('',(40.,0.));
#2485 = ( GEOMETRIC_REPRESENTATION_CONTEXT(2) 
PARAMETRIC_REPRESENTATION_CONTEXT() REPRESENTATION_CONTEXT('2D SPACE',''
  ) );
#2486 = PCURVE('',#2487,#2492);
#2487 = PLANE('',#2488);
#2488 = AXIS2_PLACEMENT_3D('',#2489,#2490,#2491);
#2489 = CARTESIAN_POINT('',(-1.26E+03,30.,-72.));
#2490 = DIRECTION('',(1.,0.,-0.));
#2491 = DIRECTION('',(0.,0.,1.));
#2492 = DEFINITIONAL_REPRESENTATION('',(#2493),#2496);
#2493 = B_SPLINE_CURVE_WITH_KNOTS('',1,(#2494,#2495),.UNSPECIFIED.,.F.,
  .F.,(2,2),(-345.,-305.),.PIECEWISE_BEZIER_KNOTS.);
#2494 = CARTESIAN_POINT('',(10.,-650.));
#2495 = CARTESIAN_POINT('',(10.,-610.));
#2496 = ( GEOMETRIC_REPRESENTATION_CONTEXT(2) 
PARAMETRIC_REPRESENTATION_CONTEXT() REPRESENTATION_CONTEXT('2D SPACE',''
  ) );
#2497 = ORIENTED_EDGE('',*,*,#2498,.T.);
#2498 = EDGE_CURVE('',#2473,#677,#2499,.T.);
#2499 = SURFACE_CURVE('',#2500,(#2504,#2511),.PCURVE_S1.);
#2500 = LINE('',#2501,#2502);
#2501 = CARTESIAN_POINT('',(-1.3E+03,640.,-62.));
#2502 = VECTOR('',#2503,1.);
#2503 = DIRECTION('',(1.,0.,-0.));
#2504 = PCURVE('',#691,#2505);
#2505 = DEFINITIONAL_REPRESENTATION('',(#2506),#2510);
#2506 = LINE('',#2507,#2508);
#2507 = CARTESIAN_POINT('',(0.,0.));
#2508 = VECTOR('',#2509,1.);
#2509 = DIRECTION('',(1.,0.));
#2510 = ( GEOMETRIC_REPRESENTATION_CONTEXT(2) 
PARAMETRIC_REPRESENTATION_CONTEXT() REPRESENTATION_CONTEXT('2D SPACE',''
  ) );
#2511 = PCURVE('',#717,#2512);
#2512 = DEFINITIONAL_REPRESENTATION('',(#2513),#2517);
#2513 = LINE('',#2514,#2515);
#2514 = CARTESIAN_POINT('',(0.,0.));
#2515 = VECTOR('',#2516,1.);
#2516 = DIRECTION('',(0.,1.));
#2517 = ( GEOMETRIC_REPRESENTATION_CONTEXT(2) 
PARAMETRIC_REPRESENTATION_CONTEXT() REPRESENTATION_CONTEXT('2D SPACE',''
  ) );
#2518 = ORIENTED_EDGE('',*,*,#674,.F.);
#2519 = ADVANCED_FACE('',(#2520),#767,.T.);
#2520 = FACE_BOUND('',#2521,.T.);
#2521 = EDGE_LOOP('',(#2522,#2523,#2544,#2565));
#2522 = ORIENTED_EDGE('',*,*,#2449,.F.);
#2523 = ORIENTED_EDGE('',*,*,#2524,.T.);
#2524 = EDGE_CURVE('',#2450,#2525,#2527,.T.);
#2525 = VERTEX_POINT('',#2526);
#2526 = CARTESIAN_POINT('',(-1.26E+03,680.,-42.));
#2527 = SURFACE_CURVE('',#2528,(#2532,#2538),.PCURVE_S1.);
#2528 = LINE('',#2529,#2530);
#2529 = CARTESIAN_POINT('',(-1.26E+03,680.,-67.));
#2530 = VECTOR('',#2531,1.);
#2531 = DIRECTION('',(0.,0.,1.));
#2532 = PCURVE('',#767,#2533);
#2533 = DEFINITIONAL_REPRESENTATION('',(#2534),#2537);
#2534 = B_SPLINE_CURVE_WITH_KNOTS('',1,(#2535,#2536),.UNSPECIFIED.,.F.,
  .F.,(2,2),(5.,25.),.PIECEWISE_BEZIER_KNOTS.);
#2535 = CARTESIAN_POINT('',(0.,40.));
#2536 = CARTESIAN_POINT('',(20.,40.));
#2537 = ( GEOMETRIC_REPRESENTATION_CONTEXT(2) 
PARAMETRIC_REPRESENTATION_CONTEXT() REPRESENTATION_CONTEXT('2D SPACE',''
  ) );
#2538 = PCURVE('',#2487,#2539);
#2539 = DEFINITIONAL_REPRESENTATION('',(#2540),#2543);
#2540 = B_SPLINE_CURVE_WITH_KNOTS('',1,(#2541,#2542),.UNSPECIFIED.,.F.,
  .F.,(2,2),(5.,25.),.PIECEWISE_BEZIER_KNOTS.);
#2541 = CARTESIAN_POINT('',(10.,-650.));
#2542 = CARTESIAN_POINT('',(30.,-650.));
#2543 = ( GEOMETRIC_REPRESENTATION_CONTEXT(2) 
PARAMETRIC_REPRESENTATION_CONTEXT() REPRESENTATION_CONTEXT('2D SPACE',''
  ) );
#2544 = ORIENTED_EDGE('',*,*,#2545,.T.);
#2545 = EDGE_CURVE('',#2525,#729,#2546,.T.);
#2546 = SURFACE_CURVE('',#2547,(#2551,#2558),.PCURVE_S1.);
#2547 = LINE('',#2548,#2549);
#2548 = CARTESIAN_POINT('',(-1.3E+03,680.,-42.));
#2549 = VECTOR('',#2550,1.);
#2550 = DIRECTION('',(1.,0.,-0.));
#2551 = PCURVE('',#767,#2552);
#2552 = DEFINITIONAL_REPRESENTATION('',(#2553),#2557);
#2553 = LINE('',#2554,#2555);
#2554 = CARTESIAN_POINT('',(20.,0.));
#2555 = VECTOR('',#2556,1.);
#2556 = DIRECTION('',(0.,1.));
#2557 = ( GEOMETRIC_REPRESENTATION_CONTEXT(2) 
PARAMETRIC_REPRESENTATION_CONTEXT() REPRESENTATION_CONTEXT('2D SPACE',''
  ) );
#2558 = PCURVE('',#743,#2559);
#2559 = DEFINITIONAL_REPRESENTATION('',(#2560),#2564);
#2560 = LINE('',#2561,#2562);
#2561 = CARTESIAN_POINT('',(0.,40.));
#2562 = VECTOR('',#2563,1.);
#2563 = DIRECTION('',(1.,0.));
#2564 = ( GEOMETRIC_REPRESENTATION_CONTEXT(2) 
PARAMETRIC_REPRESENTATION_CONTEXT() REPRESENTATION_CONTEXT('2D SPACE',''
  ) );
#2565 = ORIENTED_EDGE('',*,*,#754,.F.);
#2566 = ADVANCED_FACE('',(#2567),#743,.T.);
#2567 = FACE_BOUND('',#2568,.T.);
#2568 = EDGE_LOOP('',(#2569,#2570,#2591,#2612));
#2569 = ORIENTED_EDGE('',*,*,#2545,.F.);
#2570 = ORIENTED_EDGE('',*,*,#2571,.T.);
#2571 = EDGE_CURVE('',#2525,#2572,#2574,.T.);
#2572 = VERTEX_POINT('',#2573);
#2573 = CARTESIAN_POINT('',(-1.26E+03,640.,-42.));
#2574 = SURFACE_CURVE('',#2575,(#2579,#2585),.PCURVE_S1.);
#2575 = LINE('',#2576,#2577);
#2576 = CARTESIAN_POINT('',(-1.26E+03,335.,-42.));
#2577 = VECTOR('',#2578,1.);
#2578 = DIRECTION('',(0.,-1.,0.));
#2579 = PCURVE('',#743,#2580);
#2580 = DEFINITIONAL_REPRESENTATION('',(#2581),#2584);
#2581 = B_SPLINE_CURVE_WITH_KNOTS('',1,(#2582,#2583),.UNSPECIFIED.,.F.,
  .F.,(2,2),(-345.,-305.),.PIECEWISE_BEZIER_KNOTS.);
#2582 = CARTESIAN_POINT('',(40.,40.));
#2583 = CARTESIAN_POINT('',(40.,0.));
#2584 = ( GEOMETRIC_REPRESENTATION_CONTEXT(2) 
PARAMETRIC_REPRESENTATION_CONTEXT() REPRESENTATION_CONTEXT('2D SPACE',''
  ) );
#2585 = PCURVE('',#2487,#2586);
#2586 = DEFINITIONAL_REPRESENTATION('',(#2587),#2590);
#2587 = B_SPLINE_CURVE_WITH_KNOTS('',1,(#2588,#2589),.UNSPECIFIED.,.F.,
  .F.,(2,2),(-345.,-305.),.PIECEWISE_BEZIER_KNOTS.);
#2588 = CARTESIAN_POINT('',(30.,-650.));
#2589 = CARTESIAN_POINT('',(30.,-610.));
#2590 = ( GEOMETRIC_REPRESENTATION_CONTEXT(2) 
PARAMETRIC_REPRESENTATION_CONTEXT() REPRESENTATION_CONTEXT('2D SPACE',''
  ) );
#2591 = ORIENTED_EDGE('',*,*,#2592,.T.);
#2592 = EDGE_CURVE('',#2572,#703,#2593,.T.);
#2593 = SURFACE_CURVE('',#2594,(#2598,#2605),.PCURVE_S1.);
#2594 = LINE('',#2595,#2596);
#2595 = CARTESIAN_POINT('',(-1.3E+03,640.,-42.));
#2596 = VECTOR('',#2597,1.);
#2597 = DIRECTION('',(1.,0.,-0.));
#2598 = PCURVE('',#743,#2599);
#2599 = DEFINITIONAL_REPRESENTATION('',(#2600),#2604);
#2600 = LINE('',#2601,#2602);
#2601 = CARTESIAN_POINT('',(0.,0.));
#2602 = VECTOR('',#2603,1.);
#2603 = DIRECTION('',(1.,0.));
#2604 = ( GEOMETRIC_REPRESENTATION_CONTEXT(2) 
PARAMETRIC_REPRESENTATION_CONTEXT() REPRESENTATION_CONTEXT('2D SPACE',''
  ) );
#2605 = PCURVE('',#717,#2606);
#2606 = DEFINITIONAL_REPRESENTATION('',(#2607),#2611);
#2607 = LINE('',#2608,#2609);
#2608 = CARTESIAN_POINT('',(20.,0.));
#2609 = VECTOR('',#2610,1.);
#2610 = DIRECTION('',(0.,1.));
#2611 = ( GEOMETRIC_REPRESENTATION_CONTEXT(2) 
PARAMETRIC_REPRESENTATION_CONTEXT() REPRESENTATION_CONTEXT('2D SPACE',''
  ) );
#2612 = ORIENTED_EDGE('',*,*,#728,.F.);
#2613 = ADVANCED_FACE('',(#2614),#717,.F.);
#2614 = FACE_BOUND('',#2615,.F.);
#2615 = EDGE_LOOP('',(#2616,#2617,#2636,#2637));
#2616 = ORIENTED_EDGE('',*,*,#2498,.F.);
#2617 = ORIENTED_EDGE('',*,*,#2618,.T.);
#2618 = EDGE_CURVE('',#2473,#2572,#2619,.T.);
#2619 = SURFACE_CURVE('',#2620,(#2624,#2630),.PCURVE_S1.);
#2620 = LINE('',#2621,#2622);
#2621 = CARTESIAN_POINT('',(-1.26E+03,640.,-67.));
#2622 = VECTOR('',#2623,1.);
#2623 = DIRECTION('',(0.,0.,1.));
#2624 = PCURVE('',#717,#2625);
#2625 = DEFINITIONAL_REPRESENTATION('',(#2626),#2629);
#2626 = B_SPLINE_CURVE_WITH_KNOTS('',1,(#2627,#2628),.UNSPECIFIED.,.F.,
  .F.,(2,2),(5.,25.),.PIECEWISE_BEZIER_KNOTS.);
#2627 = CARTESIAN_POINT('',(0.,40.));
#2628 = CARTESIAN_POINT('',(20.,40.));
#2629 = ( GEOMETRIC_REPRESENTATION_CONTEXT(2) 
PARAMETRIC_REPRESENTATION_CONTEXT() REPRESENTATION_CONTEXT('2D SPACE',''
  ) );
#2630 = PCURVE('',#2487,#2631);
#2631 = DEFINITIONAL_REPRESENTATION('',(#2632),#2635);
#2632 = B_SPLINE_CURVE_WITH_KNOTS('',1,(#2633,#2634),.UNSPECIFIED.,.F.,
  .F.,(2,2),(5.,25.),.PIECEWISE_BEZIER_KNOTS.);
#2633 = CARTESIAN_POINT('',(10.,-610.));
#2634 = CARTESIAN_POINT('',(30.,-610.));
#2635 = ( GEOMETRIC_REPRESENTATION_CONTEXT(2) 
PARAMETRIC_REPRESENTATION_CONTEXT() REPRESENTATION_CONTEXT('2D SPACE',''
  ) );
#2636 = ORIENTED_EDGE('',*,*,#2592,.T.);
#2637 = ORIENTED_EDGE('',*,*,#702,.F.);
#2638 = ADVANCED_FACE('',(#2639),#797,.F.);
#2639 = FACE_BOUND('',#2640,.F.);
#2640 = EDGE_LOOP('',(#2641,#2664,#2685,#2706));
#2641 = ORIENTED_EDGE('',*,*,#2642,.F.);
#2642 = EDGE_CURVE('',#2643,#781,#2645,.T.);
#2643 = VERTEX_POINT('',#2644);
#2644 = CARTESIAN_POINT('',(-1.26E+03,130.,-62.));
#2645 = SURFACE_CURVE('',#2646,(#2650,#2657),.PCURVE_S1.);
#2646 = LINE('',#2647,#2648);
#2647 = CARTESIAN_POINT('',(-1.3E+03,130.,-62.));
#2648 = VECTOR('',#2649,1.);
#2649 = DIRECTION('',(1.,0.,-0.));
#2650 = PCURVE('',#797,#2651);
#2651 = DEFINITIONAL_REPRESENTATION('',(#2652),#2656);
#2652 = LINE('',#2653,#2654);
#2653 = CARTESIAN_POINT('',(0.,40.));
#2654 = VECTOR('',#2655,1.);
#2655 = DIRECTION('',(1.,0.));
#2656 = ( GEOMETRIC_REPRESENTATION_CONTEXT(2) 
PARAMETRIC_REPRESENTATION_CONTEXT() REPRESENTATION_CONTEXT('2D SPACE',''
  ) );
#2657 = PCURVE('',#873,#2658);
#2658 = DEFINITIONAL_REPRESENTATION('',(#2659),#2663);
#2659 = LINE('',#2660,#2661);
#2660 = CARTESIAN_POINT('',(0.,0.));
#2661 = VECTOR('',#2662,1.);
#2662 = DIRECTION('',(0.,1.));
#2663 = ( GEOMETRIC_REPRESENTATION_CONTEXT(2) 
PARAMETRIC_REPRESENTATION_CONTEXT() REPRESENTATION_CONTEXT('2D SPACE',''
  ) );
#2664 = ORIENTED_EDGE('',*,*,#2665,.T.);
#2665 = EDGE_CURVE('',#2643,#2666,#2668,.T.);
#2666 = VERTEX_POINT('',#2667);
#2667 = CARTESIAN_POINT('',(-1.26E+03,90.,-62.));
#2668 = SURFACE_CURVE('',#2669,(#2673,#2679),.PCURVE_S1.);
#2669 = LINE('',#2670,#2671);
#2670 = CARTESIAN_POINT('',(-1.26E+03,60.,-62.));
#2671 = VECTOR('',#2672,1.);
#2672 = DIRECTION('',(0.,-1.,0.));
#2673 = PCURVE('',#797,#2674);
#2674 = DEFINITIONAL_REPRESENTATION('',(#2675),#2678);
#2675 = B_SPLINE_CURVE_WITH_KNOTS('',1,(#2676,#2677),.UNSPECIFIED.,.F.,
  .F.,(2,2),(-70.,-30.),.PIECEWISE_BEZIER_KNOTS.);
#2676 = CARTESIAN_POINT('',(40.,40.));
#2677 = CARTESIAN_POINT('',(40.,0.));
#2678 = ( GEOMETRIC_REPRESENTATION_CONTEXT(2) 
PARAMETRIC_REPRESENTATION_CONTEXT() REPRESENTATION_CONTEXT('2D SPACE',''
  ) );
#2679 = PCURVE('',#2487,#2680);
#2680 = DEFINITIONAL_REPRESENTATION('',(#2681),#2684);
#2681 = B_SPLINE_CURVE_WITH_KNOTS('',1,(#2682,#2683),.UNSPECIFIED.,.F.,
  .F.,(2,2),(-70.,-30.),.PIECEWISE_BEZIER_KNOTS.);
#2682 = CARTESIAN_POINT('',(10.,-100.));
#2683 = CARTESIAN_POINT('',(10.,-60.));
#2684 = ( GEOMETRIC_REPRESENTATION_CONTEXT(2) 
PARAMETRIC_REPRESENTATION_CONTEXT() REPRESENTATION_CONTEXT('2D SPACE',''
  ) );
#2685 = ORIENTED_EDGE('',*,*,#2686,.T.);
#2686 = EDGE_CURVE('',#2666,#783,#2687,.T.);
#2687 = SURFACE_CURVE('',#2688,(#2692,#2699),.PCURVE_S1.);
#2688 = LINE('',#2689,#2690);
#2689 = CARTESIAN_POINT('',(-1.3E+03,90.,-62.));
#2690 = VECTOR('',#2691,1.);
#2691 = DIRECTION('',(1.,0.,-0.));
#2692 = PCURVE('',#797,#2693);
#2693 = DEFINITIONAL_REPRESENTATION('',(#2694),#2698);
#2694 = LINE('',#2695,#2696);
#2695 = CARTESIAN_POINT('',(0.,0.));
#2696 = VECTOR('',#2697,1.);
#2697 = DIRECTION('',(1.,0.));
#2698 = ( GEOMETRIC_REPRESENTATION_CONTEXT(2) 
PARAMETRIC_REPRESENTATION_CONTEXT() REPRESENTATION_CONTEXT('2D SPACE',''
  ) );
#2699 = PCURVE('',#823,#2700);
#2700 = DEFINITIONAL_REPRESENTATION('',(#2701),#2705);
#2701 = LINE('',#2702,#2703);
#2702 = CARTESIAN_POINT('',(0.,0.));
#2703 = VECTOR('',#2704,1.);
#2704 = DIRECTION('',(0.,1.));
#2705 = ( GEOMETRIC_REPRESENTATION_CONTEXT(2) 
PARAMETRIC_REPRESENTATION_CONTEXT() REPRESENTATION_CONTEXT('2D SPACE',''
  ) );
#2706 = ORIENTED_EDGE('',*,*,#780,.F.);
#2707 = ADVANCED_FACE('',(#2708),#873,.T.);
#2708 = FACE_BOUND('',#2709,.T.);
#2709 = EDGE_LOOP('',(#2710,#2711,#2732,#2753));
#2710 = ORIENTED_EDGE('',*,*,#2642,.F.);
#2711 = ORIENTED_EDGE('',*,*,#2712,.T.);
#2712 = EDGE_CURVE('',#2643,#2713,#2715,.T.);
#2713 = VERTEX_POINT('',#2714);
#2714 = CARTESIAN_POINT('',(-1.26E+03,130.,-42.));
#2715 = SURFACE_CURVE('',#2716,(#2720,#2726),.PCURVE_S1.);
#2716 = LINE('',#2717,#2718);
#2717 = CARTESIAN_POINT('',(-1.26E+03,130.,-67.));
#2718 = VECTOR('',#2719,1.);
#2719 = DIRECTION('',(0.,0.,1.));
#2720 = PCURVE('',#873,#2721);
#2721 = DEFINITIONAL_REPRESENTATION('',(#2722),#2725);
#2722 = B_SPLINE_CURVE_WITH_KNOTS('',1,(#2723,#2724),.UNSPECIFIED.,.F.,
  .F.,(2,2),(5.,25.),.PIECEWISE_BEZIER_KNOTS.);
#2723 = CARTESIAN_POINT('',(0.,40.));
#2724 = CARTESIAN_POINT('',(20.,40.));
#2725 = ( GEOMETRIC_REPRESENTATION_CONTEXT(2) 
PARAMETRIC_REPRESENTATION_CONTEXT() REPRESENTATION_CONTEXT('2D SPACE',''
  ) );
#2726 = PCURVE('',#2487,#2727);
#2727 = DEFINITIONAL_REPRESENTATION('',(#2728),#2731);
#2728 = B_SPLINE_CURVE_WITH_KNOTS('',1,(#2729,#2730),.UNSPECIFIED.,.F.,
  .F.,(2,2),(5.,25.),.PIECEWISE_BEZIER_KNOTS.);
#2729 = CARTESIAN_POINT('',(10.,-100.));
#2730 = CARTESIAN_POINT('',(30.,-100.));
#2731 = ( GEOMETRIC_REPRESENTATION_CONTEXT(2) 
PARAMETRIC_REPRESENTATION_CONTEXT() REPRESENTATION_CONTEXT('2D SPACE',''
  ) );
#2732 = ORIENTED_EDGE('',*,*,#2733,.T.);
#2733 = EDGE_CURVE('',#2713,#835,#2734,.T.);
#2734 = SURFACE_CURVE('',#2735,(#2739,#2746),.PCURVE_S1.);
#2735 = LINE('',#2736,#2737);
#2736 = CARTESIAN_POINT('',(-1.3E+03,130.,-42.));
#2737 = VECTOR('',#2738,1.);
#2738 = DIRECTION('',(1.,0.,-0.));
#2739 = PCURVE('',#873,#2740);
#2740 = DEFINITIONAL_REPRESENTATION('',(#2741),#2745);
#2741 = LINE('',#2742,#2743);
#2742 = CARTESIAN_POINT('',(20.,0.));
#2743 = VECTOR('',#2744,1.);
#2744 = DIRECTION('',(0.,1.));
#2745 = ( GEOMETRIC_REPRESENTATION_CONTEXT(2) 
PARAMETRIC_REPRESENTATION_CONTEXT() REPRESENTATION_CONTEXT('2D SPACE',''
  ) );
#2746 = PCURVE('',#849,#2747);
#2747 = DEFINITIONAL_REPRESENTATION('',(#2748),#2752);
#2748 = LINE('',#2749,#2750);
#2749 = CARTESIAN_POINT('',(0.,40.));
#2750 = VECTOR('',#2751,1.);
#2751 = DIRECTION('',(1.,0.));
#2752 = ( GEOMETRIC_REPRESENTATION_CONTEXT(2) 
PARAMETRIC_REPRESENTATION_CONTEXT() REPRESENTATION_CONTEXT('2D SPACE',''
  ) );
#2753 = ORIENTED_EDGE('',*,*,#860,.F.);
#2754 = ADVANCED_FACE('',(#2755),#849,.T.);
#2755 = FACE_BOUND('',#2756,.T.);
#2756 = EDGE_LOOP('',(#2757,#2758,#2779,#2800));
#2757 = ORIENTED_EDGE('',*,*,#2733,.F.);
#2758 = ORIENTED_EDGE('',*,*,#2759,.T.);
#2759 = EDGE_CURVE('',#2713,#2760,#2762,.T.);
#2760 = VERTEX_POINT('',#2761);
#2761 = CARTESIAN_POINT('',(-1.26E+03,90.,-42.));
#2762 = SURFACE_CURVE('',#2763,(#2767,#2773),.PCURVE_S1.);
#2763 = LINE('',#2764,#2765);
#2764 = CARTESIAN_POINT('',(-1.26E+03,60.,-42.));
#2765 = VECTOR('',#2766,1.);
#2766 = DIRECTION('',(0.,-1.,0.));
#2767 = PCURVE('',#849,#2768);
#2768 = DEFINITIONAL_REPRESENTATION('',(#2769),#2772);
#2769 = B_SPLINE_CURVE_WITH_KNOTS('',1,(#2770,#2771),.UNSPECIFIED.,.F.,
  .F.,(2,2),(-70.,-30.),.PIECEWISE_BEZIER_KNOTS.);
#2770 = CARTESIAN_POINT('',(40.,40.));
#2771 = CARTESIAN_POINT('',(40.,0.));
#2772 = ( GEOMETRIC_REPRESENTATION_CONTEXT(2) 
PARAMETRIC_REPRESENTATION_CONTEXT() REPRESENTATION_CONTEXT('2D SPACE',''
  ) );
#2773 = PCURVE('',#2487,#2774);
#2774 = DEFINITIONAL_REPRESENTATION('',(#2775),#2778);
#2775 = B_SPLINE_CURVE_WITH_KNOTS('',1,(#2776,#2777),.UNSPECIFIED.,.F.,
  .F.,(2,2),(-70.,-30.),.PIECEWISE_BEZIER_KNOTS.);
#2776 = CARTESIAN_POINT('',(30.,-100.));
#2777 = CARTESIAN_POINT('',(30.,-60.));
#2778 = ( GEOMETRIC_REPRESENTATION_CONTEXT(2) 
PARAMETRIC_REPRESENTATION_CONTEXT() REPRESENTATION_CONTEXT('2D SPACE',''
  ) );
#2779 = ORIENTED_EDGE('',*,*,#2780,.T.);
#2780 = EDGE_CURVE('',#2760,#809,#2781,.T.);
#2781 = SURFACE_CURVE('',#2782,(#2786,#2793),.PCURVE_S1.);
#2782 = LINE('',#2783,#2784);
#2783 = CARTESIAN_POINT('',(-1.3E+03,90.,-42.));
#2784 = VECTOR('',#2785,1.);
#2785 = DIRECTION('',(1.,0.,-0.));
#2786 = PCURVE('',#849,#2787);
#2787 = DEFINITIONAL_REPRESENTATION('',(#2788),#2792);
#2788 = LINE('',#2789,#2790);
#2789 = CARTESIAN_POINT('',(0.,0.));
#2790 = VECTOR('',#2791,1.);
#2791 = DIRECTION('',(1.,0.));
#2792 = ( GEOMETRIC_REPRESENTATION_CONTEXT(2) 
PARAMETRIC_REPRESENTATION_CONTEXT() REPRESENTATION_CONTEXT('2D SPACE',''
  ) );
#2793 = PCURVE('',#823,#2794);
#2794 = DEFINITIONAL_REPRESENTATION('',(#2795),#2799);
#2795 = LINE('',#2796,#2797);
#2796 = CARTESIAN_POINT('',(20.,0.));
#2797 = VECTOR('',#2798,1.);
#2798 = DIRECTION('',(0.,1.));
#2799 = ( GEOMETRIC_REPRESENTATION_CONTEXT(2) 
PARAMETRIC_REPRESENTATION_CONTEXT() REPRESENTATION_CONTEXT('2D SPACE',''
  ) );
#2800 = ORIENTED_EDGE('',*,*,#834,.F.);
#2801 = ADVANCED_FACE('',(#2802),#823,.F.);
#2802 = FACE_BOUND('',#2803,.F.);
#2803 = EDGE_LOOP('',(#2804,#2805,#2824,#2825));
#2804 = ORIENTED_EDGE('',*,*,#2686,.F.);
#2805 = ORIENTED_EDGE('',*,*,#2806,.T.);
#2806 = EDGE_CURVE('',#2666,#2760,#2807,.T.);
#2807 = SURFACE_CURVE('',#2808,(#2812,#2818),.PCURVE_S1.);
#2808 = LINE('',#2809,#2810);
#2809 = CARTESIAN_POINT('',(-1.26E+03,90.,-67.));
#2810 = VECTOR('',#2811,1.);
#2811 = DIRECTION('',(0.,0.,1.));
#2812 = PCURVE('',#823,#2813);
#2813 = DEFINITIONAL_REPRESENTATION('',(#2814),#2817);
#2814 = B_SPLINE_CURVE_WITH_KNOTS('',1,(#2815,#2816),.UNSPECIFIED.,.F.,
  .F.,(2,2),(5.,25.),.PIECEWISE_BEZIER_KNOTS.);
#2815 = CARTESIAN_POINT('',(0.,40.));
#2816 = CARTESIAN_POINT('',(20.,40.));
#2817 = ( GEOMETRIC_REPRESENTATION_CONTEXT(2) 
PARAMETRIC_REPRESENTATION_CONTEXT() REPRESENTATION_CONTEXT('2D SPACE',''
  ) );
#2818 = PCURVE('',#2487,#2819);
#2819 = DEFINITIONAL_REPRESENTATION('',(#2820),#2823);
#2820 = B_SPLINE_CURVE_WITH_KNOTS('',1,(#2821,#2822),.UNSPECIFIED.,.F.,
  .F.,(2,2),(5.,25.),.PIECEWISE_BEZIER_KNOTS.);
#2821 = CARTESIAN_POINT('',(10.,-60.));
#2822 = CARTESIAN_POINT('',(30.,-60.));
#2823 = ( GEOMETRIC_REPRESENTATION_CONTEXT(2) 
PARAMETRIC_REPRESENTATION_CONTEXT() REPRESENTATION_CONTEXT('2D SPACE',''
  ) );
#2824 = ORIENTED_EDGE('',*,*,#2780,.T.);
#2825 = ORIENTED_EDGE('',*,*,#808,.F.);
#2826 = ADVANCED_FACE('',(#2827),#905,.T.);
#2827 = FACE_BOUND('',#2828,.T.);
#2828 = EDGE_LOOP('',(#2829,#2830,#2831,#2832,#2833,#2834,#2835,#2836));
#2829 = ORIENTED_EDGE('',*,*,#887,.F.);
#2830 = ORIENTED_EDGE('',*,*,#965,.F.);
#2831 = ORIENTED_EDGE('',*,*,#2055,.T.);
#2832 = ORIENTED_EDGE('',*,*,#1936,.F.);
#2833 = ORIENTED_EDGE('',*,*,#1690,.T.);
#2834 = ORIENTED_EDGE('',*,*,#1616,.T.);
#2835 = ORIENTED_EDGE('',*,*,#1293,.T.);
#2836 = ORIENTED_EDGE('',*,*,#1172,.F.);
#2837 = ADVANCED_FACE('',(#2838),#1134,.T.);
#2838 = FACE_BOUND('',#2839,.T.);
#2839 = EDGE_LOOP('',(#2840,#2841,#2842,#2843,#2844,#2845,#2846,#2847));
#2840 = ORIENTED_EDGE('',*,*,#1118,.F.);
#2841 = ORIENTED_EDGE('',*,*,#1244,.F.);
#2842 = ORIENTED_EDGE('',*,*,#1506,.F.);
#2843 = ORIENTED_EDGE('',*,*,#1417,.F.);
#2844 = ORIENTED_EDGE('',*,*,#1343,.F.);
#2845 = ORIENTED_EDGE('',*,*,#1666,.T.);
#2846 = ORIENTED_EDGE('',*,*,#1909,.F.);
#2847 = ORIENTED_EDGE('',*,*,#2158,.F.);
#2848 = ADVANCED_FACE('',(#2849),#1083,.F.);
#2849 = FACE_BOUND('',#2850,.F.);
#2850 = EDGE_LOOP('',(#2851,#2852,#2875,#2903,#2924,#2925));
#2851 = ORIENTED_EDGE('',*,*,#1067,.F.);
#2852 = ORIENTED_EDGE('',*,*,#2853,.F.);
#2853 = EDGE_CURVE('',#2854,#1040,#2856,.T.);
#2854 = VERTEX_POINT('',#2855);
#2855 = CARTESIAN_POINT('',(-120.,5.,-72.));
#2856 = SURFACE_CURVE('',#2857,(#2861,#2868),.PCURVE_S1.);
#2857 = LINE('',#2858,#2859);
#2858 = CARTESIAN_POINT('',(-120.,5.,-72.));
#2859 = VECTOR('',#2860,1.);
#2860 = DIRECTION('',(0.,0.,1.));
#2861 = PCURVE('',#1083,#2862);
#2862 = DEFINITIONAL_REPRESENTATION('',(#2863),#2867);
#2863 = LINE('',#2864,#2865);
#2864 = CARTESIAN_POINT('',(0.,0.));
#2865 = VECTOR('',#2866,1.);
#2866 = DIRECTION('',(1.,0.));
#2867 = ( GEOMETRIC_REPRESENTATION_CONTEXT(2) 
PARAMETRIC_REPRESENTATION_CONTEXT() REPRESENTATION_CONTEXT('2D SPACE',''
  ) );
#2868 = PCURVE('',#1055,#2869);
#2869 = DEFINITIONAL_REPRESENTATION('',(#2870),#2874);
#2870 = LINE('',#2871,#2872);
#2871 = CARTESIAN_POINT('',(0.,0.));
#2872 = VECTOR('',#2873,1.);
#2873 = DIRECTION('',(1.,0.));
#2874 = ( GEOMETRIC_REPRESENTATION_CONTEXT(2) 
PARAMETRIC_REPRESENTATION_CONTEXT() REPRESENTATION_CONTEXT('2D SPACE',''
  ) );
#2875 = ORIENTED_EDGE('',*,*,#2876,.F.);
#2876 = EDGE_CURVE('',#2877,#2854,#2879,.T.);
#2877 = VERTEX_POINT('',#2878);
#2878 = CARTESIAN_POINT('',(-120.,2.273E+03,-72.));
#2879 = SURFACE_CURVE('',#2880,(#2884,#2891),.PCURVE_S1.);
#2880 = LINE('',#2881,#2882);
#2881 = CARTESIAN_POINT('',(-120.,2.273E+03,-72.));
#2882 = VECTOR('',#2883,1.);
#2883 = DIRECTION('',(0.,-1.,0.));
#2884 = PCURVE('',#1083,#2885);
#2885 = DEFINITIONAL_REPRESENTATION('',(#2886),#2890);
#2886 = LINE('',#2887,#2888);
#2887 = CARTESIAN_POINT('',(0.,-2.268E+03));
#2888 = VECTOR('',#2889,1.);
#2889 = DIRECTION('',(0.,1.));
#2890 = ( GEOMETRIC_REPRESENTATION_CONTEXT(2) 
PARAMETRIC_REPRESENTATION_CONTEXT() REPRESENTATION_CONTEXT('2D SPACE',''
  ) );
#2891 = PCURVE('',#2892,#2897);
#2892 = PLANE('',#2893);
#2893 = AXIS2_PLACEMENT_3D('',#2894,#2895,#2896);
#2894 = CARTESIAN_POINT('',(-120.,5.,-72.));
#2895 = DIRECTION('',(0.,0.,1.));
#2896 = DIRECTION('',(1.,0.,-0.));
#2897 = DEFINITIONAL_REPRESENTATION('',(#2898),#2902);
#2898 = LINE('',#2899,#2900);
#2899 = CARTESIAN_POINT('',(0.,2.268E+03));
#2900 = VECTOR('',#2901,1.);
#2901 = DIRECTION('',(0.,-1.));
#2902 = ( GEOMETRIC_REPRESENTATION_CONTEXT(2) 
PARAMETRIC_REPRESENTATION_CONTEXT() REPRESENTATION_CONTEXT('2D SPACE',''
  ) );
#2903 = ORIENTED_EDGE('',*,*,#2904,.T.);
#2904 = EDGE_CURVE('',#2877,#1836,#2905,.T.);
#2905 = SURFACE_CURVE('',#2906,(#2910,#2917),.PCURVE_S1.);
#2906 = LINE('',#2907,#2908);
#2907 = CARTESIAN_POINT('',(-120.,2.273E+03,-72.));
#2908 = VECTOR('',#2909,1.);
#2909 = DIRECTION('',(0.,0.,1.));
#2910 = PCURVE('',#1083,#2911);
#2911 = DEFINITIONAL_REPRESENTATION('',(#2912),#2916);
#2912 = LINE('',#2913,#2914);
#2913 = CARTESIAN_POINT('',(0.,-2.268E+03));
#2914 = VECTOR('',#2915,1.);
#2915 = DIRECTION('',(1.,0.));
#2916 = ( GEOMETRIC_REPRESENTATION_CONTEXT(2) 
PARAMETRIC_REPRESENTATION_CONTEXT() REPRESENTATION_CONTEXT('2D SPACE',''
  ) );
#2917 = PCURVE('',#1851,#2918);
#2918 = DEFINITIONAL_REPRESENTATION('',(#2919),#2923);
#2919 = LINE('',#2920,#2921);
#2920 = CARTESIAN_POINT('',(0.,0.));
#2921 = VECTOR('',#2922,1.);
#2922 = DIRECTION('',(1.,0.));
#2923 = ( GEOMETRIC_REPRESENTATION_CONTEXT(2) 
PARAMETRIC_REPRESENTATION_CONTEXT() REPRESENTATION_CONTEXT('2D SPACE',''
  ) );
#2924 = ORIENTED_EDGE('',*,*,#1863,.F.);
#2925 = ORIENTED_EDGE('',*,*,#2926,.F.);
#2926 = EDGE_CURVE('',#1068,#1864,#2927,.T.);
#2927 = SURFACE_CURVE('',#2928,(#2932,#2939),.PCURVE_S1.);
#2928 = LINE('',#2929,#2930);
#2929 = CARTESIAN_POINT('',(-120.,25.,-32.));
#2930 = VECTOR('',#2931,1.);
#2931 = DIRECTION('',(0.,1.,0.));
#2932 = PCURVE('',#1083,#2933);
#2933 = DEFINITIONAL_REPRESENTATION('',(#2934),#2938);
#2934 = LINE('',#2935,#2936);
#2935 = CARTESIAN_POINT('',(40.,-20.));
#2936 = VECTOR('',#2937,1.);
#2937 = DIRECTION('',(0.,-1.));
#2938 = ( GEOMETRIC_REPRESENTATION_CONTEXT(2) 
PARAMETRIC_REPRESENTATION_CONTEXT() REPRESENTATION_CONTEXT('2D SPACE',''
  ) );
#2939 = PCURVE('',#2091,#2940);
#2940 = DEFINITIONAL_REPRESENTATION('',(#2941),#2945);
#2941 = LINE('',#2942,#2943);
#2942 = CARTESIAN_POINT('',(0.,20.));
#2943 = VECTOR('',#2944,1.);
#2944 = DIRECTION('',(0.,1.));
#2945 = ( GEOMETRIC_REPRESENTATION_CONTEXT(2) 
PARAMETRIC_REPRESENTATION_CONTEXT() REPRESENTATION_CONTEXT('2D SPACE',''
  ) );
#2946 = ADVANCED_FACE('',(#2947),#1055,.F.);
#2947 = FACE_BOUND('',#2948,.F.);
#2948 = EDGE_LOOP('',(#2949,#2972,#2973,#2974));
#2949 = ORIENTED_EDGE('',*,*,#2950,.F.);
#2950 = EDGE_CURVE('',#2854,#2951,#2953,.T.);
#2951 = VERTEX_POINT('',#2952);
#2952 = CARTESIAN_POINT('',(-80.,5.,-72.));
#2953 = SURFACE_CURVE('',#2954,(#2958,#2965),.PCURVE_S1.);
#2954 = LINE('',#2955,#2956);
#2955 = CARTESIAN_POINT('',(-120.,5.,-72.));
#2956 = VECTOR('',#2957,1.);
#2957 = DIRECTION('',(1.,0.,-0.));
#2958 = PCURVE('',#1055,#2959);
#2959 = DEFINITIONAL_REPRESENTATION('',(#2960),#2964);
#2960 = LINE('',#2961,#2962);
#2961 = CARTESIAN_POINT('',(0.,0.));
#2962 = VECTOR('',#2963,1.);
#2963 = DIRECTION('',(0.,1.));
#2964 = ( GEOMETRIC_REPRESENTATION_CONTEXT(2) 
PARAMETRIC_REPRESENTATION_CONTEXT() REPRESENTATION_CONTEXT('2D SPACE',''
  ) );
#2965 = PCURVE('',#2892,#2966);
#2966 = DEFINITIONAL_REPRESENTATION('',(#2967),#2971);
#2967 = LINE('',#2968,#2969);
#2968 = CARTESIAN_POINT('',(0.,0.));
#2969 = VECTOR('',#2970,1.);
#2970 = DIRECTION('',(1.,0.));
#2971 = ( GEOMETRIC_REPRESENTATION_CONTEXT(2) 
PARAMETRIC_REPRESENTATION_CONTEXT() REPRESENTATION_CONTEXT('2D SPACE',''
  ) );
#2972 = ORIENTED_EDGE('',*,*,#2853,.T.);
#2973 = ORIENTED_EDGE('',*,*,#1039,.T.);
#2974 = ORIENTED_EDGE('',*,*,#2975,.F.);
#2975 = EDGE_CURVE('',#2951,#1012,#2976,.T.);
#2976 = SURFACE_CURVE('',#2977,(#2981,#2988),.PCURVE_S1.);
#2977 = LINE('',#2978,#2979);
#2978 = CARTESIAN_POINT('',(-80.,5.,-72.));
#2979 = VECTOR('',#2980,1.);
#2980 = DIRECTION('',(0.,0.,1.));
#2981 = PCURVE('',#1055,#2982);
#2982 = DEFINITIONAL_REPRESENTATION('',(#2983),#2987);
#2983 = LINE('',#2984,#2985);
#2984 = CARTESIAN_POINT('',(0.,40.));
#2985 = VECTOR('',#2986,1.);
#2986 = DIRECTION('',(1.,0.));
#2987 = ( GEOMETRIC_REPRESENTATION_CONTEXT(2) 
PARAMETRIC_REPRESENTATION_CONTEXT() REPRESENTATION_CONTEXT('2D SPACE',''
  ) );
#2988 = PCURVE('',#1027,#2989);
#2989 = DEFINITIONAL_REPRESENTATION('',(#2990),#2994);
#2990 = LINE('',#2991,#2992);
#2991 = CARTESIAN_POINT('',(0.,0.));
#2992 = VECTOR('',#2993,1.);
#2993 = DIRECTION('',(1.,0.));
#2994 = ( GEOMETRIC_REPRESENTATION_CONTEXT(2) 
PARAMETRIC_REPRESENTATION_CONTEXT() REPRESENTATION_CONTEXT('2D SPACE',''
  ) );
#2995 = ADVANCED_FACE('',(#2996),#1027,.T.);
#2996 = FACE_BOUND('',#2997,.T.);
#2997 = EDGE_LOOP('',(#2998,#2999,#3000,#3023,#3044,#3045));
#2998 = ORIENTED_EDGE('',*,*,#1011,.F.);
#2999 = ORIENTED_EDGE('',*,*,#2975,.F.);
#3000 = ORIENTED_EDGE('',*,*,#3001,.T.);
#3001 = EDGE_CURVE('',#2951,#3002,#3004,.T.);
#3002 = VERTEX_POINT('',#3003);
#3003 = CARTESIAN_POINT('',(-80.,2.273E+03,-72.));
#3004 = SURFACE_CURVE('',#3005,(#3009,#3016),.PCURVE_S1.);
#3005 = LINE('',#3006,#3007);
#3006 = CARTESIAN_POINT('',(-80.,5.,-72.));
#3007 = VECTOR('',#3008,1.);
#3008 = DIRECTION('',(0.,1.,0.));
#3009 = PCURVE('',#1027,#3010);
#3010 = DEFINITIONAL_REPRESENTATION('',(#3011),#3015);
#3011 = LINE('',#3012,#3013);
#3012 = CARTESIAN_POINT('',(0.,0.));
#3013 = VECTOR('',#3014,1.);
#3014 = DIRECTION('',(0.,-1.));
#3015 = ( GEOMETRIC_REPRESENTATION_CONTEXT(2) 
PARAMETRIC_REPRESENTATION_CONTEXT() REPRESENTATION_CONTEXT('2D SPACE',''
  ) );
#3016 = PCURVE('',#2892,#3017);
#3017 = DEFINITIONAL_REPRESENTATION('',(#3018),#3022);
#3018 = LINE('',#3019,#3020);
#3019 = CARTESIAN_POINT('',(40.,0.));
#3020 = VECTOR('',#3021,1.);
#3021 = DIRECTION('',(0.,1.));
#3022 = ( GEOMETRIC_REPRESENTATION_CONTEXT(2) 
PARAMETRIC_REPRESENTATION_CONTEXT() REPRESENTATION_CONTEXT('2D SPACE',''
  ) );
#3023 = ORIENTED_EDGE('',*,*,#3024,.T.);
#3024 = EDGE_CURVE('',#3002,#1813,#3025,.T.);
#3025 = SURFACE_CURVE('',#3026,(#3030,#3037),.PCURVE_S1.);
#3026 = LINE('',#3027,#3028);
#3027 = CARTESIAN_POINT('',(-80.,2.273E+03,-72.));
#3028 = VECTOR('',#3029,1.);
#3029 = DIRECTION('',(0.,0.,1.));
#3030 = PCURVE('',#1027,#3031);
#3031 = DEFINITIONAL_REPRESENTATION('',(#3032),#3036);
#3032 = LINE('',#3033,#3034);
#3033 = CARTESIAN_POINT('',(0.,-2.268E+03));
#3034 = VECTOR('',#3035,1.);
#3035 = DIRECTION('',(1.,0.));
#3036 = ( GEOMETRIC_REPRESENTATION_CONTEXT(2) 
PARAMETRIC_REPRESENTATION_CONTEXT() REPRESENTATION_CONTEXT('2D SPACE',''
  ) );
#3037 = PCURVE('',#1851,#3038);
#3038 = DEFINITIONAL_REPRESENTATION('',(#3039),#3043);
#3039 = LINE('',#3040,#3041);
#3040 = CARTESIAN_POINT('',(0.,40.));
#3041 = VECTOR('',#3042,1.);
#3042 = DIRECTION('',(1.,0.));
#3043 = ( GEOMETRIC_REPRESENTATION_CONTEXT(2) 
PARAMETRIC_REPRESENTATION_CONTEXT() REPRESENTATION_CONTEXT('2D SPACE',''
  ) );
#3044 = ORIENTED_EDGE('',*,*,#1812,.F.);
#3045 = ORIENTED_EDGE('',*,*,#3046,.T.);
#3046 = EDGE_CURVE('',#1790,#989,#3047,.T.);
#3047 = SURFACE_CURVE('',#3048,(#3052,#3059),.PCURVE_S1.);
#3048 = LINE('',#3049,#3050);
#3049 = CARTESIAN_POINT('',(-80.,2.253E+03,-32.));
#3050 = VECTOR('',#3051,1.);
#3051 = DIRECTION('',(0.,-1.,0.));
#3052 = PCURVE('',#1027,#3053);
#3053 = DEFINITIONAL_REPRESENTATION('',(#3054),#3058);
#3054 = LINE('',#3055,#3056);
#3055 = CARTESIAN_POINT('',(40.,-2.248E+03));
#3056 = VECTOR('',#3057,1.);
#3057 = DIRECTION('',(0.,1.));
#3058 = ( GEOMETRIC_REPRESENTATION_CONTEXT(2) 
PARAMETRIC_REPRESENTATION_CONTEXT() REPRESENTATION_CONTEXT('2D SPACE',''
  ) );
#3059 = PCURVE('',#2091,#3060);
#3060 = DEFINITIONAL_REPRESENTATION('',(#3061),#3065);
#3061 = LINE('',#3062,#3063);
#3062 = CARTESIAN_POINT('',(40.,2.248E+03));
#3063 = VECTOR('',#3064,1.);
#3064 = DIRECTION('',(0.,-1.));
#3065 = ( GEOMETRIC_REPRESENTATION_CONTEXT(2) 
PARAMETRIC_REPRESENTATION_CONTEXT() REPRESENTATION_CONTEXT('2D SPACE',''
  ) );
#3066 = ADVANCED_FACE('',(#3067),#1332,.F.);
#3067 = FACE_BOUND('',#3068,.F.);
#3068 = EDGE_LOOP('',(#3069,#3070));
#3069 = ORIENTED_EDGE('',*,*,#1317,.F.);
#3070 = ORIENTED_EDGE('',*,*,#3071,.T.);
#3071 = EDGE_CURVE('',#171,#1318,#3072,.T.);
#3072 = SURFACE_CURVE('',#3073,(#3078,#3085),.PCURVE_S1.);
#3073 = CIRCLE('',#3074,20.);
#3074 = AXIS2_PLACEMENT_3D('',#3075,#3076,#3077);
#3075 = CARTESIAN_POINT('',(-780.,1.948E+03,-72.));
#3076 = DIRECTION('',(0.,-0.422618261741,-0.906307787037));
#3077 = DIRECTION('',(0.,-0.906307787037,0.422618261741));
#3078 = PCURVE('',#1332,#3079);
#3079 = DEFINITIONAL_REPRESENTATION('',(#3080),#3084);
#3080 = CIRCLE('',#3081,20.);
#3081 = AXIS2_PLACEMENT_2D('',#3082,#3083);
#3082 = CARTESIAN_POINT('',(0.,0.));
#3083 = DIRECTION('',(1.,0.));
#3084 = ( GEOMETRIC_REPRESENTATION_CONTEXT(2) 
PARAMETRIC_REPRESENTATION_CONTEXT() REPRESENTATION_CONTEXT('2D SPACE',''
  ) );
#3085 = PCURVE('',#1455,#3086);
#3086 = DEFINITIONAL_REPRESENTATION('',(#3087),#3091);
#3087 = LINE('',#3088,#3089);
#3088 = CARTESIAN_POINT('',(0.,0.));
#3089 = VECTOR('',#3090,1.);
#3090 = DIRECTION('',(1.,0.));
#3091 = ( GEOMETRIC_REPRESENTATION_CONTEXT(2) 
PARAMETRIC_REPRESENTATION_CONTEXT() REPRESENTATION_CONTEXT('2D SPACE',''
  ) );
#3092 = ADVANCED_FACE('',(#3093),#1406,.F.);
#3093 = FACE_BOUND('',#3094,.F.);
#3094 = EDGE_LOOP('',(#3095,#3096));
#3095 = ORIENTED_EDGE('',*,*,#1391,.F.);
#3096 = ORIENTED_EDGE('',*,*,#3097,.T.);
#3097 = EDGE_CURVE('',#143,#1392,#3098,.T.);
#3098 = SURFACE_CURVE('',#3099,(#3104,#3111),.PCURVE_S1.);
#3099 = CIRCLE('',#3100,20.);
#3100 = AXIS2_PLACEMENT_3D('',#3101,#3102,#3103);
#3101 = CARTESIAN_POINT('',(-780.,300.,-72.));
#3102 = DIRECTION('',(0.,-0.422618261741,-0.906307787037));
#3103 = DIRECTION('',(0.,-0.906307787037,0.422618261741));
#3104 = PCURVE('',#1406,#3105);
#3105 = DEFINITIONAL_REPRESENTATION('',(#3106),#3110);
#3106 = CIRCLE('',#3107,20.);
#3107 = AXIS2_PLACEMENT_2D('',#3108,#3109);
#3108 = CARTESIAN_POINT('',(0.,0.));
#3109 = DIRECTION('',(1.,0.));
#3110 = ( GEOMETRIC_REPRESENTATION_CONTEXT(2) 
PARAMETRIC_REPRESENTATION_CONTEXT() REPRESENTATION_CONTEXT('2D SPACE',''
  ) );
#3111 = PCURVE('',#1544,#3112);
#3112 = DEFINITIONAL_REPRESENTATION('',(#3113),#3117);
#3113 = LINE('',#3114,#3115);
#3114 = CARTESIAN_POINT('',(0.,0.));
#3115 = VECTOR('',#3116,1.);
#3116 = DIRECTION('',(1.,0.));
#3117 = ( GEOMETRIC_REPRESENTATION_CONTEXT(2) 
PARAMETRIC_REPRESENTATION_CONTEXT() REPRESENTATION_CONTEXT('2D SPACE',''
  ) );
#3118 = ADVANCED_FACE('',(#3119),#1455,.T.);
#3119 = FACE_BOUND('',#3120,.T.);
#3120 = EDGE_LOOP('',(#3121,#3144,#3171,#3172,#3173,#3174));
#3121 = ORIENTED_EDGE('',*,*,#3122,.T.);
#3122 = EDGE_CURVE('',#1439,#3123,#3125,.T.);
#3123 = VERTEX_POINT('',#3124);
#3124 = CARTESIAN_POINT('',(-780.,1.355955619002E+03,-1.294319240636E+03
    ));
#3125 = SEAM_CURVE('',#3126,(#3130,#3137),.PCURVE_S1.);
#3126 = LINE('',#3127,#3128);
#3127 = CARTESIAN_POINT('',(-780.,1.929873844259E+03,-63.54763476518));
#3128 = VECTOR('',#3129,1.);
#3129 = DIRECTION('',(1.232595164408E-32,-0.422618261741,-0.906307787037
    ));
#3130 = PCURVE('',#1455,#3131);
#3131 = DEFINITIONAL_REPRESENTATION('',(#3132),#3136);
#3132 = LINE('',#3133,#3134);
#3133 = CARTESIAN_POINT('',(6.28318530718,-0.));
#3134 = VECTOR('',#3135,1.);
#3135 = DIRECTION('',(0.,1.));
#3136 = ( GEOMETRIC_REPRESENTATION_CONTEXT(2) 
PARAMETRIC_REPRESENTATION_CONTEXT() REPRESENTATION_CONTEXT('2D SPACE',''
  ) );
#3137 = PCURVE('',#1455,#3138);
#3138 = DEFINITIONAL_REPRESENTATION('',(#3139),#3143);
#3139 = LINE('',#3140,#3141);
#3140 = CARTESIAN_POINT('',(0.,-0.));
#3141 = VECTOR('',#3142,1.);
#3142 = DIRECTION('',(0.,1.));
#3143 = ( GEOMETRIC_REPRESENTATION_CONTEXT(2) 
PARAMETRIC_REPRESENTATION_CONTEXT() REPRESENTATION_CONTEXT('2D SPACE',''
  ) );
#3144 = ORIENTED_EDGE('',*,*,#3145,.F.);
#3145 = EDGE_CURVE('',#3123,#3123,#3146,.T.);
#3146 = SURFACE_CURVE('',#3147,(#3152,#3159),.PCURVE_S1.);
#3147 = CIRCLE('',#3148,20.);
#3148 = AXIS2_PLACEMENT_3D('',#3149,#3150,#3151);
#3149 = CARTESIAN_POINT('',(-780.,1.374081774743E+03,-1.302771605871E+03
    ));
#3150 = DIRECTION('',(0.,-0.422618261741,-0.906307787037));
#3151 = DIRECTION('',(0.,-0.906307787037,0.422618261741));
#3152 = PCURVE('',#1455,#3153);
#3153 = DEFINITIONAL_REPRESENTATION('',(#3154),#3158);
#3154 = LINE('',#3155,#3156);
#3155 = CARTESIAN_POINT('',(0.,1.358006213204E+03));
#3156 = VECTOR('',#3157,1.);
#3157 = DIRECTION('',(1.,0.));
#3158 = ( GEOMETRIC_REPRESENTATION_CONTEXT(2) 
PARAMETRIC_REPRESENTATION_CONTEXT() REPRESENTATION_CONTEXT('2D SPACE',''
  ) );
#3159 = PCURVE('',#3160,#3165);
#3160 = PLANE('',#3161);
#3161 = AXIS2_PLACEMENT_3D('',#3162,#3163,#3164);
#3162 = CARTESIAN_POINT('',(-780.,1.374081774743E+03,-1.302771605871E+03
    ));
#3163 = DIRECTION('',(0.,-0.422618261741,-0.906307787037));
#3164 = DIRECTION('',(0.,-0.906307787037,0.422618261741));
#3165 = DEFINITIONAL_REPRESENTATION('',(#3166),#3170);
#3166 = CIRCLE('',#3167,20.);
#3167 = AXIS2_PLACEMENT_2D('',#3168,#3169);
#3168 = CARTESIAN_POINT('',(0.,0.));
#3169 = DIRECTION('',(1.,0.));
#3170 = ( GEOMETRIC_REPRESENTATION_CONTEXT(2) 
PARAMETRIC_REPRESENTATION_CONTEXT() REPRESENTATION_CONTEXT('2D SPACE',''
  ) );
#3171 = ORIENTED_EDGE('',*,*,#3122,.F.);
#3172 = ORIENTED_EDGE('',*,*,#1473,.F.);
#3173 = ORIENTED_EDGE('',*,*,#3071,.T.);
#3174 = ORIENTED_EDGE('',*,*,#1438,.F.);
#3175 = ADVANCED_FACE('',(#3176),#1544,.T.);
#3176 = FACE_BOUND('',#3177,.T.);
#3177 = EDGE_LOOP('',(#3178,#3201,#3228,#3229,#3230,#3231));
#3178 = ORIENTED_EDGE('',*,*,#3179,.T.);
#3179 = EDGE_CURVE('',#1528,#3180,#3182,.T.);
#3180 = VERTEX_POINT('',#3181);
#3181 = CARTESIAN_POINT('',(-780.,2.298628620111,-663.0986195063));
#3182 = SEAM_CURVE('',#3183,(#3187,#3194),.PCURVE_S1.);
#3183 = LINE('',#3184,#3185);
#3184 = CARTESIAN_POINT('',(-780.,281.87384425926,-63.54763476518));
#3185 = VECTOR('',#3186,1.);
#3186 = DIRECTION('',(1.232595164408E-32,-0.422618261741,-0.906307787037
    ));
#3187 = PCURVE('',#1544,#3188);
#3188 = DEFINITIONAL_REPRESENTATION('',(#3189),#3193);
#3189 = LINE('',#3190,#3191);
#3190 = CARTESIAN_POINT('',(6.28318530718,-0.));
#3191 = VECTOR('',#3192,1.);
#3192 = DIRECTION('',(0.,1.));
#3193 = ( GEOMETRIC_REPRESENTATION_CONTEXT(2) 
PARAMETRIC_REPRESENTATION_CONTEXT() REPRESENTATION_CONTEXT('2D SPACE',''
  ) );
#3194 = PCURVE('',#1544,#3195);
#3195 = DEFINITIONAL_REPRESENTATION('',(#3196),#3200);
#3196 = LINE('',#3197,#3198);
#3197 = CARTESIAN_POINT('',(0.,-0.));
#3198 = VECTOR('',#3199,1.);
#3199 = DIRECTION('',(0.,1.));
#3200 = ( GEOMETRIC_REPRESENTATION_CONTEXT(2) 
PARAMETRIC_REPRESENTATION_CONTEXT() REPRESENTATION_CONTEXT('2D SPACE',''
  ) );
#3201 = ORIENTED_EDGE('',*,*,#3202,.F.);
#3202 = EDGE_CURVE('',#3180,#3180,#3203,.T.);
#3203 = SURFACE_CURVE('',#3204,(#3209,#3216),.PCURVE_S1.);
#3204 = CIRCLE('',#3205,20.);
#3205 = AXIS2_PLACEMENT_3D('',#3206,#3207,#3208);
#3206 = CARTESIAN_POINT('',(-780.,20.424784360844,-671.5509847411));
#3207 = DIRECTION('',(0.,-0.422618261741,-0.906307787037));
#3208 = DIRECTION('',(0.,-0.906307787037,0.422618261741));
#3209 = PCURVE('',#1544,#3210);
#3210 = DEFINITIONAL_REPRESENTATION('',(#3211),#3215);
#3211 = LINE('',#3212,#3213);
#3212 = CARTESIAN_POINT('',(0.,661.53131785557));
#3213 = VECTOR('',#3214,1.);
#3214 = DIRECTION('',(1.,0.));
#3215 = ( GEOMETRIC_REPRESENTATION_CONTEXT(2) 
PARAMETRIC_REPRESENTATION_CONTEXT() REPRESENTATION_CONTEXT('2D SPACE',''
  ) );
#3216 = PCURVE('',#3217,#3222);
#3217 = PLANE('',#3218);
#3218 = AXIS2_PLACEMENT_3D('',#3219,#3220,#3221);
#3219 = CARTESIAN_POINT('',(-780.,20.424784360844,-671.5509847411));
#3220 = DIRECTION('',(0.,-0.422618261741,-0.906307787037));
#3221 = DIRECTION('',(0.,-0.906307787037,0.422618261741));
#3222 = DEFINITIONAL_REPRESENTATION('',(#3223),#3227);
#3223 = CIRCLE('',#3224,20.);
#3224 = AXIS2_PLACEMENT_2D('',#3225,#3226);
#3225 = CARTESIAN_POINT('',(0.,0.));
#3226 = DIRECTION('',(1.,0.));
#3227 = ( GEOMETRIC_REPRESENTATION_CONTEXT(2) 
PARAMETRIC_REPRESENTATION_CONTEXT() REPRESENTATION_CONTEXT('2D SPACE',''
  ) );
#3228 = ORIENTED_EDGE('',*,*,#3179,.F.);
#3229 = ORIENTED_EDGE('',*,*,#1562,.F.);
#3230 = ORIENTED_EDGE('',*,*,#3097,.T.);
#3231 = ORIENTED_EDGE('',*,*,#1527,.F.);
#3232 = ADVANCED_FACE('',(#3233),#1851,.T.);
#3233 = FACE_BOUND('',#3234,.T.);
#3234 = EDGE_LOOP('',(#3235,#3256,#3257,#3258));
#3235 = ORIENTED_EDGE('',*,*,#3236,.F.);
#3236 = EDGE_CURVE('',#2877,#3002,#3237,.T.);
#3237 = SURFACE_CURVE('',#3238,(#3242,#3249),.PCURVE_S1.);
#3238 = LINE('',#3239,#3240);
#3239 = CARTESIAN_POINT('',(-120.,2.273E+03,-72.));
#3240 = VECTOR('',#3241,1.);
#3241 = DIRECTION('',(1.,0.,-0.));
#3242 = PCURVE('',#1851,#3243);
#3243 = DEFINITIONAL_REPRESENTATION('',(#3244),#3248);
#3244 = LINE('',#3245,#3246);
#3245 = CARTESIAN_POINT('',(0.,0.));
#3246 = VECTOR('',#3247,1.);
#3247 = DIRECTION('',(0.,1.));
#3248 = ( GEOMETRIC_REPRESENTATION_CONTEXT(2) 
PARAMETRIC_REPRESENTATION_CONTEXT() REPRESENTATION_CONTEXT('2D SPACE',''
  ) );
#3249 = PCURVE('',#2892,#3250);
#3250 = DEFINITIONAL_REPRESENTATION('',(#3251),#3255);
#3251 = LINE('',#3252,#3253);
#3252 = CARTESIAN_POINT('',(0.,2.268E+03));
#3253 = VECTOR('',#3254,1.);
#3254 = DIRECTION('',(1.,0.));
#3255 = ( GEOMETRIC_REPRESENTATION_CONTEXT(2) 
PARAMETRIC_REPRESENTATION_CONTEXT() REPRESENTATION_CONTEXT('2D SPACE',''
  ) );
#3256 = ORIENTED_EDGE('',*,*,#2904,.T.);
#3257 = ORIENTED_EDGE('',*,*,#1835,.T.);
#3258 = ORIENTED_EDGE('',*,*,#3024,.F.);
#3259 = ADVANCED_FACE('',(#3260),#1777,.T.);
#3260 = FACE_BOUND('',#3261,.F.);
#3261 = EDGE_LOOP('',(#3262,#3263,#3264,#3265,#3266,#3267,#3268,#3269));
#3262 = ORIENTED_EDGE('',*,*,#1983,.F.);
#3263 = ORIENTED_EDGE('',*,*,#1761,.F.);
#3264 = ORIENTED_EDGE('',*,*,#2277,.T.);
#3265 = ORIENTED_EDGE('',*,*,#2397,.F.);
#3266 = ORIENTED_EDGE('',*,*,#2422,.T.);
#3267 = ORIENTED_EDGE('',*,*,#2348,.T.);
#3268 = ORIENTED_EDGE('',*,*,#2228,.T.);
#3269 = ORIENTED_EDGE('',*,*,#2109,.F.);
#3270 = ADVANCED_FACE('',(#3271),#2091,.T.);
#3271 = FACE_BOUND('',#3272,.T.);
#3272 = EDGE_LOOP('',(#3273,#3274,#3275,#3276));
#3273 = ORIENTED_EDGE('',*,*,#3046,.F.);
#3274 = ORIENTED_EDGE('',*,*,#2299,.F.);
#3275 = ORIENTED_EDGE('',*,*,#2926,.F.);
#3276 = ORIENTED_EDGE('',*,*,#2077,.T.);
#3277 = ADVANCED_FACE('',(#3278,#3448,#3454),#2487,.T.);
#3278 = FACE_BOUND('',#3279,.T.);
#3279 = EDGE_LOOP('',(#3280,#3310,#3338,#3366,#3394,#3422));
#3280 = ORIENTED_EDGE('',*,*,#3281,.F.);
#3281 = EDGE_CURVE('',#3282,#3284,#3286,.T.);
#3282 = VERTEX_POINT('',#3283);
#3283 = CARTESIAN_POINT('',(-1.26E+03,30.,-72.));
#3284 = VERTEX_POINT('',#3285);
#3285 = CARTESIAN_POINT('',(-1.26E+03,30.,-32.));
#3286 = SURFACE_CURVE('',#3287,(#3291,#3298),.PCURVE_S1.);
#3287 = LINE('',#3288,#3289);
#3288 = CARTESIAN_POINT('',(-1.26E+03,30.,-72.));
#3289 = VECTOR('',#3290,1.);
#3290 = DIRECTION('',(0.,0.,1.));
#3291 = PCURVE('',#2487,#3292);
#3292 = DEFINITIONAL_REPRESENTATION('',(#3293),#3297);
#3293 = LINE('',#3294,#3295);
#3294 = CARTESIAN_POINT('',(0.,0.));
#3295 = VECTOR('',#3296,1.);
#3296 = DIRECTION('',(1.,0.));
#3297 = ( GEOMETRIC_REPRESENTATION_CONTEXT(2) 
PARAMETRIC_REPRESENTATION_CONTEXT() REPRESENTATION_CONTEXT('2D SPACE',''
  ) );
#3298 = PCURVE('',#3299,#3304);
#3299 = PLANE('',#3300);
#3300 = AXIS2_PLACEMENT_3D('',#3301,#3302,#3303);
#3301 = CARTESIAN_POINT('',(-1.3E+03,30.,-72.));
#3302 = DIRECTION('',(-0.,1.,0.));
#3303 = DIRECTION('',(0.,0.,1.));
#3304 = DEFINITIONAL_REPRESENTATION('',(#3305),#3309);
#3305 = LINE('',#3306,#3307);
#3306 = CARTESIAN_POINT('',(0.,40.));
#3307 = VECTOR('',#3308,1.);
#3308 = DIRECTION('',(1.,0.));
#3309 = ( GEOMETRIC_REPRESENTATION_CONTEXT(2) 
PARAMETRIC_REPRESENTATION_CONTEXT() REPRESENTATION_CONTEXT('2D SPACE',''
  ) );
#3310 = ORIENTED_EDGE('',*,*,#3311,.T.);
#3311 = EDGE_CURVE('',#3282,#3312,#3314,.T.);
#3312 = VERTEX_POINT('',#3313);
#3313 = CARTESIAN_POINT('',(-1.26E+03,300.,-72.));
#3314 = SURFACE_CURVE('',#3315,(#3319,#3326),.PCURVE_S1.);
#3315 = LINE('',#3316,#3317);
#3316 = CARTESIAN_POINT('',(-1.26E+03,30.,-72.));
#3317 = VECTOR('',#3318,1.);
#3318 = DIRECTION('',(-0.,1.,0.));
#3319 = PCURVE('',#2487,#3320);
#3320 = DEFINITIONAL_REPRESENTATION('',(#3321),#3325);
#3321 = LINE('',#3322,#3323);
#3322 = CARTESIAN_POINT('',(0.,0.));
#3323 = VECTOR('',#3324,1.);
#3324 = DIRECTION('',(0.,-1.));
#3325 = ( GEOMETRIC_REPRESENTATION_CONTEXT(2) 
PARAMETRIC_REPRESENTATION_CONTEXT() REPRESENTATION_CONTEXT('2D SPACE',''
  ) );
#3326 = PCURVE('',#3327,#3332);
#3327 = PLANE('',#3328);
#3328 = AXIS2_PLACEMENT_3D('',#3329,#3330,#3331);
#3329 = CARTESIAN_POINT('',(-1.3E+03,30.,-72.));
#3330 = DIRECTION('',(0.,0.,1.));
#3331 = DIRECTION('',(1.,0.,-0.));
#3332 = DEFINITIONAL_REPRESENTATION('',(#3333),#3337);
#3333 = LINE('',#3334,#3335);
#3334 = CARTESIAN_POINT('',(40.,0.));
#3335 = VECTOR('',#3336,1.);
#3336 = DIRECTION('',(0.,1.));
#3337 = ( GEOMETRIC_REPRESENTATION_CONTEXT(2) 
PARAMETRIC_REPRESENTATION_CONTEXT() REPRESENTATION_CONTEXT('2D SPACE',''
  ) );
#3338 = ORIENTED_EDGE('',*,*,#3339,.T.);
#3339 = EDGE_CURVE('',#3312,#3340,#3342,.T.);
#3340 = VERTEX_POINT('',#3341);
#3341 = CARTESIAN_POINT('',(-1.26E+03,1.948E+03,-72.));
#3342 = SURFACE_CURVE('',#3343,(#3347,#3354),.PCURVE_S1.);
#3343 = LINE('',#3344,#3345);
#3344 = CARTESIAN_POINT('',(-1.26E+03,30.,-72.));
#3345 = VECTOR('',#3346,1.);
#3346 = DIRECTION('',(-0.,1.,0.));
#3347 = PCURVE('',#2487,#3348);
#3348 = DEFINITIONAL_REPRESENTATION('',(#3349),#3353);
#3349 = LINE('',#3350,#3351);
#3350 = CARTESIAN_POINT('',(0.,0.));
#3351 = VECTOR('',#3352,1.);
#3352 = DIRECTION('',(0.,-1.));
#3353 = ( GEOMETRIC_REPRESENTATION_CONTEXT(2) 
PARAMETRIC_REPRESENTATION_CONTEXT() REPRESENTATION_CONTEXT('2D SPACE',''
  ) );
#3354 = PCURVE('',#3355,#3360);
#3355 = PLANE('',#3356);
#3356 = AXIS2_PLACEMENT_3D('',#3357,#3358,#3359);
#3357 = CARTESIAN_POINT('',(-1.3E+03,30.,-72.));
#3358 = DIRECTION('',(0.,0.,1.));
#3359 = DIRECTION('',(1.,0.,-0.));
#3360 = DEFINITIONAL_REPRESENTATION('',(#3361),#3365);
#3361 = LINE('',#3362,#3363);
#3362 = CARTESIAN_POINT('',(40.,0.));
#3363 = VECTOR('',#3364,1.);
#3364 = DIRECTION('',(0.,1.));
#3365 = ( GEOMETRIC_REPRESENTATION_CONTEXT(2) 
PARAMETRIC_REPRESENTATION_CONTEXT() REPRESENTATION_CONTEXT('2D SPACE',''
  ) );
#3366 = ORIENTED_EDGE('',*,*,#3367,.T.);
#3367 = EDGE_CURVE('',#3340,#3368,#3370,.T.);
#3368 = VERTEX_POINT('',#3369);
#3369 = CARTESIAN_POINT('',(-1.26E+03,2.248E+03,-72.));
#3370 = SURFACE_CURVE('',#3371,(#3375,#3382),.PCURVE_S1.);
#3371 = LINE('',#3372,#3373);
#3372 = CARTESIAN_POINT('',(-1.26E+03,30.,-72.));
#3373 = VECTOR('',#3374,1.);
#3374 = DIRECTION('',(-0.,1.,0.));
#3375 = PCURVE('',#2487,#3376);
#3376 = DEFINITIONAL_REPRESENTATION('',(#3377),#3381);
#3377 = LINE('',#3378,#3379);
#3378 = CARTESIAN_POINT('',(0.,0.));
#3379 = VECTOR('',#3380,1.);
#3380 = DIRECTION('',(0.,-1.));
#3381 = ( GEOMETRIC_REPRESENTATION_CONTEXT(2) 
PARAMETRIC_REPRESENTATION_CONTEXT() REPRESENTATION_CONTEXT('2D SPACE',''
  ) );
#3382 = PCURVE('',#3383,#3388);
#3383 = PLANE('',#3384);
#3384 = AXIS2_PLACEMENT_3D('',#3385,#3386,#3387);
#3385 = CARTESIAN_POINT('',(-1.3E+03,30.,-72.));
#3386 = DIRECTION('',(0.,0.,1.));
#3387 = DIRECTION('',(1.,0.,-0.));
#3388 = DEFINITIONAL_REPRESENTATION('',(#3389),#3393);
#3389 = LINE('',#3390,#3391);
#3390 = CARTESIAN_POINT('',(40.,0.));
#3391 = VECTOR('',#3392,1.);
#3392 = DIRECTION('',(0.,1.));
#3393 = ( GEOMETRIC_REPRESENTATION_CONTEXT(2) 
PARAMETRIC_REPRESENTATION_CONTEXT() REPRESENTATION_CONTEXT('2D SPACE',''
  ) );
#3394 = ORIENTED_EDGE('',*,*,#3395,.T.);
#3395 = EDGE_CURVE('',#3368,#3396,#3398,.T.);
#3396 = VERTEX_POINT('',#3397);
#3397 = CARTESIAN_POINT('',(-1.26E+03,2.248E+03,-32.));
#3398 = SURFACE_CURVE('',#3399,(#3403,#3410),.PCURVE_S1.);
#3399 = LINE('',#3400,#3401);
#3400 = CARTESIAN_POINT('',(-1.26E+03,2.248E+03,-72.));
#3401 = VECTOR('',#3402,1.);
#3402 = DIRECTION('',(0.,0.,1.));
#3403 = PCURVE('',#2487,#3404);
#3404 = DEFINITIONAL_REPRESENTATION('',(#3405),#3409);
#3405 = LINE('',#3406,#3407);
#3406 = CARTESIAN_POINT('',(0.,-2.218E+03));
#3407 = VECTOR('',#3408,1.);
#3408 = DIRECTION('',(1.,0.));
#3409 = ( GEOMETRIC_REPRESENTATION_CONTEXT(2) 
PARAMETRIC_REPRESENTATION_CONTEXT() REPRESENTATION_CONTEXT('2D SPACE',''
  ) );
#3410 = PCURVE('',#3411,#3416);
#3411 = PLANE('',#3412);
#3412 = AXIS2_PLACEMENT_3D('',#3413,#3414,#3415);
#3413 = CARTESIAN_POINT('',(-1.3E+03,2.248E+03,-72.));
#3414 = DIRECTION('',(-0.,1.,0.));
#3415 = DIRECTION('',(0.,0.,1.));
#3416 = DEFINITIONAL_REPRESENTATION('',(#3417),#3421);
#3417 = LINE('',#3418,#3419);
#3418 = CARTESIAN_POINT('',(0.,40.));
#3419 = VECTOR('',#3420,1.);
#3420 = DIRECTION('',(1.,0.));
#3421 = ( GEOMETRIC_REPRESENTATION_CONTEXT(2) 
PARAMETRIC_REPRESENTATION_CONTEXT() REPRESENTATION_CONTEXT('2D SPACE',''
  ) );
#3422 = ORIENTED_EDGE('',*,*,#3423,.F.);
#3423 = EDGE_CURVE('',#3284,#3396,#3424,.T.);
#3424 = SURFACE_CURVE('',#3425,(#3429,#3436),.PCURVE_S1.);
#3425 = LINE('',#3426,#3427);
#3426 = CARTESIAN_POINT('',(-1.26E+03,30.,-32.));
#3427 = VECTOR('',#3428,1.);
#3428 = DIRECTION('',(-0.,1.,0.));
#3429 = PCURVE('',#2487,#3430);
#3430 = DEFINITIONAL_REPRESENTATION('',(#3431),#3435);
#3431 = LINE('',#3432,#3433);
#3432 = CARTESIAN_POINT('',(40.,0.));
#3433 = VECTOR('',#3434,1.);
#3434 = DIRECTION('',(0.,-1.));
#3435 = ( GEOMETRIC_REPRESENTATION_CONTEXT(2) 
PARAMETRIC_REPRESENTATION_CONTEXT() REPRESENTATION_CONTEXT('2D SPACE',''
  ) );
#3436 = PCURVE('',#3437,#3442);
#3437 = PLANE('',#3438);
#3438 = AXIS2_PLACEMENT_3D('',#3439,#3440,#3441);
#3439 = CARTESIAN_POINT('',(-1.3E+03,30.,-32.));
#3440 = DIRECTION('',(0.,0.,1.));
#3441 = DIRECTION('',(1.,0.,-0.));
#3442 = DEFINITIONAL_REPRESENTATION('',(#3443),#3447);
#3443 = LINE('',#3444,#3445);
#3444 = CARTESIAN_POINT('',(40.,0.));
#3445 = VECTOR('',#3446,1.);
#3446 = DIRECTION('',(0.,1.));
#3447 = ( GEOMETRIC_REPRESENTATION_CONTEXT(2) 
PARAMETRIC_REPRESENTATION_CONTEXT() REPRESENTATION_CONTEXT('2D SPACE',''
  ) );
#3448 = FACE_BOUND('',#3449,.T.);
#3449 = EDGE_LOOP('',(#3450,#3451,#3452,#3453));
#3450 = ORIENTED_EDGE('',*,*,#2472,.T.);
#3451 = ORIENTED_EDGE('',*,*,#2618,.T.);
#3452 = ORIENTED_EDGE('',*,*,#2571,.F.);
#3453 = ORIENTED_EDGE('',*,*,#2524,.F.);
#3454 = FACE_BOUND('',#3455,.T.);
#3455 = EDGE_LOOP('',(#3456,#3457,#3458,#3459));
#3456 = ORIENTED_EDGE('',*,*,#2665,.T.);
#3457 = ORIENTED_EDGE('',*,*,#2806,.T.);
#3458 = ORIENTED_EDGE('',*,*,#2759,.F.);
#3459 = ORIENTED_EDGE('',*,*,#2712,.F.);
#3460 = ADVANCED_FACE('',(#3461),#2892,.F.);
#3461 = FACE_BOUND('',#3462,.F.);
#3462 = EDGE_LOOP('',(#3463,#3464,#3465,#3466));
#3463 = ORIENTED_EDGE('',*,*,#2950,.T.);
#3464 = ORIENTED_EDGE('',*,*,#3001,.T.);
#3465 = ORIENTED_EDGE('',*,*,#3236,.F.);
#3466 = ORIENTED_EDGE('',*,*,#2876,.T.);
#3467 = ADVANCED_FACE('',(#3468),#3160,.T.);
#3468 = FACE_BOUND('',#3469,.T.);
#3469 = EDGE_LOOP('',(#3470));
#3470 = ORIENTED_EDGE('',*,*,#3145,.T.);
#3471 = ADVANCED_FACE('',(#3472),#3217,.T.);
#3472 = FACE_BOUND('',#3473,.T.);
#3473 = EDGE_LOOP('',(#3474));
#3474 = ORIENTED_EDGE('',*,*,#3202,.T.);
#3475 = ADVANCED_FACE('',(#3476),#3299,.F.);
#3476 = FACE_BOUND('',#3477,.F.);
#3477 = EDGE_LOOP('',(#3478,#3501,#3529,#3550));
#3478 = ORIENTED_EDGE('',*,*,#3479,.F.);
#3479 = EDGE_CURVE('',#3480,#3282,#3482,.T.);
#3480 = VERTEX_POINT('',#3481);
#3481 = CARTESIAN_POINT('',(-1.3E+03,30.,-72.));
#3482 = SURFACE_CURVE('',#3483,(#3487,#3494),.PCURVE_S1.);
#3483 = LINE('',#3484,#3485);
#3484 = CARTESIAN_POINT('',(-1.3E+03,30.,-72.));
#3485 = VECTOR('',#3486,1.);
#3486 = DIRECTION('',(1.,0.,-0.));
#3487 = PCURVE('',#3299,#3488);
#3488 = DEFINITIONAL_REPRESENTATION('',(#3489),#3493);
#3489 = LINE('',#3490,#3491);
#3490 = CARTESIAN_POINT('',(0.,0.));
#3491 = VECTOR('',#3492,1.);
#3492 = DIRECTION('',(0.,1.));
#3493 = ( GEOMETRIC_REPRESENTATION_CONTEXT(2) 
PARAMETRIC_REPRESENTATION_CONTEXT() REPRESENTATION_CONTEXT('2D SPACE',''
  ) );
#3494 = PCURVE('',#3327,#3495);
#3495 = DEFINITIONAL_REPRESENTATION('',(#3496),#3500);
#3496 = LINE('',#3497,#3498);
#3497 = CARTESIAN_POINT('',(0.,0.));
#3498 = VECTOR('',#3499,1.);
#3499 = DIRECTION('',(1.,0.));
#3500 = ( GEOMETRIC_REPRESENTATION_CONTEXT(2) 
PARAMETRIC_REPRESENTATION_CONTEXT() REPRESENTATION_CONTEXT('2D SPACE',''
  ) );
#3501 = ORIENTED_EDGE('',*,*,#3502,.T.);
#3502 = EDGE_CURVE('',#3480,#3503,#3505,.T.);
#3503 = VERTEX_POINT('',#3504);
#3504 = CARTESIAN_POINT('',(-1.3E+03,30.,-32.));
#3505 = SURFACE_CURVE('',#3506,(#3510,#3517),.PCURVE_S1.);
#3506 = LINE('',#3507,#3508);
#3507 = CARTESIAN_POINT('',(-1.3E+03,30.,-72.));
#3508 = VECTOR('',#3509,1.);
#3509 = DIRECTION('',(0.,0.,1.));
#3510 = PCURVE('',#3299,#3511);
#3511 = DEFINITIONAL_REPRESENTATION('',(#3512),#3516);
#3512 = LINE('',#3513,#3514);
#3513 = CARTESIAN_POINT('',(0.,0.));
#3514 = VECTOR('',#3515,1.);
#3515 = DIRECTION('',(1.,0.));
#3516 = ( GEOMETRIC_REPRESENTATION_CONTEXT(2) 
PARAMETRIC_REPRESENTATION_CONTEXT() REPRESENTATION_CONTEXT('2D SPACE',''
  ) );
#3517 = PCURVE('',#3518,#3523);
#3518 = PLANE('',#3519);
#3519 = AXIS2_PLACEMENT_3D('',#3520,#3521,#3522);
#3520 = CARTESIAN_POINT('',(-1.3E+03,30.,-72.));
#3521 = DIRECTION('',(1.,0.,-0.));
#3522 = DIRECTION('',(0.,0.,1.));
#3523 = DEFINITIONAL_REPRESENTATION('',(#3524),#3528);
#3524 = LINE('',#3525,#3526);
#3525 = CARTESIAN_POINT('',(0.,0.));
#3526 = VECTOR('',#3527,1.);
#3527 = DIRECTION('',(1.,0.));
#3528 = ( GEOMETRIC_REPRESENTATION_CONTEXT(2) 
PARAMETRIC_REPRESENTATION_CONTEXT() REPRESENTATION_CONTEXT('2D SPACE',''
  ) );
#3529 = ORIENTED_EDGE('',*,*,#3530,.T.);
#3530 = EDGE_CURVE('',#3503,#3284,#3531,.T.);
#3531 = SURFACE_CURVE('',#3532,(#3536,#3543),.PCURVE_S1.);
#3532 = LINE('',#3533,#3534);
#3533 = CARTESIAN_POINT('',(-1.3E+03,30.,-32.));
#3534 = VECTOR('',#3535,1.);
#3535 = DIRECTION('',(1.,0.,-0.));
#3536 = PCURVE('',#3299,#3537);
#3537 = DEFINITIONAL_REPRESENTATION('',(#3538),#3542);
#3538 = LINE('',#3539,#3540);
#3539 = CARTESIAN_POINT('',(40.,0.));
#3540 = VECTOR('',#3541,1.);
#3541 = DIRECTION('',(0.,1.));
#3542 = ( GEOMETRIC_REPRESENTATION_CONTEXT(2) 
PARAMETRIC_REPRESENTATION_CONTEXT() REPRESENTATION_CONTEXT('2D SPACE',''
  ) );
#3543 = PCURVE('',#3437,#3544);
#3544 = DEFINITIONAL_REPRESENTATION('',(#3545),#3549);
#3545 = LINE('',#3546,#3547);
#3546 = CARTESIAN_POINT('',(0.,0.));
#3547 = VECTOR('',#3548,1.);
#3548 = DIRECTION('',(1.,0.));
#3549 = ( GEOMETRIC_REPRESENTATION_CONTEXT(2) 
PARAMETRIC_REPRESENTATION_CONTEXT() REPRESENTATION_CONTEXT('2D SPACE',''
  ) );
#3550 = ORIENTED_EDGE('',*,*,#3281,.F.);
#3551 = ADVANCED_FACE('',(#3552),#3437,.T.);
#3552 = FACE_BOUND('',#3553,.T.);
#3553 = EDGE_LOOP('',(#3554,#3577,#3578,#3579));
#3554 = ORIENTED_EDGE('',*,*,#3555,.F.);
#3555 = EDGE_CURVE('',#3503,#3556,#3558,.T.);
#3556 = VERTEX_POINT('',#3557);
#3557 = CARTESIAN_POINT('',(-1.3E+03,2.248E+03,-32.));
#3558 = SURFACE_CURVE('',#3559,(#3563,#3570),.PCURVE_S1.);
#3559 = LINE('',#3560,#3561);
#3560 = CARTESIAN_POINT('',(-1.3E+03,30.,-32.));
#3561 = VECTOR('',#3562,1.);
#3562 = DIRECTION('',(-0.,1.,0.));
#3563 = PCURVE('',#3437,#3564);
#3564 = DEFINITIONAL_REPRESENTATION('',(#3565),#3569);
#3565 = LINE('',#3566,#3567);
#3566 = CARTESIAN_POINT('',(0.,0.));
#3567 = VECTOR('',#3568,1.);
#3568 = DIRECTION('',(0.,1.));
#3569 = ( GEOMETRIC_REPRESENTATION_CONTEXT(2) 
PARAMETRIC_REPRESENTATION_CONTEXT() REPRESENTATION_CONTEXT('2D SPACE',''
  ) );
#3570 = PCURVE('',#3518,#3571);
#3571 = DEFINITIONAL_REPRESENTATION('',(#3572),#3576);
#3572 = LINE('',#3573,#3574);
#3573 = CARTESIAN_POINT('',(40.,0.));
#3574 = VECTOR('',#3575,1.);
#3575 = DIRECTION('',(0.,-1.));
#3576 = ( GEOMETRIC_REPRESENTATION_CONTEXT(2) 
PARAMETRIC_REPRESENTATION_CONTEXT() REPRESENTATION_CONTEXT('2D SPACE',''
  ) );
#3577 = ORIENTED_EDGE('',*,*,#3530,.T.);
#3578 = ORIENTED_EDGE('',*,*,#3423,.T.);
#3579 = ORIENTED_EDGE('',*,*,#3580,.F.);
#3580 = EDGE_CURVE('',#3556,#3396,#3581,.T.);
#3581 = SURFACE_CURVE('',#3582,(#3586,#3593),.PCURVE_S1.);
#3582 = LINE('',#3583,#3584);
#3583 = CARTESIAN_POINT('',(-1.3E+03,2.248E+03,-32.));
#3584 = VECTOR('',#3585,1.);
#3585 = DIRECTION('',(1.,0.,-0.));
#3586 = PCURVE('',#3437,#3587);
#3587 = DEFINITIONAL_REPRESENTATION('',(#3588),#3592);
#3588 = LINE('',#3589,#3590);
#3589 = CARTESIAN_POINT('',(0.,2.218E+03));
#3590 = VECTOR('',#3591,1.);
#3591 = DIRECTION('',(1.,0.));
#3592 = ( GEOMETRIC_REPRESENTATION_CONTEXT(2) 
PARAMETRIC_REPRESENTATION_CONTEXT() REPRESENTATION_CONTEXT('2D SPACE',''
  ) );
#3593 = PCURVE('',#3411,#3594);
#3594 = DEFINITIONAL_REPRESENTATION('',(#3595),#3599);
#3595 = LINE('',#3596,#3597);
#3596 = CARTESIAN_POINT('',(40.,0.));
#3597 = VECTOR('',#3598,1.);
#3598 = DIRECTION('',(0.,1.));
#3599 = ( GEOMETRIC_REPRESENTATION_CONTEXT(2) 
PARAMETRIC_REPRESENTATION_CONTEXT() REPRESENTATION_CONTEXT('2D SPACE',''
  ) );
#3600 = ADVANCED_FACE('',(#3601),#3327,.F.);
#3601 = FACE_BOUND('',#3602,.F.);
#3602 = EDGE_LOOP('',(#3603,#3626,#3627,#3628,#3663));
#3603 = ORIENTED_EDGE('',*,*,#3604,.F.);
#3604 = EDGE_CURVE('',#3480,#3605,#3607,.T.);
#3605 = VERTEX_POINT('',#3606);
#3606 = CARTESIAN_POINT('',(-1.3E+03,300.,-72.));
#3607 = SURFACE_CURVE('',#3608,(#3612,#3619),.PCURVE_S1.);
#3608 = LINE('',#3609,#3610);
#3609 = CARTESIAN_POINT('',(-1.3E+03,30.,-72.));
#3610 = VECTOR('',#3611,1.);
#3611 = DIRECTION('',(-0.,1.,0.));
#3612 = PCURVE('',#3327,#3613);
#3613 = DEFINITIONAL_REPRESENTATION('',(#3614),#3618);
#3614 = LINE('',#3615,#3616);
#3615 = CARTESIAN_POINT('',(0.,0.));
#3616 = VECTOR('',#3617,1.);
#3617 = DIRECTION('',(0.,1.));
#3618 = ( GEOMETRIC_REPRESENTATION_CONTEXT(2) 
PARAMETRIC_REPRESENTATION_CONTEXT() REPRESENTATION_CONTEXT('2D SPACE',''
  ) );
#3619 = PCURVE('',#3518,#3620);
#3620 = DEFINITIONAL_REPRESENTATION('',(#3621),#3625);
#3621 = LINE('',#3622,#3623);
#3622 = CARTESIAN_POINT('',(0.,0.));
#3623 = VECTOR('',#3624,1.);
#3624 = DIRECTION('',(0.,-1.));
#3625 = ( GEOMETRIC_REPRESENTATION_CONTEXT(2) 
PARAMETRIC_REPRESENTATION_CONTEXT() REPRESENTATION_CONTEXT('2D SPACE',''
  ) );
#3626 = ORIENTED_EDGE('',*,*,#3479,.T.);
#3627 = ORIENTED_EDGE('',*,*,#3311,.T.);
#3628 = ORIENTED_EDGE('',*,*,#3629,.F.);
#3629 = EDGE_CURVE('',#3630,#3312,#3632,.T.);
#3630 = VERTEX_POINT('',#3631);
#3631 = CARTESIAN_POINT('',(-1.28E+03,277.93244162075,-72.));
#3632 = SURFACE_CURVE('',#3633,(#3638,#3645),.PCURVE_S1.);
#3633 = ELLIPSE('',#3634,22.06755837925,20.);
#3634 = AXIS2_PLACEMENT_3D('',#3635,#3636,#3637);
#3635 = CARTESIAN_POINT('',(-1.28E+03,300.,-72.));
#3636 = DIRECTION('',(0.,0.,1.));
#3637 = DIRECTION('',(0.,-1.,0.));
#3638 = PCURVE('',#3327,#3639);
#3639 = DEFINITIONAL_REPRESENTATION('',(#3640),#3644);
#3640 = ELLIPSE('',#3641,22.06755837925,20.);
#3641 = AXIS2_PLACEMENT_2D('',#3642,#3643);
#3642 = CARTESIAN_POINT('',(20.,270.));
#3643 = DIRECTION('',(0.,-1.));
#3644 = ( GEOMETRIC_REPRESENTATION_CONTEXT(2) 
PARAMETRIC_REPRESENTATION_CONTEXT() REPRESENTATION_CONTEXT('2D SPACE',''
  ) );
#3645 = PCURVE('',#3646,#3651);
#3646 = CYLINDRICAL_SURFACE('',#3647,20.);
#3647 = AXIS2_PLACEMENT_3D('',#3648,#3649,#3650);
#3648 = CARTESIAN_POINT('',(-1.28E+03,300.,-72.));
#3649 = DIRECTION('',(0.,-0.422618261741,-0.906307787037));
#3650 = DIRECTION('',(0.,-0.906307787037,0.422618261741));
#3651 = DEFINITIONAL_REPRESENTATION('',(#3652),#3662);
#3652 = B_SPLINE_CURVE_WITH_KNOTS('',8,(#3653,#3654,#3655,#3656,#3657,
    #3658,#3659,#3660,#3661),.UNSPECIFIED.,.F.,.F.,(9,9),(0.,
    1.570796584136),.PIECEWISE_BEZIER_KNOTS.);
#3653 = CARTESIAN_POINT('',(6.28318530718,9.3261531631));
#3654 = CARTESIAN_POINT('',(6.086835734163,9.3261531631));
#3655 = CARTESIAN_POINT('',(5.890486161146,8.915235483121));
#3656 = CARTESIAN_POINT('',(5.694136588131,8.093403613959));
#3657 = CARTESIAN_POINT('',(5.497787015114,6.894439549294));
#3658 = CARTESIAN_POINT('',(5.301437442095,5.38597589215));
#3659 = CARTESIAN_POINT('',(5.105087869078,3.662370523455));
#3660 = CARTESIAN_POINT('',(4.908738296061,1.831183791465));
#3661 = CARTESIAN_POINT('',(4.712388723044,-2.399999999625E-06));
#3662 = ( GEOMETRIC_REPRESENTATION_CONTEXT(2) 
PARAMETRIC_REPRESENTATION_CONTEXT() REPRESENTATION_CONTEXT('2D SPACE',''
  ) );
#3663 = ORIENTED_EDGE('',*,*,#3664,.F.);
#3664 = EDGE_CURVE('',#3605,#3630,#3665,.T.);
#3665 = SURFACE_CURVE('',#3666,(#3671,#3678),.PCURVE_S1.);
#3666 = ELLIPSE('',#3667,22.06755837925,20.);
#3667 = AXIS2_PLACEMENT_3D('',#3668,#3669,#3670);
#3668 = CARTESIAN_POINT('',(-1.28E+03,300.,-72.));
#3669 = DIRECTION('',(0.,0.,1.));
#3670 = DIRECTION('',(0.,-1.,0.));
#3671 = PCURVE('',#3327,#3672);
#3672 = DEFINITIONAL_REPRESENTATION('',(#3673),#3677);
#3673 = ELLIPSE('',#3674,22.06755837925,20.);
#3674 = AXIS2_PLACEMENT_2D('',#3675,#3676);
#3675 = CARTESIAN_POINT('',(20.,270.));
#3676 = DIRECTION('',(0.,-1.));
#3677 = ( GEOMETRIC_REPRESENTATION_CONTEXT(2) 
PARAMETRIC_REPRESENTATION_CONTEXT() REPRESENTATION_CONTEXT('2D SPACE',''
  ) );
#3678 = PCURVE('',#3646,#3679);
#3679 = DEFINITIONAL_REPRESENTATION('',(#3680),#3690);
#3680 = B_SPLINE_CURVE_WITH_KNOTS('',8,(#3681,#3682,#3683,#3684,#3685,
    #3686,#3687,#3688,#3689),.UNSPECIFIED.,.F.,.F.,(9,9),(4.712388723044
    ,6.28318530718),.PIECEWISE_BEZIER_KNOTS.);
#3681 = CARTESIAN_POINT('',(1.570796584136,-2.399999999625E-06));
#3682 = CARTESIAN_POINT('',(1.374447011119,1.831183791465));
#3683 = CARTESIAN_POINT('',(1.178097438101,3.662370523453));
#3684 = CARTESIAN_POINT('',(0.981747865084,5.385975892139));
#3685 = CARTESIAN_POINT('',(0.785398292066,6.894439549338));
#3686 = CARTESIAN_POINT('',(0.58904871905,8.093403613948));
#3687 = CARTESIAN_POINT('',(0.392699146034,8.915235483122));
#3688 = CARTESIAN_POINT('',(0.196349573017,9.3261531631));
#3689 = CARTESIAN_POINT('',(0.,9.3261531631));
#3690 = ( GEOMETRIC_REPRESENTATION_CONTEXT(2) 
PARAMETRIC_REPRESENTATION_CONTEXT() REPRESENTATION_CONTEXT('2D SPACE',''
  ) );
#3691 = ADVANCED_FACE('',(#3692),#3355,.F.);
#3692 = FACE_BOUND('',#3693,.F.);
#3693 = EDGE_LOOP('',(#3694,#3717,#3741,#3742,#3777));
#3694 = ORIENTED_EDGE('',*,*,#3695,.F.);
#3695 = EDGE_CURVE('',#3605,#3696,#3698,.T.);
#3696 = VERTEX_POINT('',#3697);
#3697 = CARTESIAN_POINT('',(-1.3E+03,1.948E+03,-72.));
#3698 = SURFACE_CURVE('',#3699,(#3703,#3710),.PCURVE_S1.);
#3699 = LINE('',#3700,#3701);
#3700 = CARTESIAN_POINT('',(-1.3E+03,30.,-72.));
#3701 = VECTOR('',#3702,1.);
#3702 = DIRECTION('',(-0.,1.,0.));
#3703 = PCURVE('',#3355,#3704);
#3704 = DEFINITIONAL_REPRESENTATION('',(#3705),#3709);
#3705 = LINE('',#3706,#3707);
#3706 = CARTESIAN_POINT('',(0.,0.));
#3707 = VECTOR('',#3708,1.);
#3708 = DIRECTION('',(0.,1.));
#3709 = ( GEOMETRIC_REPRESENTATION_CONTEXT(2) 
PARAMETRIC_REPRESENTATION_CONTEXT() REPRESENTATION_CONTEXT('2D SPACE',''
  ) );
#3710 = PCURVE('',#3518,#3711);
#3711 = DEFINITIONAL_REPRESENTATION('',(#3712),#3716);
#3712 = LINE('',#3713,#3714);
#3713 = CARTESIAN_POINT('',(0.,0.));
#3714 = VECTOR('',#3715,1.);
#3715 = DIRECTION('',(0.,-1.));
#3716 = ( GEOMETRIC_REPRESENTATION_CONTEXT(2) 
PARAMETRIC_REPRESENTATION_CONTEXT() REPRESENTATION_CONTEXT('2D SPACE',''
  ) );
#3717 = ORIENTED_EDGE('',*,*,#3718,.T.);
#3718 = EDGE_CURVE('',#3605,#3312,#3719,.T.);
#3719 = SURFACE_CURVE('',#3720,(#3724,#3730),.PCURVE_S1.);
#3720 = LINE('',#3721,#3722);
#3721 = CARTESIAN_POINT('',(-1.29E+03,300.,-72.));
#3722 = VECTOR('',#3723,1.);
#3723 = DIRECTION('',(1.,0.,-0.));
#3724 = PCURVE('',#3355,#3725);
#3725 = DEFINITIONAL_REPRESENTATION('',(#3726),#3729);
#3726 = B_SPLINE_CURVE_WITH_KNOTS('',1,(#3727,#3728),.UNSPECIFIED.,.F.,
  .F.,(2,2),(-10.,30.),.PIECEWISE_BEZIER_KNOTS.);
#3727 = CARTESIAN_POINT('',(0.,270.));
#3728 = CARTESIAN_POINT('',(40.,270.));
#3729 = ( GEOMETRIC_REPRESENTATION_CONTEXT(2) 
PARAMETRIC_REPRESENTATION_CONTEXT() REPRESENTATION_CONTEXT('2D SPACE',''
  ) );
#3730 = PCURVE('',#3731,#3736);
#3731 = PLANE('',#3732);
#3732 = AXIS2_PLACEMENT_3D('',#3733,#3734,#3735);
#3733 = CARTESIAN_POINT('',(-1.28E+03,300.,-72.));
#3734 = DIRECTION('',(0.,-0.422618261741,-0.906307787037));
#3735 = DIRECTION('',(0.,-0.906307787037,0.422618261741));
#3736 = DEFINITIONAL_REPRESENTATION('',(#3737),#3740);
#3737 = B_SPLINE_CURVE_WITH_KNOTS('',1,(#3738,#3739),.UNSPECIFIED.,.F.,
  .F.,(2,2),(-10.,30.),.PIECEWISE_BEZIER_KNOTS.);
#3738 = CARTESIAN_POINT('',(0.,20.));
#3739 = CARTESIAN_POINT('',(0.,-20.));
#3740 = ( GEOMETRIC_REPRESENTATION_CONTEXT(2) 
PARAMETRIC_REPRESENTATION_CONTEXT() REPRESENTATION_CONTEXT('2D SPACE',''
  ) );
#3741 = ORIENTED_EDGE('',*,*,#3339,.T.);
#3742 = ORIENTED_EDGE('',*,*,#3743,.F.);
#3743 = EDGE_CURVE('',#3744,#3340,#3746,.T.);
#3744 = VERTEX_POINT('',#3745);
#3745 = CARTESIAN_POINT('',(-1.28E+03,1.925932441621E+03,-72.));
#3746 = SURFACE_CURVE('',#3747,(#3752,#3759),.PCURVE_S1.);
#3747 = ELLIPSE('',#3748,22.06755837925,20.);
#3748 = AXIS2_PLACEMENT_3D('',#3749,#3750,#3751);
#3749 = CARTESIAN_POINT('',(-1.28E+03,1.948E+03,-72.));
#3750 = DIRECTION('',(0.,0.,1.));
#3751 = DIRECTION('',(0.,-1.,0.));
#3752 = PCURVE('',#3355,#3753);
#3753 = DEFINITIONAL_REPRESENTATION('',(#3754),#3758);
#3754 = ELLIPSE('',#3755,22.06755837925,20.);
#3755 = AXIS2_PLACEMENT_2D('',#3756,#3757);
#3756 = CARTESIAN_POINT('',(20.,1.918E+03));
#3757 = DIRECTION('',(0.,-1.));
#3758 = ( GEOMETRIC_REPRESENTATION_CONTEXT(2) 
PARAMETRIC_REPRESENTATION_CONTEXT() REPRESENTATION_CONTEXT('2D SPACE',''
  ) );
#3759 = PCURVE('',#3760,#3765);
#3760 = CYLINDRICAL_SURFACE('',#3761,20.);
#3761 = AXIS2_PLACEMENT_3D('',#3762,#3763,#3764);
#3762 = CARTESIAN_POINT('',(-1.28E+03,1.948E+03,-72.));
#3763 = DIRECTION('',(0.,-0.422618261741,-0.906307787037));
#3764 = DIRECTION('',(0.,-0.906307787037,0.422618261741));
#3765 = DEFINITIONAL_REPRESENTATION('',(#3766),#3776);
#3766 = B_SPLINE_CURVE_WITH_KNOTS('',8,(#3767,#3768,#3769,#3770,#3771,
    #3772,#3773,#3774,#3775),.UNSPECIFIED.,.F.,.F.,(9,9),(0.,
    1.570796584136),.PIECEWISE_BEZIER_KNOTS.);
#3767 = CARTESIAN_POINT('',(6.28318530718,9.3261531631));
#3768 = CARTESIAN_POINT('',(6.086835734163,9.3261531631));
#3769 = CARTESIAN_POINT('',(5.890486161146,8.915235483128));
#3770 = CARTESIAN_POINT('',(5.694136588126,8.093403613933));
#3771 = CARTESIAN_POINT('',(5.497787015117,6.894439549364));
#3772 = CARTESIAN_POINT('',(5.301437442093,5.385975892106));
#3773 = CARTESIAN_POINT('',(5.105087869079,3.662370523456));
#3774 = CARTESIAN_POINT('',(4.908738296061,1.831183791465));
#3775 = CARTESIAN_POINT('',(4.712388723044,-2.399999971203E-06));
#3776 = ( GEOMETRIC_REPRESENTATION_CONTEXT(2) 
PARAMETRIC_REPRESENTATION_CONTEXT() REPRESENTATION_CONTEXT('2D SPACE',''
  ) );
#3777 = ORIENTED_EDGE('',*,*,#3778,.F.);
#3778 = EDGE_CURVE('',#3696,#3744,#3779,.T.);
#3779 = SURFACE_CURVE('',#3780,(#3785,#3792),.PCURVE_S1.);
#3780 = ELLIPSE('',#3781,22.06755837925,20.);
#3781 = AXIS2_PLACEMENT_3D('',#3782,#3783,#3784);
#3782 = CARTESIAN_POINT('',(-1.28E+03,1.948E+03,-72.));
#3783 = DIRECTION('',(0.,0.,1.));
#3784 = DIRECTION('',(0.,-1.,0.));
#3785 = PCURVE('',#3355,#3786);
#3786 = DEFINITIONAL_REPRESENTATION('',(#3787),#3791);
#3787 = ELLIPSE('',#3788,22.06755837925,20.);
#3788 = AXIS2_PLACEMENT_2D('',#3789,#3790);
#3789 = CARTESIAN_POINT('',(20.,1.918E+03));
#3790 = DIRECTION('',(0.,-1.));
#3791 = ( GEOMETRIC_REPRESENTATION_CONTEXT(2) 
PARAMETRIC_REPRESENTATION_CONTEXT() REPRESENTATION_CONTEXT('2D SPACE',''
  ) );
#3792 = PCURVE('',#3760,#3793);
#3793 = DEFINITIONAL_REPRESENTATION('',(#3794),#3804);
#3794 = B_SPLINE_CURVE_WITH_KNOTS('',8,(#3795,#3796,#3797,#3798,#3799,
    #3800,#3801,#3802,#3803),.UNSPECIFIED.,.F.,.F.,(9,9),(4.712388723044
    ,6.28318530718),.PIECEWISE_BEZIER_KNOTS.);
#3795 = CARTESIAN_POINT('',(1.570796584136,-2.399999971203E-06));
#3796 = CARTESIAN_POINT('',(1.374447011119,1.831183791465));
#3797 = CARTESIAN_POINT('',(1.178097438101,3.662370523462));
#3798 = CARTESIAN_POINT('',(0.981747865083,5.385975892106));
#3799 = CARTESIAN_POINT('',(0.785398292068,6.894439549375));
#3800 = CARTESIAN_POINT('',(0.589048719048,8.093403613941));
#3801 = CARTESIAN_POINT('',(0.392699146034,8.915235483131));
#3802 = CARTESIAN_POINT('',(0.196349573017,9.3261531631));
#3803 = CARTESIAN_POINT('',(0.,9.3261531631));
#3804 = ( GEOMETRIC_REPRESENTATION_CONTEXT(2) 
PARAMETRIC_REPRESENTATION_CONTEXT() REPRESENTATION_CONTEXT('2D SPACE',''
  ) );
#3805 = ADVANCED_FACE('',(#3806),#3383,.F.);
#3806 = FACE_BOUND('',#3807,.F.);
#3807 = EDGE_LOOP('',(#3808,#3831,#3855,#3856));
#3808 = ORIENTED_EDGE('',*,*,#3809,.F.);
#3809 = EDGE_CURVE('',#3696,#3810,#3812,.T.);
#3810 = VERTEX_POINT('',#3811);
#3811 = CARTESIAN_POINT('',(-1.3E+03,2.248E+03,-72.));
#3812 = SURFACE_CURVE('',#3813,(#3817,#3824),.PCURVE_S1.);
#3813 = LINE('',#3814,#3815);
#3814 = CARTESIAN_POINT('',(-1.3E+03,30.,-72.));
#3815 = VECTOR('',#3816,1.);
#3816 = DIRECTION('',(-0.,1.,0.));
#3817 = PCURVE('',#3383,#3818);
#3818 = DEFINITIONAL_REPRESENTATION('',(#3819),#3823);
#3819 = LINE('',#3820,#3821);
#3820 = CARTESIAN_POINT('',(0.,0.));
#3821 = VECTOR('',#3822,1.);
#3822 = DIRECTION('',(0.,1.));
#3823 = ( GEOMETRIC_REPRESENTATION_CONTEXT(2) 
PARAMETRIC_REPRESENTATION_CONTEXT() REPRESENTATION_CONTEXT('2D SPACE',''
  ) );
#3824 = PCURVE('',#3518,#3825);
#3825 = DEFINITIONAL_REPRESENTATION('',(#3826),#3830);
#3826 = LINE('',#3827,#3828);
#3827 = CARTESIAN_POINT('',(0.,0.));
#3828 = VECTOR('',#3829,1.);
#3829 = DIRECTION('',(0.,-1.));
#3830 = ( GEOMETRIC_REPRESENTATION_CONTEXT(2) 
PARAMETRIC_REPRESENTATION_CONTEXT() REPRESENTATION_CONTEXT('2D SPACE',''
  ) );
#3831 = ORIENTED_EDGE('',*,*,#3832,.T.);
#3832 = EDGE_CURVE('',#3696,#3340,#3833,.T.);
#3833 = SURFACE_CURVE('',#3834,(#3838,#3844),.PCURVE_S1.);
#3834 = LINE('',#3835,#3836);
#3835 = CARTESIAN_POINT('',(-1.29E+03,1.948E+03,-72.));
#3836 = VECTOR('',#3837,1.);
#3837 = DIRECTION('',(1.,0.,-0.));
#3838 = PCURVE('',#3383,#3839);
#3839 = DEFINITIONAL_REPRESENTATION('',(#3840),#3843);
#3840 = B_SPLINE_CURVE_WITH_KNOTS('',1,(#3841,#3842),.UNSPECIFIED.,.F.,
  .F.,(2,2),(-10.,30.),.PIECEWISE_BEZIER_KNOTS.);
#3841 = CARTESIAN_POINT('',(0.,1.918E+03));
#3842 = CARTESIAN_POINT('',(40.,1.918E+03));
#3843 = ( GEOMETRIC_REPRESENTATION_CONTEXT(2) 
PARAMETRIC_REPRESENTATION_CONTEXT() REPRESENTATION_CONTEXT('2D SPACE',''
  ) );
#3844 = PCURVE('',#3845,#3850);
#3845 = PLANE('',#3846);
#3846 = AXIS2_PLACEMENT_3D('',#3847,#3848,#3849);
#3847 = CARTESIAN_POINT('',(-1.28E+03,1.948E+03,-72.));
#3848 = DIRECTION('',(0.,-0.422618261741,-0.906307787037));
#3849 = DIRECTION('',(0.,-0.906307787037,0.422618261741));
#3850 = DEFINITIONAL_REPRESENTATION('',(#3851),#3854);
#3851 = B_SPLINE_CURVE_WITH_KNOTS('',1,(#3852,#3853),.UNSPECIFIED.,.F.,
  .F.,(2,2),(-10.,30.),.PIECEWISE_BEZIER_KNOTS.);
#3852 = CARTESIAN_POINT('',(2.060705326213E-13,20.));
#3853 = CARTESIAN_POINT('',(2.060705326213E-13,-20.));
#3854 = ( GEOMETRIC_REPRESENTATION_CONTEXT(2) 
PARAMETRIC_REPRESENTATION_CONTEXT() REPRESENTATION_CONTEXT('2D SPACE',''
  ) );
#3855 = ORIENTED_EDGE('',*,*,#3367,.T.);
#3856 = ORIENTED_EDGE('',*,*,#3857,.F.);
#3857 = EDGE_CURVE('',#3810,#3368,#3858,.T.);
#3858 = SURFACE_CURVE('',#3859,(#3863,#3870),.PCURVE_S1.);
#3859 = LINE('',#3860,#3861);
#3860 = CARTESIAN_POINT('',(-1.3E+03,2.248E+03,-72.));
#3861 = VECTOR('',#3862,1.);
#3862 = DIRECTION('',(1.,0.,-0.));
#3863 = PCURVE('',#3383,#3864);
#3864 = DEFINITIONAL_REPRESENTATION('',(#3865),#3869);
#3865 = LINE('',#3866,#3867);
#3866 = CARTESIAN_POINT('',(0.,2.218E+03));
#3867 = VECTOR('',#3868,1.);
#3868 = DIRECTION('',(1.,0.));
#3869 = ( GEOMETRIC_REPRESENTATION_CONTEXT(2) 
PARAMETRIC_REPRESENTATION_CONTEXT() REPRESENTATION_CONTEXT('2D SPACE',''
  ) );
#3870 = PCURVE('',#3411,#3871);
#3871 = DEFINITIONAL_REPRESENTATION('',(#3872),#3876);
#3872 = LINE('',#3873,#3874);
#3873 = CARTESIAN_POINT('',(0.,0.));
#3874 = VECTOR('',#3875,1.);
#3875 = DIRECTION('',(0.,1.));
#3876 = ( GEOMETRIC_REPRESENTATION_CONTEXT(2) 
PARAMETRIC_REPRESENTATION_CONTEXT() REPRESENTATION_CONTEXT('2D SPACE',''
  ) );
#3877 = ADVANCED_FACE('',(#3878),#3411,.T.);
#3878 = FACE_BOUND('',#3879,.T.);
#3879 = EDGE_LOOP('',(#3880,#3881,#3902,#3903));
#3880 = ORIENTED_EDGE('',*,*,#3857,.F.);
#3881 = ORIENTED_EDGE('',*,*,#3882,.T.);
#3882 = EDGE_CURVE('',#3810,#3556,#3883,.T.);
#3883 = SURFACE_CURVE('',#3884,(#3888,#3895),.PCURVE_S1.);
#3884 = LINE('',#3885,#3886);
#3885 = CARTESIAN_POINT('',(-1.3E+03,2.248E+03,-72.));
#3886 = VECTOR('',#3887,1.);
#3887 = DIRECTION('',(0.,0.,1.));
#3888 = PCURVE('',#3411,#3889);
#3889 = DEFINITIONAL_REPRESENTATION('',(#3890),#3894);
#3890 = LINE('',#3891,#3892);
#3891 = CARTESIAN_POINT('',(0.,0.));
#3892 = VECTOR('',#3893,1.);
#3893 = DIRECTION('',(1.,0.));
#3894 = ( GEOMETRIC_REPRESENTATION_CONTEXT(2) 
PARAMETRIC_REPRESENTATION_CONTEXT() REPRESENTATION_CONTEXT('2D SPACE',''
  ) );
#3895 = PCURVE('',#3518,#3896);
#3896 = DEFINITIONAL_REPRESENTATION('',(#3897),#3901);
#3897 = LINE('',#3898,#3899);
#3898 = CARTESIAN_POINT('',(0.,-2.218E+03));
#3899 = VECTOR('',#3900,1.);
#3900 = DIRECTION('',(1.,0.));
#3901 = ( GEOMETRIC_REPRESENTATION_CONTEXT(2) 
PARAMETRIC_REPRESENTATION_CONTEXT() REPRESENTATION_CONTEXT('2D SPACE',''
  ) );
#3902 = ORIENTED_EDGE('',*,*,#3580,.T.);
#3903 = ORIENTED_EDGE('',*,*,#3395,.F.);
#3904 = ADVANCED_FACE('',(#3905),#3518,.F.);
#3905 = FACE_BOUND('',#3906,.F.);
#3906 = EDGE_LOOP('',(#3907,#3908,#3909,#3910,#3911,#3912));
#3907 = ORIENTED_EDGE('',*,*,#3502,.F.);
#3908 = ORIENTED_EDGE('',*,*,#3604,.T.);
#3909 = ORIENTED_EDGE('',*,*,#3695,.T.);
#3910 = ORIENTED_EDGE('',*,*,#3809,.T.);
#3911 = ORIENTED_EDGE('',*,*,#3882,.T.);
#3912 = ORIENTED_EDGE('',*,*,#3555,.F.);
#3913 = ADVANCED_FACE('',(#3914),#3646,.T.);
#3914 = FACE_BOUND('',#3915,.T.);
#3915 = EDGE_LOOP('',(#3916,#3939,#3966,#3967,#3968,#3990));
#3916 = ORIENTED_EDGE('',*,*,#3917,.T.);
#3917 = EDGE_CURVE('',#3630,#3918,#3920,.T.);
#3918 = VERTEX_POINT('',#3919);
#3919 = CARTESIAN_POINT('',(-1.28E+03,2.298628620111,-663.0986195063));
#3920 = SEAM_CURVE('',#3921,(#3925,#3932),.PCURVE_S1.);
#3921 = LINE('',#3922,#3923);
#3922 = CARTESIAN_POINT('',(-1.28E+03,281.87384425926,-63.54763476518));
#3923 = VECTOR('',#3924,1.);
#3924 = DIRECTION('',(1.232595164408E-32,-0.422618261741,-0.906307787037
    ));
#3925 = PCURVE('',#3646,#3926);
#3926 = DEFINITIONAL_REPRESENTATION('',(#3927),#3931);
#3927 = LINE('',#3928,#3929);
#3928 = CARTESIAN_POINT('',(6.28318530718,-0.));
#3929 = VECTOR('',#3930,1.);
#3930 = DIRECTION('',(0.,1.));
#3931 = ( GEOMETRIC_REPRESENTATION_CONTEXT(2) 
PARAMETRIC_REPRESENTATION_CONTEXT() REPRESENTATION_CONTEXT('2D SPACE',''
  ) );
#3932 = PCURVE('',#3646,#3933);
#3933 = DEFINITIONAL_REPRESENTATION('',(#3934),#3938);
#3934 = LINE('',#3935,#3936);
#3935 = CARTESIAN_POINT('',(0.,-0.));
#3936 = VECTOR('',#3937,1.);
#3937 = DIRECTION('',(0.,1.));
#3938 = ( GEOMETRIC_REPRESENTATION_CONTEXT(2) 
PARAMETRIC_REPRESENTATION_CONTEXT() REPRESENTATION_CONTEXT('2D SPACE',''
  ) );
#3939 = ORIENTED_EDGE('',*,*,#3940,.F.);
#3940 = EDGE_CURVE('',#3918,#3918,#3941,.T.);
#3941 = SURFACE_CURVE('',#3942,(#3947,#3954),.PCURVE_S1.);
#3942 = CIRCLE('',#3943,20.);
#3943 = AXIS2_PLACEMENT_3D('',#3944,#3945,#3946);
#3944 = CARTESIAN_POINT('',(-1.28E+03,20.424784360844,-671.5509847411));
#3945 = DIRECTION('',(0.,-0.422618261741,-0.906307787037));
#3946 = DIRECTION('',(0.,-0.906307787037,0.422618261741));
#3947 = PCURVE('',#3646,#3948);
#3948 = DEFINITIONAL_REPRESENTATION('',(#3949),#3953);
#3949 = LINE('',#3950,#3951);
#3950 = CARTESIAN_POINT('',(0.,661.53131785557));
#3951 = VECTOR('',#3952,1.);
#3952 = DIRECTION('',(1.,0.));
#3953 = ( GEOMETRIC_REPRESENTATION_CONTEXT(2) 
PARAMETRIC_REPRESENTATION_CONTEXT() REPRESENTATION_CONTEXT('2D SPACE',''
  ) );
#3954 = PCURVE('',#3955,#3960);
#3955 = PLANE('',#3956);
#3956 = AXIS2_PLACEMENT_3D('',#3957,#3958,#3959);
#3957 = CARTESIAN_POINT('',(-1.28E+03,20.424784360844,-671.5509847411));
#3958 = DIRECTION('',(0.,-0.422618261741,-0.906307787037));
#3959 = DIRECTION('',(0.,-0.906307787037,0.422618261741));
#3960 = DEFINITIONAL_REPRESENTATION('',(#3961),#3965);
#3961 = CIRCLE('',#3962,20.);
#3962 = AXIS2_PLACEMENT_2D('',#3963,#3964);
#3963 = CARTESIAN_POINT('',(0.,0.));
#3964 = DIRECTION('',(1.,0.));
#3965 = ( GEOMETRIC_REPRESENTATION_CONTEXT(2) 
PARAMETRIC_REPRESENTATION_CONTEXT() REPRESENTATION_CONTEXT('2D SPACE',''
  ) );
#3966 = ORIENTED_EDGE('',*,*,#3917,.F.);
#3967 = ORIENTED_EDGE('',*,*,#3664,.F.);
#3968 = ORIENTED_EDGE('',*,*,#3969,.T.);
#3969 = EDGE_CURVE('',#3605,#3312,#3970,.T.);
#3970 = SURFACE_CURVE('',#3971,(#3976,#3983),.PCURVE_S1.);
#3971 = CIRCLE('',#3972,20.);
#3972 = AXIS2_PLACEMENT_3D('',#3973,#3974,#3975);
#3973 = CARTESIAN_POINT('',(-1.28E+03,300.,-72.));
#3974 = DIRECTION('',(0.,-0.422618261741,-0.906307787037));
#3975 = DIRECTION('',(0.,-0.906307787037,0.422618261741));
#3976 = PCURVE('',#3646,#3977);
#3977 = DEFINITIONAL_REPRESENTATION('',(#3978),#3982);
#3978 = LINE('',#3979,#3980);
#3979 = CARTESIAN_POINT('',(0.,0.));
#3980 = VECTOR('',#3981,1.);
#3981 = DIRECTION('',(1.,0.));
#3982 = ( GEOMETRIC_REPRESENTATION_CONTEXT(2) 
PARAMETRIC_REPRESENTATION_CONTEXT() REPRESENTATION_CONTEXT('2D SPACE',''
  ) );
#3983 = PCURVE('',#3731,#3984);
#3984 = DEFINITIONAL_REPRESENTATION('',(#3985),#3989);
#3985 = CIRCLE('',#3986,20.);
#3986 = AXIS2_PLACEMENT_2D('',#3987,#3988);
#3987 = CARTESIAN_POINT('',(0.,0.));
#3988 = DIRECTION('',(1.,0.));
#3989 = ( GEOMETRIC_REPRESENTATION_CONTEXT(2) 
PARAMETRIC_REPRESENTATION_CONTEXT() REPRESENTATION_CONTEXT('2D SPACE',''
  ) );
#3990 = ORIENTED_EDGE('',*,*,#3629,.F.);
#3991 = ADVANCED_FACE('',(#3992),#3760,.T.);
#3992 = FACE_BOUND('',#3993,.T.);
#3993 = EDGE_LOOP('',(#3994,#4017,#4044,#4045,#4046,#4068));
#3994 = ORIENTED_EDGE('',*,*,#3995,.T.);
#3995 = EDGE_CURVE('',#3744,#3996,#3998,.T.);
#3996 = VERTEX_POINT('',#3997);
#3997 = CARTESIAN_POINT('',(-1.28E+03,1.355955619002E+03,
    -1.294319240636E+03));
#3998 = SEAM_CURVE('',#3999,(#4003,#4010),.PCURVE_S1.);
#3999 = LINE('',#4000,#4001);
#4000 = CARTESIAN_POINT('',(-1.28E+03,1.929873844259E+03,-63.54763476518
    ));
#4001 = VECTOR('',#4002,1.);
#4002 = DIRECTION('',(1.232595164408E-32,-0.422618261741,-0.906307787037
    ));
#4003 = PCURVE('',#3760,#4004);
#4004 = DEFINITIONAL_REPRESENTATION('',(#4005),#4009);
#4005 = LINE('',#4006,#4007);
#4006 = CARTESIAN_POINT('',(6.28318530718,-0.));
#4007 = VECTOR('',#4008,1.);
#4008 = DIRECTION('',(0.,1.));
#4009 = ( GEOMETRIC_REPRESENTATION_CONTEXT(2) 
PARAMETRIC_REPRESENTATION_CONTEXT() REPRESENTATION_CONTEXT('2D SPACE',''
  ) );
#4010 = PCURVE('',#3760,#4011);
#4011 = DEFINITIONAL_REPRESENTATION('',(#4012),#4016);
#4012 = LINE('',#4013,#4014);
#4013 = CARTESIAN_POINT('',(0.,-0.));
#4014 = VECTOR('',#4015,1.);
#4015 = DIRECTION('',(0.,1.));
#4016 = ( GEOMETRIC_REPRESENTATION_CONTEXT(2) 
PARAMETRIC_REPRESENTATION_CONTEXT() REPRESENTATION_CONTEXT('2D SPACE',''
  ) );
#4017 = ORIENTED_EDGE('',*,*,#4018,.F.);
#4018 = EDGE_CURVE('',#3996,#3996,#4019,.T.);
#4019 = SURFACE_CURVE('',#4020,(#4025,#4032),.PCURVE_S1.);
#4020 = CIRCLE('',#4021,20.);
#4021 = AXIS2_PLACEMENT_3D('',#4022,#4023,#4024);
#4022 = CARTESIAN_POINT('',(-1.28E+03,1.374081774743E+03,
    -1.302771605871E+03));
#4023 = DIRECTION('',(0.,-0.422618261741,-0.906307787037));
#4024 = DIRECTION('',(0.,-0.906307787037,0.422618261741));
#4025 = PCURVE('',#3760,#4026);
#4026 = DEFINITIONAL_REPRESENTATION('',(#4027),#4031);
#4027 = LINE('',#4028,#4029);
#4028 = CARTESIAN_POINT('',(0.,1.358006213204E+03));
#4029 = VECTOR('',#4030,1.);
#4030 = DIRECTION('',(1.,0.));
#4031 = ( GEOMETRIC_REPRESENTATION_CONTEXT(2) 
PARAMETRIC_REPRESENTATION_CONTEXT() REPRESENTATION_CONTEXT('2D SPACE',''
  ) );
#4032 = PCURVE('',#4033,#4038);
#4033 = PLANE('',#4034);
#4034 = AXIS2_PLACEMENT_3D('',#4035,#4036,#4037);
#4035 = CARTESIAN_POINT('',(-1.28E+03,1.374081774743E+03,
    -1.302771605871E+03));
#4036 = DIRECTION('',(0.,-0.422618261741,-0.906307787037));
#4037 = DIRECTION('',(0.,-0.906307787037,0.422618261741));
#4038 = DEFINITIONAL_REPRESENTATION('',(#4039),#4043);
#4039 = CIRCLE('',#4040,20.);
#4040 = AXIS2_PLACEMENT_2D('',#4041,#4042);
#4041 = CARTESIAN_POINT('',(0.,0.));
#4042 = DIRECTION('',(1.,0.));
#4043 = ( GEOMETRIC_REPRESENTATION_CONTEXT(2) 
PARAMETRIC_REPRESENTATION_CONTEXT() REPRESENTATION_CONTEXT('2D SPACE',''
  ) );
#4044 = ORIENTED_EDGE('',*,*,#3995,.F.);
#4045 = ORIENTED_EDGE('',*,*,#3778,.F.);
#4046 = ORIENTED_EDGE('',*,*,#4047,.T.);
#4047 = EDGE_CURVE('',#3696,#3340,#4048,.T.);
#4048 = SURFACE_CURVE('',#4049,(#4054,#4061),.PCURVE_S1.);
#4049 = CIRCLE('',#4050,20.);
#4050 = AXIS2_PLACEMENT_3D('',#4051,#4052,#4053);
#4051 = CARTESIAN_POINT('',(-1.28E+03,1.948E+03,-72.));
#4052 = DIRECTION('',(0.,-0.422618261741,-0.906307787037));
#4053 = DIRECTION('',(0.,-0.906307787037,0.422618261741));
#4054 = PCURVE('',#3760,#4055);
#4055 = DEFINITIONAL_REPRESENTATION('',(#4056),#4060);
#4056 = LINE('',#4057,#4058);
#4057 = CARTESIAN_POINT('',(0.,0.));
#4058 = VECTOR('',#4059,1.);
#4059 = DIRECTION('',(1.,0.));
#4060 = ( GEOMETRIC_REPRESENTATION_CONTEXT(2) 
PARAMETRIC_REPRESENTATION_CONTEXT() REPRESENTATION_CONTEXT('2D SPACE',''
  ) );
#4061 = PCURVE('',#3845,#4062);
#4062 = DEFINITIONAL_REPRESENTATION('',(#4063),#4067);
#4063 = CIRCLE('',#4064,20.);
#4064 = AXIS2_PLACEMENT_2D('',#4065,#4066);
#4065 = CARTESIAN_POINT('',(0.,0.));
#4066 = DIRECTION('',(1.,0.));
#4067 = ( GEOMETRIC_REPRESENTATION_CONTEXT(2) 
PARAMETRIC_REPRESENTATION_CONTEXT() REPRESENTATION_CONTEXT('2D SPACE',''
  ) );
#4068 = ORIENTED_EDGE('',*,*,#3743,.F.);
#4069 = ADVANCED_FACE('',(#4070),#3731,.F.);
#4070 = FACE_BOUND('',#4071,.F.);
#4071 = EDGE_LOOP('',(#4072,#4073));
#4072 = ORIENTED_EDGE('',*,*,#3718,.F.);
#4073 = ORIENTED_EDGE('',*,*,#3969,.T.);
#4074 = ADVANCED_FACE('',(#4075),#3845,.F.);
#4075 = FACE_BOUND('',#4076,.F.);
#4076 = EDGE_LOOP('',(#4077,#4078));
#4077 = ORIENTED_EDGE('',*,*,#3832,.F.);
#4078 = ORIENTED_EDGE('',*,*,#4047,.T.);
#4079 = ADVANCED_FACE('',(#4080),#3955,.T.);
#4080 = FACE_BOUND('',#4081,.T.);
#4081 = EDGE_LOOP('',(#4082));
#4082 = ORIENTED_EDGE('',*,*,#3940,.T.);
#4083 = ADVANCED_FACE('',(#4084),#4033,.T.);
#4084 = FACE_BOUND('',#4085,.T.);
#4085 = EDGE_LOOP('',(#4086));
#4086 = ORIENTED_EDGE('',*,*,#4018,.T.);
#4087 = MANIFOLD_SOLID_BREP('',#4088);
#4088 = CLOSED_SHELL('',(#4089,#4209,#4285,#4361,#4437,#4508,#4537,#4564
    ));
#4089 = ADVANCED_FACE('',(#4090),#4104,.F.);
#4090 = FACE_BOUND('',#4091,.F.);
#4091 = EDGE_LOOP('',(#4092,#4127,#4155,#4183));
#4092 = ORIENTED_EDGE('',*,*,#4093,.F.);
#4093 = EDGE_CURVE('',#4094,#4096,#4098,.T.);
#4094 = VERTEX_POINT('',#4095);
#4095 = CARTESIAN_POINT('',(-30.,2.208E+03,-52.));
#4096 = VERTEX_POINT('',#4097);
#4097 = CARTESIAN_POINT('',(-30.,2.208E+03,-32.));
#4098 = SURFACE_CURVE('',#4099,(#4103,#4115),.PCURVE_S1.);
#4099 = LINE('',#4100,#4101);
#4100 = CARTESIAN_POINT('',(-30.,2.208E+03,-52.));
#4101 = VECTOR('',#4102,1.);
#4102 = DIRECTION('',(0.,0.,1.));
#4103 = PCURVE('',#4104,#4109);
#4104 = PLANE('',#4105);
#4105 = AXIS2_PLACEMENT_3D('',#4106,#4107,#4108);
#4106 = CARTESIAN_POINT('',(-30.,2.208E+03,-52.));
#4107 = DIRECTION('',(1.,0.,-0.));
#4108 = DIRECTION('',(0.,0.,1.));
#4109 = DEFINITIONAL_REPRESENTATION('',(#4110),#4114);
#4110 = LINE('',#4111,#4112);
#4111 = CARTESIAN_POINT('',(0.,0.));
#4112 = VECTOR('',#4113,1.);
#4113 = DIRECTION('',(1.,0.));
#4114 = ( GEOMETRIC_REPRESENTATION_CONTEXT(2) 
PARAMETRIC_REPRESENTATION_CONTEXT() REPRESENTATION_CONTEXT('2D SPACE',''
  ) );
#4115 = PCURVE('',#4116,#4121);
#4116 = PLANE('',#4117);
#4117 = AXIS2_PLACEMENT_3D('',#4118,#4119,#4120);
#4118 = CARTESIAN_POINT('',(-30.,2.208E+03,-52.));
#4119 = DIRECTION('',(-0.,1.,0.));
#4120 = DIRECTION('',(0.,0.,1.));
#4121 = DEFINITIONAL_REPRESENTATION('',(#4122),#4126);
#4122 = LINE('',#4123,#4124);
#4123 = CARTESIAN_POINT('',(0.,0.));
#4124 = VECTOR('',#4125,1.);
#4125 = DIRECTION('',(1.,0.));
#4126 = ( GEOMETRIC_REPRESENTATION_CONTEXT(2) 
PARAMETRIC_REPRESENTATION_CONTEXT() REPRESENTATION_CONTEXT('2D SPACE',''
  ) );
#4127 = ORIENTED_EDGE('',*,*,#4128,.T.);
#4128 = EDGE_CURVE('',#4094,#4129,#4131,.T.);
#4129 = VERTEX_POINT('',#4130);
#4130 = CARTESIAN_POINT('',(-30.,2.248E+03,-52.));
#4131 = SURFACE_CURVE('',#4132,(#4136,#4143),.PCURVE_S1.);
#4132 = LINE('',#4133,#4134);
#4133 = CARTESIAN_POINT('',(-30.,2.208E+03,-52.));
#4134 = VECTOR('',#4135,1.);
#4135 = DIRECTION('',(-0.,1.,0.));
#4136 = PCURVE('',#4104,#4137);
#4137 = DEFINITIONAL_REPRESENTATION('',(#4138),#4142);
#4138 = LINE('',#4139,#4140);
#4139 = CARTESIAN_POINT('',(0.,0.));
#4140 = VECTOR('',#4141,1.);
#4141 = DIRECTION('',(0.,-1.));
#4142 = ( GEOMETRIC_REPRESENTATION_CONTEXT(2) 
PARAMETRIC_REPRESENTATION_CONTEXT() REPRESENTATION_CONTEXT('2D SPACE',''
  ) );
#4143 = PCURVE('',#4144,#4149);
#4144 = PLANE('',#4145);
#4145 = AXIS2_PLACEMENT_3D('',#4146,#4147,#4148);
#4146 = CARTESIAN_POINT('',(-30.,2.208E+03,-52.));
#4147 = DIRECTION('',(0.,0.,1.));
#4148 = DIRECTION('',(1.,0.,-0.));
#4149 = DEFINITIONAL_REPRESENTATION('',(#4150),#4154);
#4150 = LINE('',#4151,#4152);
#4151 = CARTESIAN_POINT('',(0.,0.));
#4152 = VECTOR('',#4153,1.);
#4153 = DIRECTION('',(0.,1.));
#4154 = ( GEOMETRIC_REPRESENTATION_CONTEXT(2) 
PARAMETRIC_REPRESENTATION_CONTEXT() REPRESENTATION_CONTEXT('2D SPACE',''
  ) );
#4155 = ORIENTED_EDGE('',*,*,#4156,.T.);
#4156 = EDGE_CURVE('',#4129,#4157,#4159,.T.);
#4157 = VERTEX_POINT('',#4158);
#4158 = CARTESIAN_POINT('',(-30.,2.248E+03,-32.));
#4159 = SURFACE_CURVE('',#4160,(#4164,#4171),.PCURVE_S1.);
#4160 = LINE('',#4161,#4162);
#4161 = CARTESIAN_POINT('',(-30.,2.248E+03,-52.));
#4162 = VECTOR('',#4163,1.);
#4163 = DIRECTION('',(0.,0.,1.));
#4164 = PCURVE('',#4104,#4165);
#4165 = DEFINITIONAL_REPRESENTATION('',(#4166),#4170);
#4166 = LINE('',#4167,#4168);
#4167 = CARTESIAN_POINT('',(0.,-40.));
#4168 = VECTOR('',#4169,1.);
#4169 = DIRECTION('',(1.,0.));
#4170 = ( GEOMETRIC_REPRESENTATION_CONTEXT(2) 
PARAMETRIC_REPRESENTATION_CONTEXT() REPRESENTATION_CONTEXT('2D SPACE',''
  ) );
#4171 = PCURVE('',#4172,#4177);
#4172 = PLANE('',#4173);
#4173 = AXIS2_PLACEMENT_3D('',#4174,#4175,#4176);
#4174 = CARTESIAN_POINT('',(-30.,2.248E+03,-52.));
#4175 = DIRECTION('',(-0.,1.,0.));
#4176 = DIRECTION('',(0.,0.,1.));
#4177 = DEFINITIONAL_REPRESENTATION('',(#4178),#4182);
#4178 = LINE('',#4179,#4180);
#4179 = CARTESIAN_POINT('',(0.,0.));
#4180 = VECTOR('',#4181,1.);
#4181 = DIRECTION('',(1.,0.));
#4182 = ( GEOMETRIC_REPRESENTATION_CONTEXT(2) 
PARAMETRIC_REPRESENTATION_CONTEXT() REPRESENTATION_CONTEXT('2D SPACE',''
  ) );
#4183 = ORIENTED_EDGE('',*,*,#4184,.F.);
#4184 = EDGE_CURVE('',#4096,#4157,#4185,.T.);
#4185 = SURFACE_CURVE('',#4186,(#4190,#4197),.PCURVE_S1.);
#4186 = LINE('',#4187,#4188);
#4187 = CARTESIAN_POINT('',(-30.,2.208E+03,-32.));
#4188 = VECTOR('',#4189,1.);
#4189 = DIRECTION('',(-0.,1.,0.));
#4190 = PCURVE('',#4104,#4191);
#4191 = DEFINITIONAL_REPRESENTATION('',(#4192),#4196);
#4192 = LINE('',#4193,#4194);
#4193 = CARTESIAN_POINT('',(20.,0.));
#4194 = VECTOR('',#4195,1.);
#4195 = DIRECTION('',(0.,-1.));
#4196 = ( GEOMETRIC_REPRESENTATION_CONTEXT(2) 
PARAMETRIC_REPRESENTATION_CONTEXT() REPRESENTATION_CONTEXT('2D SPACE',''
  ) );
#4197 = PCURVE('',#4198,#4203);
#4198 = PLANE('',#4199);
#4199 = AXIS2_PLACEMENT_3D('',#4200,#4201,#4202);
#4200 = CARTESIAN_POINT('',(-30.,2.208E+03,-32.));
#4201 = DIRECTION('',(0.,0.,1.));
#4202 = DIRECTION('',(1.,0.,-0.));
#4203 = DEFINITIONAL_REPRESENTATION('',(#4204),#4208);
#4204 = LINE('',#4205,#4206);
#4205 = CARTESIAN_POINT('',(0.,0.));
#4206 = VECTOR('',#4207,1.);
#4207 = DIRECTION('',(0.,1.));
#4208 = ( GEOMETRIC_REPRESENTATION_CONTEXT(2) 
PARAMETRIC_REPRESENTATION_CONTEXT() REPRESENTATION_CONTEXT('2D SPACE',''
  ) );
#4209 = ADVANCED_FACE('',(#4210),#4144,.F.);
#4210 = FACE_BOUND('',#4211,.F.);
#4211 = EDGE_LOOP('',(#4212,#4213,#4236,#4264));
#4212 = ORIENTED_EDGE('',*,*,#4128,.F.);
#4213 = ORIENTED_EDGE('',*,*,#4214,.T.);
#4214 = EDGE_CURVE('',#4094,#4215,#4217,.T.);
#4215 = VERTEX_POINT('',#4216);
#4216 = CARTESIAN_POINT('',(110.,2.208E+03,-52.));
#4217 = SURFACE_CURVE('',#4218,(#4222,#4229),.PCURVE_S1.);
#4218 = LINE('',#4219,#4220);
#4219 = CARTESIAN_POINT('',(-30.,2.208E+03,-52.));
#4220 = VECTOR('',#4221,1.);
#4221 = DIRECTION('',(1.,0.,-0.));
#4222 = PCURVE('',#4144,#4223);
#4223 = DEFINITIONAL_REPRESENTATION('',(#4224),#4228);
#4224 = LINE('',#4225,#4226);
#4225 = CARTESIAN_POINT('',(0.,0.));
#4226 = VECTOR('',#4227,1.);
#4227 = DIRECTION('',(1.,0.));
#4228 = ( GEOMETRIC_REPRESENTATION_CONTEXT(2) 
PARAMETRIC_REPRESENTATION_CONTEXT() REPRESENTATION_CONTEXT('2D SPACE',''
  ) );
#4229 = PCURVE('',#4116,#4230);
#4230 = DEFINITIONAL_REPRESENTATION('',(#4231),#4235);
#4231 = LINE('',#4232,#4233);
#4232 = CARTESIAN_POINT('',(0.,0.));
#4233 = VECTOR('',#4234,1.);
#4234 = DIRECTION('',(0.,1.));
#4235 = ( GEOMETRIC_REPRESENTATION_CONTEXT(2) 
PARAMETRIC_REPRESENTATION_CONTEXT() REPRESENTATION_CONTEXT('2D SPACE',''
  ) );
#4236 = ORIENTED_EDGE('',*,*,#4237,.T.);
#4237 = EDGE_CURVE('',#4215,#4238,#4240,.T.);
#4238 = VERTEX_POINT('',#4239);
#4239 = CARTESIAN_POINT('',(110.,2.248E+03,-52.));
#4240 = SURFACE_CURVE('',#4241,(#4245,#4252),.PCURVE_S1.);
#4241 = LINE('',#4242,#4243);
#4242 = CARTESIAN_POINT('',(110.,2.208E+03,-52.));
#4243 = VECTOR('',#4244,1.);
#4244 = DIRECTION('',(-0.,1.,0.));
#4245 = PCURVE('',#4144,#4246);
#4246 = DEFINITIONAL_REPRESENTATION('',(#4247),#4251);
#4247 = LINE('',#4248,#4249);
#4248 = CARTESIAN_POINT('',(140.,0.));
#4249 = VECTOR('',#4250,1.);
#4250 = DIRECTION('',(0.,1.));
#4251 = ( GEOMETRIC_REPRESENTATION_CONTEXT(2) 
PARAMETRIC_REPRESENTATION_CONTEXT() REPRESENTATION_CONTEXT('2D SPACE',''
  ) );
#4252 = PCURVE('',#4253,#4258);
#4253 = PLANE('',#4254);
#4254 = AXIS2_PLACEMENT_3D('',#4255,#4256,#4257);
#4255 = CARTESIAN_POINT('',(110.,2.208E+03,-52.));
#4256 = DIRECTION('',(1.,0.,-0.));
#4257 = DIRECTION('',(0.,0.,1.));
#4258 = DEFINITIONAL_REPRESENTATION('',(#4259),#4263);
#4259 = LINE('',#4260,#4261);
#4260 = CARTESIAN_POINT('',(0.,0.));
#4261 = VECTOR('',#4262,1.);
#4262 = DIRECTION('',(0.,-1.));
#4263 = ( GEOMETRIC_REPRESENTATION_CONTEXT(2) 
PARAMETRIC_REPRESENTATION_CONTEXT() REPRESENTATION_CONTEXT('2D SPACE',''
  ) );
#4264 = ORIENTED_EDGE('',*,*,#4265,.F.);
#4265 = EDGE_CURVE('',#4129,#4238,#4266,.T.);
#4266 = SURFACE_CURVE('',#4267,(#4271,#4278),.PCURVE_S1.);
#4267 = LINE('',#4268,#4269);
#4268 = CARTESIAN_POINT('',(-30.,2.248E+03,-52.));
#4269 = VECTOR('',#4270,1.);
#4270 = DIRECTION('',(1.,0.,-0.));
#4271 = PCURVE('',#4144,#4272);
#4272 = DEFINITIONAL_REPRESENTATION('',(#4273),#4277);
#4273 = LINE('',#4274,#4275);
#4274 = CARTESIAN_POINT('',(0.,40.));
#4275 = VECTOR('',#4276,1.);
#4276 = DIRECTION('',(1.,0.));
#4277 = ( GEOMETRIC_REPRESENTATION_CONTEXT(2) 
PARAMETRIC_REPRESENTATION_CONTEXT() REPRESENTATION_CONTEXT('2D SPACE',''
  ) );
#4278 = PCURVE('',#4172,#4279);
#4279 = DEFINITIONAL_REPRESENTATION('',(#4280),#4284);
#4280 = LINE('',#4281,#4282);
#4281 = CARTESIAN_POINT('',(0.,0.));
#4282 = VECTOR('',#4283,1.);
#4283 = DIRECTION('',(0.,1.));
#4284 = ( GEOMETRIC_REPRESENTATION_CONTEXT(2) 
PARAMETRIC_REPRESENTATION_CONTEXT() REPRESENTATION_CONTEXT('2D SPACE',''
  ) );
#4285 = ADVANCED_FACE('',(#4286),#4253,.T.);
#4286 = FACE_BOUND('',#4287,.T.);
#4287 = EDGE_LOOP('',(#4288,#4311,#4312,#4335));
#4288 = ORIENTED_EDGE('',*,*,#4289,.F.);
#4289 = EDGE_CURVE('',#4215,#4290,#4292,.T.);
#4290 = VERTEX_POINT('',#4291);
#4291 = CARTESIAN_POINT('',(110.,2.208E+03,-20.));
#4292 = SURFACE_CURVE('',#4293,(#4297,#4304),.PCURVE_S1.);
#4293 = LINE('',#4294,#4295);
#4294 = CARTESIAN_POINT('',(110.,2.208E+03,-52.));
#4295 = VECTOR('',#4296,1.);
#4296 = DIRECTION('',(0.,0.,1.));
#4297 = PCURVE('',#4253,#4298);
#4298 = DEFINITIONAL_REPRESENTATION('',(#4299),#4303);
#4299 = LINE('',#4300,#4301);
#4300 = CARTESIAN_POINT('',(0.,0.));
#4301 = VECTOR('',#4302,1.);
#4302 = DIRECTION('',(1.,0.));
#4303 = ( GEOMETRIC_REPRESENTATION_CONTEXT(2) 
PARAMETRIC_REPRESENTATION_CONTEXT() REPRESENTATION_CONTEXT('2D SPACE',''
  ) );
#4304 = PCURVE('',#4116,#4305);
#4305 = DEFINITIONAL_REPRESENTATION('',(#4306),#4310);
#4306 = LINE('',#4307,#4308);
#4307 = CARTESIAN_POINT('',(0.,140.));
#4308 = VECTOR('',#4309,1.);
#4309 = DIRECTION('',(1.,0.));
#4310 = ( GEOMETRIC_REPRESENTATION_CONTEXT(2) 
PARAMETRIC_REPRESENTATION_CONTEXT() REPRESENTATION_CONTEXT('2D SPACE',''
  ) );
#4311 = ORIENTED_EDGE('',*,*,#4237,.T.);
#4312 = ORIENTED_EDGE('',*,*,#4313,.F.);
#4313 = EDGE_CURVE('',#4314,#4238,#4316,.T.);
#4314 = VERTEX_POINT('',#4315);
#4315 = CARTESIAN_POINT('',(110.,2.248E+03,-20.));
#4316 = SURFACE_CURVE('',#4317,(#4321,#4328),.PCURVE_S1.);
#4317 = LINE('',#4318,#4319);
#4318 = CARTESIAN_POINT('',(110.,2.248E+03,-20.));
#4319 = VECTOR('',#4320,1.);
#4320 = DIRECTION('',(0.,0.,-1.));
#4321 = PCURVE('',#4253,#4322);
#4322 = DEFINITIONAL_REPRESENTATION('',(#4323),#4327);
#4323 = LINE('',#4324,#4325);
#4324 = CARTESIAN_POINT('',(32.,-40.));
#4325 = VECTOR('',#4326,1.);
#4326 = DIRECTION('',(-1.,0.));
#4327 = ( GEOMETRIC_REPRESENTATION_CONTEXT(2) 
PARAMETRIC_REPRESENTATION_CONTEXT() REPRESENTATION_CONTEXT('2D SPACE',''
  ) );
#4328 = PCURVE('',#4172,#4329);
#4329 = DEFINITIONAL_REPRESENTATION('',(#4330),#4334);
#4330 = LINE('',#4331,#4332);
#4331 = CARTESIAN_POINT('',(32.,140.));
#4332 = VECTOR('',#4333,1.);
#4333 = DIRECTION('',(-1.,0.));
#4334 = ( GEOMETRIC_REPRESENTATION_CONTEXT(2) 
PARAMETRIC_REPRESENTATION_CONTEXT() REPRESENTATION_CONTEXT('2D SPACE',''
  ) );
#4335 = ORIENTED_EDGE('',*,*,#4336,.F.);
#4336 = EDGE_CURVE('',#4290,#4314,#4337,.T.);
#4337 = SURFACE_CURVE('',#4338,(#4342,#4349),.PCURVE_S1.);
#4338 = LINE('',#4339,#4340);
#4339 = CARTESIAN_POINT('',(110.,2.208E+03,-20.));
#4340 = VECTOR('',#4341,1.);
#4341 = DIRECTION('',(-0.,1.,0.));
#4342 = PCURVE('',#4253,#4343);
#4343 = DEFINITIONAL_REPRESENTATION('',(#4344),#4348);
#4344 = LINE('',#4345,#4346);
#4345 = CARTESIAN_POINT('',(32.,0.));
#4346 = VECTOR('',#4347,1.);
#4347 = DIRECTION('',(0.,-1.));
#4348 = ( GEOMETRIC_REPRESENTATION_CONTEXT(2) 
PARAMETRIC_REPRESENTATION_CONTEXT() REPRESENTATION_CONTEXT('2D SPACE',''
  ) );
#4349 = PCURVE('',#4350,#4355);
#4350 = PLANE('',#4351);
#4351 = AXIS2_PLACEMENT_3D('',#4352,#4353,#4354);
#4352 = CARTESIAN_POINT('',(60.,2.208E+03,-20.));
#4353 = DIRECTION('',(0.,0.,1.));
#4354 = DIRECTION('',(1.,0.,-0.));
#4355 = DEFINITIONAL_REPRESENTATION('',(#4356),#4360);
#4356 = LINE('',#4357,#4358);
#4357 = CARTESIAN_POINT('',(50.,0.));
#4358 = VECTOR('',#4359,1.);
#4359 = DIRECTION('',(0.,1.));
#4360 = ( GEOMETRIC_REPRESENTATION_CONTEXT(2) 
PARAMETRIC_REPRESENTATION_CONTEXT() REPRESENTATION_CONTEXT('2D SPACE',''
  ) );
#4361 = ADVANCED_FACE('',(#4362),#4350,.T.);
#4362 = FACE_BOUND('',#4363,.T.);
#4363 = EDGE_LOOP('',(#4364,#4394,#4415,#4416));
#4364 = ORIENTED_EDGE('',*,*,#4365,.F.);
#4365 = EDGE_CURVE('',#4366,#4368,#4370,.T.);
#4366 = VERTEX_POINT('',#4367);
#4367 = CARTESIAN_POINT('',(60.,2.208E+03,-20.));
#4368 = VERTEX_POINT('',#4369);
#4369 = CARTESIAN_POINT('',(60.,2.248E+03,-20.));
#4370 = SURFACE_CURVE('',#4371,(#4375,#4382),.PCURVE_S1.);
#4371 = LINE('',#4372,#4373);
#4372 = CARTESIAN_POINT('',(60.,2.208E+03,-20.));
#4373 = VECTOR('',#4374,1.);
#4374 = DIRECTION('',(-0.,1.,0.));
#4375 = PCURVE('',#4350,#4376);
#4376 = DEFINITIONAL_REPRESENTATION('',(#4377),#4381);
#4377 = LINE('',#4378,#4379);
#4378 = CARTESIAN_POINT('',(0.,0.));
#4379 = VECTOR('',#4380,1.);
#4380 = DIRECTION('',(0.,1.));
#4381 = ( GEOMETRIC_REPRESENTATION_CONTEXT(2) 
PARAMETRIC_REPRESENTATION_CONTEXT() REPRESENTATION_CONTEXT('2D SPACE',''
  ) );
#4382 = PCURVE('',#4383,#4388);
#4383 = PLANE('',#4384);
#4384 = AXIS2_PLACEMENT_3D('',#4385,#4386,#4387);
#4385 = CARTESIAN_POINT('',(60.,2.208E+03,-32.));
#4386 = DIRECTION('',(1.,0.,-0.));
#4387 = DIRECTION('',(0.,0.,1.));
#4388 = DEFINITIONAL_REPRESENTATION('',(#4389),#4393);
#4389 = LINE('',#4390,#4391);
#4390 = CARTESIAN_POINT('',(12.,0.));
#4391 = VECTOR('',#4392,1.);
#4392 = DIRECTION('',(0.,-1.));
#4393 = ( GEOMETRIC_REPRESENTATION_CONTEXT(2) 
PARAMETRIC_REPRESENTATION_CONTEXT() REPRESENTATION_CONTEXT('2D SPACE',''
  ) );
#4394 = ORIENTED_EDGE('',*,*,#4395,.T.);
#4395 = EDGE_CURVE('',#4366,#4290,#4396,.T.);
#4396 = SURFACE_CURVE('',#4397,(#4401,#4408),.PCURVE_S1.);
#4397 = LINE('',#4398,#4399);
#4398 = CARTESIAN_POINT('',(60.,2.208E+03,-20.));
#4399 = VECTOR('',#4400,1.);
#4400 = DIRECTION('',(1.,0.,-0.));
#4401 = PCURVE('',#4350,#4402);
#4402 = DEFINITIONAL_REPRESENTATION('',(#4403),#4407);
#4403 = LINE('',#4404,#4405);
#4404 = CARTESIAN_POINT('',(0.,0.));
#4405 = VECTOR('',#4406,1.);
#4406 = DIRECTION('',(1.,0.));
#4407 = ( GEOMETRIC_REPRESENTATION_CONTEXT(2) 
PARAMETRIC_REPRESENTATION_CONTEXT() REPRESENTATION_CONTEXT('2D SPACE',''
  ) );
#4408 = PCURVE('',#4116,#4409);
#4409 = DEFINITIONAL_REPRESENTATION('',(#4410),#4414);
#4410 = LINE('',#4411,#4412);
#4411 = CARTESIAN_POINT('',(32.,90.));
#4412 = VECTOR('',#4413,1.);
#4413 = DIRECTION('',(0.,1.));
#4414 = ( GEOMETRIC_REPRESENTATION_CONTEXT(2) 
PARAMETRIC_REPRESENTATION_CONTEXT() REPRESENTATION_CONTEXT('2D SPACE',''
  ) );
#4415 = ORIENTED_EDGE('',*,*,#4336,.T.);
#4416 = ORIENTED_EDGE('',*,*,#4417,.F.);
#4417 = EDGE_CURVE('',#4368,#4314,#4418,.T.);
#4418 = SURFACE_CURVE('',#4419,(#4423,#4430),.PCURVE_S1.);
#4419 = LINE('',#4420,#4421);
#4420 = CARTESIAN_POINT('',(60.,2.248E+03,-20.));
#4421 = VECTOR('',#4422,1.);
#4422 = DIRECTION('',(1.,0.,-0.));
#4423 = PCURVE('',#4350,#4424);
#4424 = DEFINITIONAL_REPRESENTATION('',(#4425),#4429);
#4425 = LINE('',#4426,#4427);
#4426 = CARTESIAN_POINT('',(0.,40.));
#4427 = VECTOR('',#4428,1.);
#4428 = DIRECTION('',(1.,0.));
#4429 = ( GEOMETRIC_REPRESENTATION_CONTEXT(2) 
PARAMETRIC_REPRESENTATION_CONTEXT() REPRESENTATION_CONTEXT('2D SPACE',''
  ) );
#4430 = PCURVE('',#4172,#4431);
#4431 = DEFINITIONAL_REPRESENTATION('',(#4432),#4436);
#4432 = LINE('',#4433,#4434);
#4433 = CARTESIAN_POINT('',(32.,90.));
#4434 = VECTOR('',#4435,1.);
#4435 = DIRECTION('',(0.,1.));
#4436 = ( GEOMETRIC_REPRESENTATION_CONTEXT(2) 
PARAMETRIC_REPRESENTATION_CONTEXT() REPRESENTATION_CONTEXT('2D SPACE',''
  ) );
#4437 = ADVANCED_FACE('',(#4438),#4383,.F.);
#4438 = FACE_BOUND('',#4439,.F.);
#4439 = EDGE_LOOP('',(#4440,#4463,#4486,#4507));
#4440 = ORIENTED_EDGE('',*,*,#4441,.F.);
#4441 = EDGE_CURVE('',#4442,#4366,#4444,.T.);
#4442 = VERTEX_POINT('',#4443);
#4443 = CARTESIAN_POINT('',(60.,2.208E+03,-32.));
#4444 = SURFACE_CURVE('',#4445,(#4449,#4456),.PCURVE_S1.);
#4445 = LINE('',#4446,#4447);
#4446 = CARTESIAN_POINT('',(60.,2.208E+03,-32.));
#4447 = VECTOR('',#4448,1.);
#4448 = DIRECTION('',(0.,0.,1.));
#4449 = PCURVE('',#4383,#4450);
#4450 = DEFINITIONAL_REPRESENTATION('',(#4451),#4455);
#4451 = LINE('',#4452,#4453);
#4452 = CARTESIAN_POINT('',(0.,0.));
#4453 = VECTOR('',#4454,1.);
#4454 = DIRECTION('',(1.,0.));
#4455 = ( GEOMETRIC_REPRESENTATION_CONTEXT(2) 
PARAMETRIC_REPRESENTATION_CONTEXT() REPRESENTATION_CONTEXT('2D SPACE',''
  ) );
#4456 = PCURVE('',#4116,#4457);
#4457 = DEFINITIONAL_REPRESENTATION('',(#4458),#4462);
#4458 = LINE('',#4459,#4460);
#4459 = CARTESIAN_POINT('',(20.,90.));
#4460 = VECTOR('',#4461,1.);
#4461 = DIRECTION('',(1.,0.));
#4462 = ( GEOMETRIC_REPRESENTATION_CONTEXT(2) 
PARAMETRIC_REPRESENTATION_CONTEXT() REPRESENTATION_CONTEXT('2D SPACE',''
  ) );
#4463 = ORIENTED_EDGE('',*,*,#4464,.T.);
#4464 = EDGE_CURVE('',#4442,#4465,#4467,.T.);
#4465 = VERTEX_POINT('',#4466);
#4466 = CARTESIAN_POINT('',(60.,2.248E+03,-32.));
#4467 = SURFACE_CURVE('',#4468,(#4472,#4479),.PCURVE_S1.);
#4468 = LINE('',#4469,#4470);
#4469 = CARTESIAN_POINT('',(60.,2.208E+03,-32.));
#4470 = VECTOR('',#4471,1.);
#4471 = DIRECTION('',(-0.,1.,0.));
#4472 = PCURVE('',#4383,#4473);
#4473 = DEFINITIONAL_REPRESENTATION('',(#4474),#4478);
#4474 = LINE('',#4475,#4476);
#4475 = CARTESIAN_POINT('',(0.,0.));
#4476 = VECTOR('',#4477,1.);
#4477 = DIRECTION('',(0.,-1.));
#4478 = ( GEOMETRIC_REPRESENTATION_CONTEXT(2) 
PARAMETRIC_REPRESENTATION_CONTEXT() REPRESENTATION_CONTEXT('2D SPACE',''
  ) );
#4479 = PCURVE('',#4198,#4480);
#4480 = DEFINITIONAL_REPRESENTATION('',(#4481),#4485);
#4481 = LINE('',#4482,#4483);
#4482 = CARTESIAN_POINT('',(90.,0.));
#4483 = VECTOR('',#4484,1.);
#4484 = DIRECTION('',(0.,1.));
#4485 = ( GEOMETRIC_REPRESENTATION_CONTEXT(2) 
PARAMETRIC_REPRESENTATION_CONTEXT() REPRESENTATION_CONTEXT('2D SPACE',''
  ) );
#4486 = ORIENTED_EDGE('',*,*,#4487,.T.);
#4487 = EDGE_CURVE('',#4465,#4368,#4488,.T.);
#4488 = SURFACE_CURVE('',#4489,(#4493,#4500),.PCURVE_S1.);
#4489 = LINE('',#4490,#4491);
#4490 = CARTESIAN_POINT('',(60.,2.248E+03,-32.));
#4491 = VECTOR('',#4492,1.);
#4492 = DIRECTION('',(0.,0.,1.));
#4493 = PCURVE('',#4383,#4494);
#4494 = DEFINITIONAL_REPRESENTATION('',(#4495),#4499);
#4495 = LINE('',#4496,#4497);
#4496 = CARTESIAN_POINT('',(0.,-40.));
#4497 = VECTOR('',#4498,1.);
#4498 = DIRECTION('',(1.,0.));
#4499 = ( GEOMETRIC_REPRESENTATION_CONTEXT(2) 
PARAMETRIC_REPRESENTATION_CONTEXT() REPRESENTATION_CONTEXT('2D SPACE',''
  ) );
#4500 = PCURVE('',#4172,#4501);
#4501 = DEFINITIONAL_REPRESENTATION('',(#4502),#4506);
#4502 = LINE('',#4503,#4504);
#4503 = CARTESIAN_POINT('',(20.,90.));
#4504 = VECTOR('',#4505,1.);
#4505 = DIRECTION('',(1.,0.));
#4506 = ( GEOMETRIC_REPRESENTATION_CONTEXT(2) 
PARAMETRIC_REPRESENTATION_CONTEXT() REPRESENTATION_CONTEXT('2D SPACE',''
  ) );
#4507 = ORIENTED_EDGE('',*,*,#4365,.F.);
#4508 = ADVANCED_FACE('',(#4509),#4172,.T.);
#4509 = FACE_BOUND('',#4510,.T.);
#4510 = EDGE_LOOP('',(#4511,#4512,#4513,#4534,#4535,#4536));
#4511 = ORIENTED_EDGE('',*,*,#4265,.F.);
#4512 = ORIENTED_EDGE('',*,*,#4156,.T.);
#4513 = ORIENTED_EDGE('',*,*,#4514,.T.);
#4514 = EDGE_CURVE('',#4157,#4465,#4515,.T.);
#4515 = SURFACE_CURVE('',#4516,(#4520,#4527),.PCURVE_S1.);
#4516 = LINE('',#4517,#4518);
#4517 = CARTESIAN_POINT('',(-30.,2.248E+03,-32.));
#4518 = VECTOR('',#4519,1.);
#4519 = DIRECTION('',(1.,0.,-0.));
#4520 = PCURVE('',#4172,#4521);
#4521 = DEFINITIONAL_REPRESENTATION('',(#4522),#4526);
#4522 = LINE('',#4523,#4524);
#4523 = CARTESIAN_POINT('',(20.,0.));
#4524 = VECTOR('',#4525,1.);
#4525 = DIRECTION('',(0.,1.));
#4526 = ( GEOMETRIC_REPRESENTATION_CONTEXT(2) 
PARAMETRIC_REPRESENTATION_CONTEXT() REPRESENTATION_CONTEXT('2D SPACE',''
  ) );
#4527 = PCURVE('',#4198,#4528);
#4528 = DEFINITIONAL_REPRESENTATION('',(#4529),#4533);
#4529 = LINE('',#4530,#4531);
#4530 = CARTESIAN_POINT('',(0.,40.));
#4531 = VECTOR('',#4532,1.);
#4532 = DIRECTION('',(1.,0.));
#4533 = ( GEOMETRIC_REPRESENTATION_CONTEXT(2) 
PARAMETRIC_REPRESENTATION_CONTEXT() REPRESENTATION_CONTEXT('2D SPACE',''
  ) );
#4534 = ORIENTED_EDGE('',*,*,#4487,.T.);
#4535 = ORIENTED_EDGE('',*,*,#4417,.T.);
#4536 = ORIENTED_EDGE('',*,*,#4313,.T.);
#4537 = ADVANCED_FACE('',(#4538),#4198,.T.);
#4538 = FACE_BOUND('',#4539,.T.);
#4539 = EDGE_LOOP('',(#4540,#4541,#4542,#4563));
#4540 = ORIENTED_EDGE('',*,*,#4514,.F.);
#4541 = ORIENTED_EDGE('',*,*,#4184,.F.);
#4542 = ORIENTED_EDGE('',*,*,#4543,.T.);
#4543 = EDGE_CURVE('',#4096,#4442,#4544,.T.);
#4544 = SURFACE_CURVE('',#4545,(#4549,#4556),.PCURVE_S1.);
#4545 = LINE('',#4546,#4547);
#4546 = CARTESIAN_POINT('',(-30.,2.208E+03,-32.));
#4547 = VECTOR('',#4548,1.);
#4548 = DIRECTION('',(1.,0.,-0.));
#4549 = PCURVE('',#4198,#4550);
#4550 = DEFINITIONAL_REPRESENTATION('',(#4551),#4555);
#4551 = LINE('',#4552,#4553);
#4552 = CARTESIAN_POINT('',(0.,0.));
#4553 = VECTOR('',#4554,1.);
#4554 = DIRECTION('',(1.,0.));
#4555 = ( GEOMETRIC_REPRESENTATION_CONTEXT(2) 
PARAMETRIC_REPRESENTATION_CONTEXT() REPRESENTATION_CONTEXT('2D SPACE',''
  ) );
#4556 = PCURVE('',#4116,#4557);
#4557 = DEFINITIONAL_REPRESENTATION('',(#4558),#4562);
#4558 = LINE('',#4559,#4560);
#4559 = CARTESIAN_POINT('',(20.,0.));
#4560 = VECTOR('',#4561,1.);
#4561 = DIRECTION('',(0.,1.));
#4562 = ( GEOMETRIC_REPRESENTATION_CONTEXT(2) 
PARAMETRIC_REPRESENTATION_CONTEXT() REPRESENTATION_CONTEXT('2D SPACE',''
  ) );
#4563 = ORIENTED_EDGE('',*,*,#4464,.T.);
#4564 = ADVANCED_FACE('',(#4565),#4116,.F.);
#4565 = FACE_BOUND('',#4566,.F.);
#4566 = EDGE_LOOP('',(#4567,#4568,#4569,#4570,#4571,#4572));
#4567 = ORIENTED_EDGE('',*,*,#4214,.F.);
#4568 = ORIENTED_EDGE('',*,*,#4093,.T.);
#4569 = ORIENTED_EDGE('',*,*,#4543,.T.);
#4570 = ORIENTED_EDGE('',*,*,#4441,.T.);
#4571 = ORIENTED_EDGE('',*,*,#4395,.T.);
#4572 = ORIENTED_EDGE('',*,*,#4289,.F.);
#4573 = MANIFOLD_SOLID_BREP('',#4574);
#4574 = CLOSED_SHELL('',(#4575,#4695,#4771,#4847,#4923,#4994,#5023,#5050
    ));
#4575 = ADVANCED_FACE('',(#4576),#4590,.F.);
#4576 = FACE_BOUND('',#4577,.F.);
#4577 = EDGE_LOOP('',(#4578,#4613,#4641,#4669));
#4578 = ORIENTED_EDGE('',*,*,#4579,.F.);
#4579 = EDGE_CURVE('',#4580,#4582,#4584,.T.);
#4580 = VERTEX_POINT('',#4581);
#4581 = CARTESIAN_POINT('',(-30.,30.,-52.));
#4582 = VERTEX_POINT('',#4583);
#4583 = CARTESIAN_POINT('',(-30.,30.,-32.));
#4584 = SURFACE_CURVE('',#4585,(#4589,#4601),.PCURVE_S1.);
#4585 = LINE('',#4586,#4587);
#4586 = CARTESIAN_POINT('',(-30.,30.,-52.));
#4587 = VECTOR('',#4588,1.);
#4588 = DIRECTION('',(0.,0.,1.));
#4589 = PCURVE('',#4590,#4595);
#4590 = PLANE('',#4591);
#4591 = AXIS2_PLACEMENT_3D('',#4592,#4593,#4594);
#4592 = CARTESIAN_POINT('',(-30.,30.,-52.));
#4593 = DIRECTION('',(1.,0.,-0.));
#4594 = DIRECTION('',(0.,0.,1.));
#4595 = DEFINITIONAL_REPRESENTATION('',(#4596),#4600);
#4596 = LINE('',#4597,#4598);
#4597 = CARTESIAN_POINT('',(0.,0.));
#4598 = VECTOR('',#4599,1.);
#4599 = DIRECTION('',(1.,0.));
#4600 = ( GEOMETRIC_REPRESENTATION_CONTEXT(2) 
PARAMETRIC_REPRESENTATION_CONTEXT() REPRESENTATION_CONTEXT('2D SPACE',''
  ) );
#4601 = PCURVE('',#4602,#4607);
#4602 = PLANE('',#4603);
#4603 = AXIS2_PLACEMENT_3D('',#4604,#4605,#4606);
#4604 = CARTESIAN_POINT('',(-30.,30.,-52.));
#4605 = DIRECTION('',(-0.,1.,0.));
#4606 = DIRECTION('',(0.,0.,1.));
#4607 = DEFINITIONAL_REPRESENTATION('',(#4608),#4612);
#4608 = LINE('',#4609,#4610);
#4609 = CARTESIAN_POINT('',(0.,0.));
#4610 = VECTOR('',#4611,1.);
#4611 = DIRECTION('',(1.,0.));
#4612 = ( GEOMETRIC_REPRESENTATION_CONTEXT(2) 
PARAMETRIC_REPRESENTATION_CONTEXT() REPRESENTATION_CONTEXT('2D SPACE',''
  ) );
#4613 = ORIENTED_EDGE('',*,*,#4614,.T.);
#4614 = EDGE_CURVE('',#4580,#4615,#4617,.T.);
#4615 = VERTEX_POINT('',#4616);
#4616 = CARTESIAN_POINT('',(-30.,70.,-52.));
#4617 = SURFACE_CURVE('',#4618,(#4622,#4629),.PCURVE_S1.);
#4618 = LINE('',#4619,#4620);
#4619 = CARTESIAN_POINT('',(-30.,30.,-52.));
#4620 = VECTOR('',#4621,1.);
#4621 = DIRECTION('',(-0.,1.,0.));
#4622 = PCURVE('',#4590,#4623);
#4623 = DEFINITIONAL_REPRESENTATION('',(#4624),#4628);
#4624 = LINE('',#4625,#4626);
#4625 = CARTESIAN_POINT('',(0.,0.));
#4626 = VECTOR('',#4627,1.);
#4627 = DIRECTION('',(0.,-1.));
#4628 = ( GEOMETRIC_REPRESENTATION_CONTEXT(2) 
PARAMETRIC_REPRESENTATION_CONTEXT() REPRESENTATION_CONTEXT('2D SPACE',''
  ) );
#4629 = PCURVE('',#4630,#4635);
#4630 = PLANE('',#4631);
#4631 = AXIS2_PLACEMENT_3D('',#4632,#4633,#4634);
#4632 = CARTESIAN_POINT('',(-30.,30.,-52.));
#4633 = DIRECTION('',(0.,0.,1.));
#4634 = DIRECTION('',(1.,0.,-0.));
#4635 = DEFINITIONAL_REPRESENTATION('',(#4636),#4640);
#4636 = LINE('',#4637,#4638);
#4637 = CARTESIAN_POINT('',(0.,0.));
#4638 = VECTOR('',#4639,1.);
#4639 = DIRECTION('',(0.,1.));
#4640 = ( GEOMETRIC_REPRESENTATION_CONTEXT(2) 
PARAMETRIC_REPRESENTATION_CONTEXT() REPRESENTATION_CONTEXT('2D SPACE',''
  ) );
#4641 = ORIENTED_EDGE('',*,*,#4642,.T.);
#4642 = EDGE_CURVE('',#4615,#4643,#4645,.T.);
#4643 = VERTEX_POINT('',#4644);
#4644 = CARTESIAN_POINT('',(-30.,70.,-32.));
#4645 = SURFACE_CURVE('',#4646,(#4650,#4657),.PCURVE_S1.);
#4646 = LINE('',#4647,#4648);
#4647 = CARTESIAN_POINT('',(-30.,70.,-52.));
#4648 = VECTOR('',#4649,1.);
#4649 = DIRECTION('',(0.,0.,1.));
#4650 = PCURVE('',#4590,#4651);
#4651 = DEFINITIONAL_REPRESENTATION('',(#4652),#4656);
#4652 = LINE('',#4653,#4654);
#4653 = CARTESIAN_POINT('',(0.,-40.));
#4654 = VECTOR('',#4655,1.);
#4655 = DIRECTION('',(1.,0.));
#4656 = ( GEOMETRIC_REPRESENTATION_CONTEXT(2) 
PARAMETRIC_REPRESENTATION_CONTEXT() REPRESENTATION_CONTEXT('2D SPACE',''
  ) );
#4657 = PCURVE('',#4658,#4663);
#4658 = PLANE('',#4659);
#4659 = AXIS2_PLACEMENT_3D('',#4660,#4661,#4662);
#4660 = CARTESIAN_POINT('',(-30.,70.,-52.));
#4661 = DIRECTION('',(-0.,1.,0.));
#4662 = DIRECTION('',(0.,0.,1.));
#4663 = DEFINITIONAL_REPRESENTATION('',(#4664),#4668);
#4664 = LINE('',#4665,#4666);
#4665 = CARTESIAN_POINT('',(0.,0.));
#4666 = VECTOR('',#4667,1.);
#4667 = DIRECTION('',(1.,0.));
#4668 = ( GEOMETRIC_REPRESENTATION_CONTEXT(2) 
PARAMETRIC_REPRESENTATION_CONTEXT() REPRESENTATION_CONTEXT('2D SPACE',''
  ) );
#4669 = ORIENTED_EDGE('',*,*,#4670,.F.);
#4670 = EDGE_CURVE('',#4582,#4643,#4671,.T.);
#4671 = SURFACE_CURVE('',#4672,(#4676,#4683),.PCURVE_S1.);
#4672 = LINE('',#4673,#4674);
#4673 = CARTESIAN_POINT('',(-30.,30.,-32.));
#4674 = VECTOR('',#4675,1.);
#4675 = DIRECTION('',(-0.,1.,0.));
#4676 = PCURVE('',#4590,#4677);
#4677 = DEFINITIONAL_REPRESENTATION('',(#4678),#4682);
#4678 = LINE('',#4679,#4680);
#4679 = CARTESIAN_POINT('',(20.,0.));
#4680 = VECTOR('',#4681,1.);
#4681 = DIRECTION('',(0.,-1.));
#4682 = ( GEOMETRIC_REPRESENTATION_CONTEXT(2) 
PARAMETRIC_REPRESENTATION_CONTEXT() REPRESENTATION_CONTEXT('2D SPACE',''
  ) );
#4683 = PCURVE('',#4684,#4689);
#4684 = PLANE('',#4685);
#4685 = AXIS2_PLACEMENT_3D('',#4686,#4687,#4688);
#4686 = CARTESIAN_POINT('',(-30.,30.,-32.));
#4687 = DIRECTION('',(0.,0.,1.));
#4688 = DIRECTION('',(1.,0.,-0.));
#4689 = DEFINITIONAL_REPRESENTATION('',(#4690),#4694);
#4690 = LINE('',#4691,#4692);
#4691 = CARTESIAN_POINT('',(0.,0.));
#4692 = VECTOR('',#4693,1.);
#4693 = DIRECTION('',(0.,1.));
#4694 = ( GEOMETRIC_REPRESENTATION_CONTEXT(2) 
PARAMETRIC_REPRESENTATION_CONTEXT() REPRESENTATION_CONTEXT('2D SPACE',''
  ) );
#4695 = ADVANCED_FACE('',(#4696),#4630,.F.);
#4696 = FACE_BOUND('',#4697,.F.);
#4697 = EDGE_LOOP('',(#4698,#4699,#4722,#4750));
#4698 = ORIENTED_EDGE('',*,*,#4614,.F.);
#4699 = ORIENTED_EDGE('',*,*,#4700,.T.);
#4700 = EDGE_CURVE('',#4580,#4701,#4703,.T.);
#4701 = VERTEX_POINT('',#4702);
#4702 = CARTESIAN_POINT('',(110.,30.,-52.));
#4703 = SURFACE_CURVE('',#4704,(#4708,#4715),.PCURVE_S1.);
#4704 = LINE('',#4705,#4706);
#4705 = CARTESIAN_POINT('',(-30.,30.,-52.));
#4706 = VECTOR('',#4707,1.);
#4707 = DIRECTION('',(1.,0.,-0.));
#4708 = PCURVE('',#4630,#4709);
#4709 = DEFINITIONAL_REPRESENTATION('',(#4710),#4714);
#4710 = LINE('',#4711,#4712);
#4711 = CARTESIAN_POINT('',(0.,0.));
#4712 = VECTOR('',#4713,1.);
#4713 = DIRECTION('',(1.,0.));
#4714 = ( GEOMETRIC_REPRESENTATION_CONTEXT(2) 
PARAMETRIC_REPRESENTATION_CONTEXT() REPRESENTATION_CONTEXT('2D SPACE',''
  ) );
#4715 = PCURVE('',#4602,#4716);
#4716 = DEFINITIONAL_REPRESENTATION('',(#4717),#4721);
#4717 = LINE('',#4718,#4719);
#4718 = CARTESIAN_POINT('',(0.,0.));
#4719 = VECTOR('',#4720,1.);
#4720 = DIRECTION('',(0.,1.));
#4721 = ( GEOMETRIC_REPRESENTATION_CONTEXT(2) 
PARAMETRIC_REPRESENTATION_CONTEXT() REPRESENTATION_CONTEXT('2D SPACE',''
  ) );
#4722 = ORIENTED_EDGE('',*,*,#4723,.T.);
#4723 = EDGE_CURVE('',#4701,#4724,#4726,.T.);
#4724 = VERTEX_POINT('',#4725);
#4725 = CARTESIAN_POINT('',(110.,70.,-52.));
#4726 = SURFACE_CURVE('',#4727,(#4731,#4738),.PCURVE_S1.);
#4727 = LINE('',#4728,#4729);
#4728 = CARTESIAN_POINT('',(110.,30.,-52.));
#4729 = VECTOR('',#4730,1.);
#4730 = DIRECTION('',(-0.,1.,0.));
#4731 = PCURVE('',#4630,#4732);
#4732 = DEFINITIONAL_REPRESENTATION('',(#4733),#4737);
#4733 = LINE('',#4734,#4735);
#4734 = CARTESIAN_POINT('',(140.,0.));
#4735 = VECTOR('',#4736,1.);
#4736 = DIRECTION('',(0.,1.));
#4737 = ( GEOMETRIC_REPRESENTATION_CONTEXT(2) 
PARAMETRIC_REPRESENTATION_CONTEXT() REPRESENTATION_CONTEXT('2D SPACE',''
  ) );
#4738 = PCURVE('',#4739,#4744);
#4739 = PLANE('',#4740);
#4740 = AXIS2_PLACEMENT_3D('',#4741,#4742,#4743);
#4741 = CARTESIAN_POINT('',(110.,30.,-52.));
#4742 = DIRECTION('',(1.,0.,-0.));
#4743 = DIRECTION('',(0.,0.,1.));
#4744 = DEFINITIONAL_REPRESENTATION('',(#4745),#4749);
#4745 = LINE('',#4746,#4747);
#4746 = CARTESIAN_POINT('',(0.,0.));
#4747 = VECTOR('',#4748,1.);
#4748 = DIRECTION('',(0.,-1.));
#4749 = ( GEOMETRIC_REPRESENTATION_CONTEXT(2) 
PARAMETRIC_REPRESENTATION_CONTEXT() REPRESENTATION_CONTEXT('2D SPACE',''
  ) );
#4750 = ORIENTED_EDGE('',*,*,#4751,.F.);
#4751 = EDGE_CURVE('',#4615,#4724,#4752,.T.);
#4752 = SURFACE_CURVE('',#4753,(#4757,#4764),.PCURVE_S1.);
#4753 = LINE('',#4754,#4755);
#4754 = CARTESIAN_POINT('',(-30.,70.,-52.));
#4755 = VECTOR('',#4756,1.);
#4756 = DIRECTION('',(1.,0.,-0.));
#4757 = PCURVE('',#4630,#4758);
#4758 = DEFINITIONAL_REPRESENTATION('',(#4759),#4763);
#4759 = LINE('',#4760,#4761);
#4760 = CARTESIAN_POINT('',(0.,40.));
#4761 = VECTOR('',#4762,1.);
#4762 = DIRECTION('',(1.,0.));
#4763 = ( GEOMETRIC_REPRESENTATION_CONTEXT(2) 
PARAMETRIC_REPRESENTATION_CONTEXT() REPRESENTATION_CONTEXT('2D SPACE',''
  ) );
#4764 = PCURVE('',#4658,#4765);
#4765 = DEFINITIONAL_REPRESENTATION('',(#4766),#4770);
#4766 = LINE('',#4767,#4768);
#4767 = CARTESIAN_POINT('',(0.,0.));
#4768 = VECTOR('',#4769,1.);
#4769 = DIRECTION('',(0.,1.));
#4770 = ( GEOMETRIC_REPRESENTATION_CONTEXT(2) 
PARAMETRIC_REPRESENTATION_CONTEXT() REPRESENTATION_CONTEXT('2D SPACE',''
  ) );
#4771 = ADVANCED_FACE('',(#4772),#4739,.T.);
#4772 = FACE_BOUND('',#4773,.T.);
#4773 = EDGE_LOOP('',(#4774,#4797,#4798,#4821));
#4774 = ORIENTED_EDGE('',*,*,#4775,.F.);
#4775 = EDGE_CURVE('',#4701,#4776,#4778,.T.);
#4776 = VERTEX_POINT('',#4777);
#4777 = CARTESIAN_POINT('',(110.,30.,-20.));
#4778 = SURFACE_CURVE('',#4779,(#4783,#4790),.PCURVE_S1.);
#4779 = LINE('',#4780,#4781);
#4780 = CARTESIAN_POINT('',(110.,30.,-52.));
#4781 = VECTOR('',#4782,1.);
#4782 = DIRECTION('',(0.,0.,1.));
#4783 = PCURVE('',#4739,#4784);
#4784 = DEFINITIONAL_REPRESENTATION('',(#4785),#4789);
#4785 = LINE('',#4786,#4787);
#4786 = CARTESIAN_POINT('',(0.,0.));
#4787 = VECTOR('',#4788,1.);
#4788 = DIRECTION('',(1.,0.));
#4789 = ( GEOMETRIC_REPRESENTATION_CONTEXT(2) 
PARAMETRIC_REPRESENTATION_CONTEXT() REPRESENTATION_CONTEXT('2D SPACE',''
  ) );
#4790 = PCURVE('',#4602,#4791);
#4791 = DEFINITIONAL_REPRESENTATION('',(#4792),#4796);
#4792 = LINE('',#4793,#4794);
#4793 = CARTESIAN_POINT('',(0.,140.));
#4794 = VECTOR('',#4795,1.);
#4795 = DIRECTION('',(1.,0.));
#4796 = ( GEOMETRIC_REPRESENTATION_CONTEXT(2) 
PARAMETRIC_REPRESENTATION_CONTEXT() REPRESENTATION_CONTEXT('2D SPACE',''
  ) );
#4797 = ORIENTED_EDGE('',*,*,#4723,.T.);
#4798 = ORIENTED_EDGE('',*,*,#4799,.F.);
#4799 = EDGE_CURVE('',#4800,#4724,#4802,.T.);
#4800 = VERTEX_POINT('',#4801);
#4801 = CARTESIAN_POINT('',(110.,70.,-20.));
#4802 = SURFACE_CURVE('',#4803,(#4807,#4814),.PCURVE_S1.);
#4803 = LINE('',#4804,#4805);
#4804 = CARTESIAN_POINT('',(110.,70.,-20.));
#4805 = VECTOR('',#4806,1.);
#4806 = DIRECTION('',(0.,0.,-1.));
#4807 = PCURVE('',#4739,#4808);
#4808 = DEFINITIONAL_REPRESENTATION('',(#4809),#4813);
#4809 = LINE('',#4810,#4811);
#4810 = CARTESIAN_POINT('',(32.,-40.));
#4811 = VECTOR('',#4812,1.);
#4812 = DIRECTION('',(-1.,0.));
#4813 = ( GEOMETRIC_REPRESENTATION_CONTEXT(2) 
PARAMETRIC_REPRESENTATION_CONTEXT() REPRESENTATION_CONTEXT('2D SPACE',''
  ) );
#4814 = PCURVE('',#4658,#4815);
#4815 = DEFINITIONAL_REPRESENTATION('',(#4816),#4820);
#4816 = LINE('',#4817,#4818);
#4817 = CARTESIAN_POINT('',(32.,140.));
#4818 = VECTOR('',#4819,1.);
#4819 = DIRECTION('',(-1.,0.));
#4820 = ( GEOMETRIC_REPRESENTATION_CONTEXT(2) 
PARAMETRIC_REPRESENTATION_CONTEXT() REPRESENTATION_CONTEXT('2D SPACE',''
  ) );
#4821 = ORIENTED_EDGE('',*,*,#4822,.F.);
#4822 = EDGE_CURVE('',#4776,#4800,#4823,.T.);
#4823 = SURFACE_CURVE('',#4824,(#4828,#4835),.PCURVE_S1.);
#4824 = LINE('',#4825,#4826);
#4825 = CARTESIAN_POINT('',(110.,30.,-20.));
#4826 = VECTOR('',#4827,1.);
#4827 = DIRECTION('',(-0.,1.,0.));
#4828 = PCURVE('',#4739,#4829);
#4829 = DEFINITIONAL_REPRESENTATION('',(#4830),#4834);
#4830 = LINE('',#4831,#4832);
#4831 = CARTESIAN_POINT('',(32.,0.));
#4832 = VECTOR('',#4833,1.);
#4833 = DIRECTION('',(0.,-1.));
#4834 = ( GEOMETRIC_REPRESENTATION_CONTEXT(2) 
PARAMETRIC_REPRESENTATION_CONTEXT() REPRESENTATION_CONTEXT('2D SPACE',''
  ) );
#4835 = PCURVE('',#4836,#4841);
#4836 = PLANE('',#4837);
#4837 = AXIS2_PLACEMENT_3D('',#4838,#4839,#4840);
#4838 = CARTESIAN_POINT('',(60.,30.,-20.));
#4839 = DIRECTION('',(0.,0.,1.));
#4840 = DIRECTION('',(1.,0.,-0.));
#4841 = DEFINITIONAL_REPRESENTATION('',(#4842),#4846);
#4842 = LINE('',#4843,#4844);
#4843 = CARTESIAN_POINT('',(50.,0.));
#4844 = VECTOR('',#4845,1.);
#4845 = DIRECTION('',(0.,1.));
#4846 = ( GEOMETRIC_REPRESENTATION_CONTEXT(2) 
PARAMETRIC_REPRESENTATION_CONTEXT() REPRESENTATION_CONTEXT('2D SPACE',''
  ) );
#4847 = ADVANCED_FACE('',(#4848),#4836,.T.);
#4848 = FACE_BOUND('',#4849,.T.);
#4849 = EDGE_LOOP('',(#4850,#4880,#4901,#4902));
#4850 = ORIENTED_EDGE('',*,*,#4851,.F.);
#4851 = EDGE_CURVE('',#4852,#4854,#4856,.T.);
#4852 = VERTEX_POINT('',#4853);
#4853 = CARTESIAN_POINT('',(60.,30.,-20.));
#4854 = VERTEX_POINT('',#4855);
#4855 = CARTESIAN_POINT('',(60.,70.,-20.));
#4856 = SURFACE_CURVE('',#4857,(#4861,#4868),.PCURVE_S1.);
#4857 = LINE('',#4858,#4859);
#4858 = CARTESIAN_POINT('',(60.,30.,-20.));
#4859 = VECTOR('',#4860,1.);
#4860 = DIRECTION('',(-0.,1.,0.));
#4861 = PCURVE('',#4836,#4862);
#4862 = DEFINITIONAL_REPRESENTATION('',(#4863),#4867);
#4863 = LINE('',#4864,#4865);
#4864 = CARTESIAN_POINT('',(0.,0.));
#4865 = VECTOR('',#4866,1.);
#4866 = DIRECTION('',(0.,1.));
#4867 = ( GEOMETRIC_REPRESENTATION_CONTEXT(2) 
PARAMETRIC_REPRESENTATION_CONTEXT() REPRESENTATION_CONTEXT('2D SPACE',''
  ) );
#4868 = PCURVE('',#4869,#4874);
#4869 = PLANE('',#4870);
#4870 = AXIS2_PLACEMENT_3D('',#4871,#4872,#4873);
#4871 = CARTESIAN_POINT('',(60.,30.,-32.));
#4872 = DIRECTION('',(1.,0.,-0.));
#4873 = DIRECTION('',(0.,0.,1.));
#4874 = DEFINITIONAL_REPRESENTATION('',(#4875),#4879);
#4875 = LINE('',#4876,#4877);
#4876 = CARTESIAN_POINT('',(12.,0.));
#4877 = VECTOR('',#4878,1.);
#4878 = DIRECTION('',(0.,-1.));
#4879 = ( GEOMETRIC_REPRESENTATION_CONTEXT(2) 
PARAMETRIC_REPRESENTATION_CONTEXT() REPRESENTATION_CONTEXT('2D SPACE',''
  ) );
#4880 = ORIENTED_EDGE('',*,*,#4881,.T.);
#4881 = EDGE_CURVE('',#4852,#4776,#4882,.T.);
#4882 = SURFACE_CURVE('',#4883,(#4887,#4894),.PCURVE_S1.);
#4883 = LINE('',#4884,#4885);
#4884 = CARTESIAN_POINT('',(60.,30.,-20.));
#4885 = VECTOR('',#4886,1.);
#4886 = DIRECTION('',(1.,0.,-0.));
#4887 = PCURVE('',#4836,#4888);
#4888 = DEFINITIONAL_REPRESENTATION('',(#4889),#4893);
#4889 = LINE('',#4890,#4891);
#4890 = CARTESIAN_POINT('',(0.,0.));
#4891 = VECTOR('',#4892,1.);
#4892 = DIRECTION('',(1.,0.));
#4893 = ( GEOMETRIC_REPRESENTATION_CONTEXT(2) 
PARAMETRIC_REPRESENTATION_CONTEXT() REPRESENTATION_CONTEXT('2D SPACE',''
  ) );
#4894 = PCURVE('',#4602,#4895);
#4895 = DEFINITIONAL_REPRESENTATION('',(#4896),#4900);
#4896 = LINE('',#4897,#4898);
#4897 = CARTESIAN_POINT('',(32.,90.));
#4898 = VECTOR('',#4899,1.);
#4899 = DIRECTION('',(0.,1.));
#4900 = ( GEOMETRIC_REPRESENTATION_CONTEXT(2) 
PARAMETRIC_REPRESENTATION_CONTEXT() REPRESENTATION_CONTEXT('2D SPACE',''
  ) );
#4901 = ORIENTED_EDGE('',*,*,#4822,.T.);
#4902 = ORIENTED_EDGE('',*,*,#4903,.F.);
#4903 = EDGE_CURVE('',#4854,#4800,#4904,.T.);
#4904 = SURFACE_CURVE('',#4905,(#4909,#4916),.PCURVE_S1.);
#4905 = LINE('',#4906,#4907);
#4906 = CARTESIAN_POINT('',(60.,70.,-20.));
#4907 = VECTOR('',#4908,1.);
#4908 = DIRECTION('',(1.,0.,-0.));
#4909 = PCURVE('',#4836,#4910);
#4910 = DEFINITIONAL_REPRESENTATION('',(#4911),#4915);
#4911 = LINE('',#4912,#4913);
#4912 = CARTESIAN_POINT('',(0.,40.));
#4913 = VECTOR('',#4914,1.);
#4914 = DIRECTION('',(1.,0.));
#4915 = ( GEOMETRIC_REPRESENTATION_CONTEXT(2) 
PARAMETRIC_REPRESENTATION_CONTEXT() REPRESENTATION_CONTEXT('2D SPACE',''
  ) );
#4916 = PCURVE('',#4658,#4917);
#4917 = DEFINITIONAL_REPRESENTATION('',(#4918),#4922);
#4918 = LINE('',#4919,#4920);
#4919 = CARTESIAN_POINT('',(32.,90.));
#4920 = VECTOR('',#4921,1.);
#4921 = DIRECTION('',(0.,1.));
#4922 = ( GEOMETRIC_REPRESENTATION_CONTEXT(2) 
PARAMETRIC_REPRESENTATION_CONTEXT() REPRESENTATION_CONTEXT('2D SPACE',''
  ) );
#4923 = ADVANCED_FACE('',(#4924),#4869,.F.);
#4924 = FACE_BOUND('',#4925,.F.);
#4925 = EDGE_LOOP('',(#4926,#4949,#4972,#4993));
#4926 = ORIENTED_EDGE('',*,*,#4927,.F.);
#4927 = EDGE_CURVE('',#4928,#4852,#4930,.T.);
#4928 = VERTEX_POINT('',#4929);
#4929 = CARTESIAN_POINT('',(60.,30.,-32.));
#4930 = SURFACE_CURVE('',#4931,(#4935,#4942),.PCURVE_S1.);
#4931 = LINE('',#4932,#4933);
#4932 = CARTESIAN_POINT('',(60.,30.,-32.));
#4933 = VECTOR('',#4934,1.);
#4934 = DIRECTION('',(0.,0.,1.));
#4935 = PCURVE('',#4869,#4936);
#4936 = DEFINITIONAL_REPRESENTATION('',(#4937),#4941);
#4937 = LINE('',#4938,#4939);
#4938 = CARTESIAN_POINT('',(0.,0.));
#4939 = VECTOR('',#4940,1.);
#4940 = DIRECTION('',(1.,0.));
#4941 = ( GEOMETRIC_REPRESENTATION_CONTEXT(2) 
PARAMETRIC_REPRESENTATION_CONTEXT() REPRESENTATION_CONTEXT('2D SPACE',''
  ) );
#4942 = PCURVE('',#4602,#4943);
#4943 = DEFINITIONAL_REPRESENTATION('',(#4944),#4948);
#4944 = LINE('',#4945,#4946);
#4945 = CARTESIAN_POINT('',(20.,90.));
#4946 = VECTOR('',#4947,1.);
#4947 = DIRECTION('',(1.,0.));
#4948 = ( GEOMETRIC_REPRESENTATION_CONTEXT(2) 
PARAMETRIC_REPRESENTATION_CONTEXT() REPRESENTATION_CONTEXT('2D SPACE',''
  ) );
#4949 = ORIENTED_EDGE('',*,*,#4950,.T.);
#4950 = EDGE_CURVE('',#4928,#4951,#4953,.T.);
#4951 = VERTEX_POINT('',#4952);
#4952 = CARTESIAN_POINT('',(60.,70.,-32.));
#4953 = SURFACE_CURVE('',#4954,(#4958,#4965),.PCURVE_S1.);
#4954 = LINE('',#4955,#4956);
#4955 = CARTESIAN_POINT('',(60.,30.,-32.));
#4956 = VECTOR('',#4957,1.);
#4957 = DIRECTION('',(-0.,1.,0.));
#4958 = PCURVE('',#4869,#4959);
#4959 = DEFINITIONAL_REPRESENTATION('',(#4960),#4964);
#4960 = LINE('',#4961,#4962);
#4961 = CARTESIAN_POINT('',(0.,0.));
#4962 = VECTOR('',#4963,1.);
#4963 = DIRECTION('',(0.,-1.));
#4964 = ( GEOMETRIC_REPRESENTATION_CONTEXT(2) 
PARAMETRIC_REPRESENTATION_CONTEXT() REPRESENTATION_CONTEXT('2D SPACE',''
  ) );
#4965 = PCURVE('',#4684,#4966);
#4966 = DEFINITIONAL_REPRESENTATION('',(#4967),#4971);
#4967 = LINE('',#4968,#4969);
#4968 = CARTESIAN_POINT('',(90.,0.));
#4969 = VECTOR('',#4970,1.);
#4970 = DIRECTION('',(0.,1.));
#4971 = ( GEOMETRIC_REPRESENTATION_CONTEXT(2) 
PARAMETRIC_REPRESENTATION_CONTEXT() REPRESENTATION_CONTEXT('2D SPACE',''
  ) );
#4972 = ORIENTED_EDGE('',*,*,#4973,.T.);
#4973 = EDGE_CURVE('',#4951,#4854,#4974,.T.);
#4974 = SURFACE_CURVE('',#4975,(#4979,#4986),.PCURVE_S1.);
#4975 = LINE('',#4976,#4977);
#4976 = CARTESIAN_POINT('',(60.,70.,-32.));
#4977 = VECTOR('',#4978,1.);
#4978 = DIRECTION('',(0.,0.,1.));
#4979 = PCURVE('',#4869,#4980);
#4980 = DEFINITIONAL_REPRESENTATION('',(#4981),#4985);
#4981 = LINE('',#4982,#4983);
#4982 = CARTESIAN_POINT('',(0.,-40.));
#4983 = VECTOR('',#4984,1.);
#4984 = DIRECTION('',(1.,0.));
#4985 = ( GEOMETRIC_REPRESENTATION_CONTEXT(2) 
PARAMETRIC_REPRESENTATION_CONTEXT() REPRESENTATION_CONTEXT('2D SPACE',''
  ) );
#4986 = PCURVE('',#4658,#4987);
#4987 = DEFINITIONAL_REPRESENTATION('',(#4988),#4992);
#4988 = LINE('',#4989,#4990);
#4989 = CARTESIAN_POINT('',(20.,90.));
#4990 = VECTOR('',#4991,1.);
#4991 = DIRECTION('',(1.,0.));
#4992 = ( GEOMETRIC_REPRESENTATION_CONTEXT(2) 
PARAMETRIC_REPRESENTATION_CONTEXT() REPRESENTATION_CONTEXT('2D SPACE',''
  ) );
#4993 = ORIENTED_EDGE('',*,*,#4851,.F.);
#4994 = ADVANCED_FACE('',(#4995),#4658,.T.);
#4995 = FACE_BOUND('',#4996,.T.);
#4996 = EDGE_LOOP('',(#4997,#4998,#4999,#5020,#5021,#5022));
#4997 = ORIENTED_EDGE('',*,*,#4751,.F.);
#4998 = ORIENTED_EDGE('',*,*,#4642,.T.);
#4999 = ORIENTED_EDGE('',*,*,#5000,.T.);
#5000 = EDGE_CURVE('',#4643,#4951,#5001,.T.);
#5001 = SURFACE_CURVE('',#5002,(#5006,#5013),.PCURVE_S1.);
#5002 = LINE('',#5003,#5004);
#5003 = CARTESIAN_POINT('',(-30.,70.,-32.));
#5004 = VECTOR('',#5005,1.);
#5005 = DIRECTION('',(1.,0.,-0.));
#5006 = PCURVE('',#4658,#5007);
#5007 = DEFINITIONAL_REPRESENTATION('',(#5008),#5012);
#5008 = LINE('',#5009,#5010);
#5009 = CARTESIAN_POINT('',(20.,0.));
#5010 = VECTOR('',#5011,1.);
#5011 = DIRECTION('',(0.,1.));
#5012 = ( GEOMETRIC_REPRESENTATION_CONTEXT(2) 
PARAMETRIC_REPRESENTATION_CONTEXT() REPRESENTATION_CONTEXT('2D SPACE',''
  ) );
#5013 = PCURVE('',#4684,#5014);
#5014 = DEFINITIONAL_REPRESENTATION('',(#5015),#5019);
#5015 = LINE('',#5016,#5017);
#5016 = CARTESIAN_POINT('',(0.,40.));
#5017 = VECTOR('',#5018,1.);
#5018 = DIRECTION('',(1.,0.));
#5019 = ( GEOMETRIC_REPRESENTATION_CONTEXT(2) 
PARAMETRIC_REPRESENTATION_CONTEXT() REPRESENTATION_CONTEXT('2D SPACE',''
  ) );
#5020 = ORIENTED_EDGE('',*,*,#4973,.T.);
#5021 = ORIENTED_EDGE('',*,*,#4903,.T.);
#5022 = ORIENTED_EDGE('',*,*,#4799,.T.);
#5023 = ADVANCED_FACE('',(#5024),#4684,.T.);
#5024 = FACE_BOUND('',#5025,.T.);
#5025 = EDGE_LOOP('',(#5026,#5027,#5028,#5049));
#5026 = ORIENTED_EDGE('',*,*,#5000,.F.);
#5027 = ORIENTED_EDGE('',*,*,#4670,.F.);
#5028 = ORIENTED_EDGE('',*,*,#5029,.T.);
#5029 = EDGE_CURVE('',#4582,#4928,#5030,.T.);
#5030 = SURFACE_CURVE('',#5031,(#5035,#5042),.PCURVE_S1.);
#5031 = LINE('',#5032,#5033);
#5032 = CARTESIAN_POINT('',(-30.,30.,-32.));
#5033 = VECTOR('',#5034,1.);
#5034 = DIRECTION('',(1.,0.,-0.));
#5035 = PCURVE('',#4684,#5036);
#5036 = DEFINITIONAL_REPRESENTATION('',(#5037),#5041);
#5037 = LINE('',#5038,#5039);
#5038 = CARTESIAN_POINT('',(0.,0.));
#5039 = VECTOR('',#5040,1.);
#5040 = DIRECTION('',(1.,0.));
#5041 = ( GEOMETRIC_REPRESENTATION_CONTEXT(2) 
PARAMETRIC_REPRESENTATION_CONTEXT() REPRESENTATION_CONTEXT('2D SPACE',''
  ) );
#5042 = PCURVE('',#4602,#5043);
#5043 = DEFINITIONAL_REPRESENTATION('',(#5044),#5048);
#5044 = LINE('',#5045,#5046);
#5045 = CARTESIAN_POINT('',(20.,0.));
#5046 = VECTOR('',#5047,1.);
#5047 = DIRECTION('',(0.,1.));
#5048 = ( GEOMETRIC_REPRESENTATION_CONTEXT(2) 
PARAMETRIC_REPRESENTATION_CONTEXT() REPRESENTATION_CONTEXT('2D SPACE',''
  ) );
#5049 = ORIENTED_EDGE('',*,*,#4950,.T.);
#5050 = ADVANCED_FACE('',(#5051),#4602,.F.);
#5051 = FACE_BOUND('',#5052,.F.);
#5052 = EDGE_LOOP('',(#5053,#5054,#5055,#5056,#5057,#5058));
#5053 = ORIENTED_EDGE('',*,*,#4700,.F.);
#5054 = ORIENTED_EDGE('',*,*,#4579,.T.);
#5055 = ORIENTED_EDGE('',*,*,#5029,.T.);
#5056 = ORIENTED_EDGE('',*,*,#4927,.T.);
#5057 = ORIENTED_EDGE('',*,*,#4881,.T.);
#5058 = ORIENTED_EDGE('',*,*,#4775,.F.);
#5059 = ( GEOMETRIC_REPRESENTATION_CONTEXT(3) 
GLOBAL_UNCERTAINTY_ASSIGNED_CONTEXT((#5063)) 
GLOBAL_UNIT_ASSIGNED_CONTEXT((#5060,#5061,#5062)) REPRESENTATION_CONTEXT
('Context #1','3D Context with UNIT and UNCERTAINTY') );
#5060 = ( LENGTH_UNIT() NAMED_UNIT(*) SI_UNIT(.MILLI.,.METRE.) );
#5061 = ( NAMED_UNIT(*) PLANE_ANGLE_UNIT() SI_UNIT($,.RADIAN.) );
#5062 = ( NAMED_UNIT(*) SI_UNIT($,.STERADIAN.) SOLID_ANGLE_UNIT() );
#5063 = UNCERTAINTY_MEASURE_WITH_UNIT(LENGTH_MEASURE(2.E-07),#5060,
  'distance_accuracy_value','confusion accuracy');
#5064 = CONTEXT_DEPENDENT_SHAPE_REPRESENTATION(#5065,#5067);
#5065 = ( REPRESENTATION_RELATIONSHIP('','',#44,#10) 
REPRESENTATION_RELATIONSHIP_WITH_TRANSFORMATION(#5066) 
SHAPE_REPRESENTATION_RELATIONSHIP() );
#5066 = ITEM_DEFINED_TRANSFORMATION('','',#11,#15);
#5067 = PRODUCT_DEFINITION_SHAPE('Placement','Placement of an item',
  #5068);
#5068 = NEXT_ASSEMBLY_USAGE_OCCURRENCE('11','=>[0:1:1:2]','',#5,#39,$);
#5069 = PRODUCT_RELATED_PRODUCT_CATEGORY('part',$,(#41));
#5070 = SHAPE_DEFINITION_REPRESENTATION(#5071,#5077);
#5071 = PRODUCT_DEFINITION_SHAPE('','',#5072);
#5072 = PRODUCT_DEFINITION('design','',#5073,#5076);
#5073 = PRODUCT_DEFINITION_FORMATION('','',#5074);
#5074 = PRODUCT('COMPOUND','COMPOUND','',(#5075));
#5075 = PRODUCT_CONTEXT('',#2,'mechanical');
#5076 = PRODUCT_DEFINITION_CONTEXT('part definition',#2,'design');
#5077 = ADVANCED_BREP_SHAPE_REPRESENTATION('',(#11,#5078),#5408);
#5078 = MANIFOLD_SOLID_BREP('',#5079);
#5079 = CLOSED_SHELL('',(#5080,#5200,#5300,#5347,#5394,#5401));
#5080 = ADVANCED_FACE('',(#5081),#5095,.F.);
#5081 = FACE_BOUND('',#5082,.F.);
#5082 = EDGE_LOOP('',(#5083,#5118,#5146,#5174));
#5083 = ORIENTED_EDGE('',*,*,#5084,.F.);
#5084 = EDGE_CURVE('',#5085,#5087,#5089,.T.);
#5085 = VERTEX_POINT('',#5086);
#5086 = CARTESIAN_POINT('',(-175.,-265.,-12.5));
#5087 = VERTEX_POINT('',#5088);
#5088 = CARTESIAN_POINT('',(-175.,-265.,12.5));
#5089 = SURFACE_CURVE('',#5090,(#5094,#5106),.PCURVE_S1.);
#5090 = LINE('',#5091,#5092);
#5091 = CARTESIAN_POINT('',(-175.,-265.,-12.5));
#5092 = VECTOR('',#5093,1.);
#5093 = DIRECTION('',(0.,0.,1.));
#5094 = PCURVE('',#5095,#5100);
#5095 = PLANE('',#5096);
#5096 = AXIS2_PLACEMENT_3D('',#5097,#5098,#5099);
#5097 = CARTESIAN_POINT('',(-175.,-265.,-12.5));
#5098 = DIRECTION('',(1.,0.,-0.));
#5099 = DIRECTION('',(0.,0.,1.));
#5100 = DEFINITIONAL_REPRESENTATION('',(#5101),#5105);
#5101 = LINE('',#5102,#5103);
#5102 = CARTESIAN_POINT('',(0.,0.));
#5103 = VECTOR('',#5104,1.);
#5104 = DIRECTION('',(1.,0.));
#5105 = ( GEOMETRIC_REPRESENTATION_CONTEXT(2) 
PARAMETRIC_REPRESENTATION_CONTEXT() REPRESENTATION_CONTEXT('2D SPACE',''
  ) );
#5106 = PCURVE('',#5107,#5112);
#5107 = PLANE('',#5108);
#5108 = AXIS2_PLACEMENT_3D('',#5109,#5110,#5111);
#5109 = CARTESIAN_POINT('',(-175.,-265.,-12.5));
#5110 = DIRECTION('',(-0.,1.,0.));
#5111 = DIRECTION('',(0.,0.,1.));
#5112 = DEFINITIONAL_REPRESENTATION('',(#5113),#5117);
#5113 = LINE('',#5114,#5115);
#5114 = CARTESIAN_POINT('',(0.,0.));
#5115 = VECTOR('',#5116,1.);
#5116 = DIRECTION('',(1.,0.));
#5117 = ( GEOMETRIC_REPRESENTATION_CONTEXT(2) 
PARAMETRIC_REPRESENTATION_CONTEXT() REPRESENTATION_CONTEXT('2D SPACE',''
  ) );
#5118 = ORIENTED_EDGE('',*,*,#5119,.T.);
#5119 = EDGE_CURVE('',#5085,#5120,#5122,.T.);
#5120 = VERTEX_POINT('',#5121);
#5121 = CARTESIAN_POINT('',(-175.,265.,-12.5));
#5122 = SURFACE_CURVE('',#5123,(#5127,#5134),.PCURVE_S1.);
#5123 = LINE('',#5124,#5125);
#5124 = CARTESIAN_POINT('',(-175.,-265.,-12.5));
#5125 = VECTOR('',#5126,1.);
#5126 = DIRECTION('',(-0.,1.,0.));
#5127 = PCURVE('',#5095,#5128);
#5128 = DEFINITIONAL_REPRESENTATION('',(#5129),#5133);
#5129 = LINE('',#5130,#5131);
#5130 = CARTESIAN_POINT('',(0.,0.));
#5131 = VECTOR('',#5132,1.);
#5132 = DIRECTION('',(0.,-1.));
#5133 = ( GEOMETRIC_REPRESENTATION_CONTEXT(2) 
PARAMETRIC_REPRESENTATION_CONTEXT() REPRESENTATION_CONTEXT('2D SPACE',''
  ) );
#5134 = PCURVE('',#5135,#5140);
#5135 = PLANE('',#5136);
#5136 = AXIS2_PLACEMENT_3D('',#5137,#5138,#5139);
#5137 = CARTESIAN_POINT('',(-175.,-265.,-12.5));
#5138 = DIRECTION('',(0.,0.,1.));
#5139 = DIRECTION('',(1.,0.,-0.));
#5140 = DEFINITIONAL_REPRESENTATION('',(#5141),#5145);
#5141 = LINE('',#5142,#5143);
#5142 = CARTESIAN_POINT('',(0.,0.));
#5143 = VECTOR('',#5144,1.);
#5144 = DIRECTION('',(0.,1.));
#5145 = ( GEOMETRIC_REPRESENTATION_CONTEXT(2) 
PARAMETRIC_REPRESENTATION_CONTEXT() REPRESENTATION_CONTEXT('2D SPACE',''
  ) );
#5146 = ORIENTED_EDGE('',*,*,#5147,.T.);
#5147 = EDGE_CURVE('',#5120,#5148,#5150,.T.);
#5148 = VERTEX_POINT('',#5149);
#5149 = CARTESIAN_POINT('',(-175.,265.,12.5));
#5150 = SURFACE_CURVE('',#5151,(#5155,#5162),.PCURVE_S1.);
#5151 = LINE('',#5152,#5153);
#5152 = CARTESIAN_POINT('',(-175.,265.,-12.5));
#5153 = VECTOR('',#5154,1.);
#5154 = DIRECTION('',(0.,0.,1.));
#5155 = PCURVE('',#5095,#5156);
#5156 = DEFINITIONAL_REPRESENTATION('',(#5157),#5161);
#5157 = LINE('',#5158,#5159);
#5158 = CARTESIAN_POINT('',(0.,-530.));
#5159 = VECTOR('',#5160,1.);
#5160 = DIRECTION('',(1.,0.));
#5161 = ( GEOMETRIC_REPRESENTATION_CONTEXT(2) 
PARAMETRIC_REPRESENTATION_CONTEXT() REPRESENTATION_CONTEXT('2D SPACE',''
  ) );
#5162 = PCURVE('',#5163,#5168);
#5163 = PLANE('',#5164);
#5164 = AXIS2_PLACEMENT_3D('',#5165,#5166,#5167);
#5165 = CARTESIAN_POINT('',(-175.,265.,-12.5));
#5166 = DIRECTION('',(-0.,1.,0.));
#5167 = DIRECTION('',(0.,0.,1.));
#5168 = DEFINITIONAL_REPRESENTATION('',(#5169),#5173);
#5169 = LINE('',#5170,#5171);
#5170 = CARTESIAN_POINT('',(0.,0.));
#5171 = VECTOR('',#5172,1.);
#5172 = DIRECTION('',(1.,0.));
#5173 = ( GEOMETRIC_REPRESENTATION_CONTEXT(2) 
PARAMETRIC_REPRESENTATION_CONTEXT() REPRESENTATION_CONTEXT('2D SPACE',''
  ) );
#5174 = ORIENTED_EDGE('',*,*,#5175,.F.);
#5175 = EDGE_CURVE('',#5087,#5148,#5176,.T.);
#5176 = SURFACE_CURVE('',#5177,(#5181,#5188),.PCURVE_S1.);
#5177 = LINE('',#5178,#5179);
#5178 = CARTESIAN_POINT('',(-175.,-265.,12.5));
#5179 = VECTOR('',#5180,1.);
#5180 = DIRECTION('',(-0.,1.,0.));
#5181 = PCURVE('',#5095,#5182);
#5182 = DEFINITIONAL_REPRESENTATION('',(#5183),#5187);
#5183 = LINE('',#5184,#5185);
#5184 = CARTESIAN_POINT('',(25.,0.));
#5185 = VECTOR('',#5186,1.);
#5186 = DIRECTION('',(0.,-1.));
#5187 = ( GEOMETRIC_REPRESENTATION_CONTEXT(2) 
PARAMETRIC_REPRESENTATION_CONTEXT() REPRESENTATION_CONTEXT('2D SPACE',''
  ) );
#5188 = PCURVE('',#5189,#5194);
#5189 = PLANE('',#5190);
#5190 = AXIS2_PLACEMENT_3D('',#5191,#5192,#5193);
#5191 = CARTESIAN_POINT('',(-175.,-265.,12.5));
#5192 = DIRECTION('',(0.,0.,1.));
#5193 = DIRECTION('',(1.,0.,-0.));
#5194 = DEFINITIONAL_REPRESENTATION('',(#5195),#5199);
#5195 = LINE('',#5196,#5197);
#5196 = CARTESIAN_POINT('',(0.,0.));
#5197 = VECTOR('',#5198,1.);
#5198 = DIRECTION('',(0.,1.));
#5199 = ( GEOMETRIC_REPRESENTATION_CONTEXT(2) 
PARAMETRIC_REPRESENTATION_CONTEXT() REPRESENTATION_CONTEXT('2D SPACE',''
  ) );
#5200 = ADVANCED_FACE('',(#5201),#5215,.T.);
#5201 = FACE_BOUND('',#5202,.T.);
#5202 = EDGE_LOOP('',(#5203,#5233,#5256,#5279));
#5203 = ORIENTED_EDGE('',*,*,#5204,.F.);
#5204 = EDGE_CURVE('',#5205,#5207,#5209,.T.);
#5205 = VERTEX_POINT('',#5206);
#5206 = CARTESIAN_POINT('',(175.,-265.,-12.5));
#5207 = VERTEX_POINT('',#5208);
#5208 = CARTESIAN_POINT('',(175.,-265.,12.5));
#5209 = SURFACE_CURVE('',#5210,(#5214,#5226),.PCURVE_S1.);
#5210 = LINE('',#5211,#5212);
#5211 = CARTESIAN_POINT('',(175.,-265.,-12.5));
#5212 = VECTOR('',#5213,1.);
#5213 = DIRECTION('',(0.,0.,1.));
#5214 = PCURVE('',#5215,#5220);
#5215 = PLANE('',#5216);
#5216 = AXIS2_PLACEMENT_3D('',#5217,#5218,#5219);
#5217 = CARTESIAN_POINT('',(175.,-265.,-12.5));
#5218 = DIRECTION('',(1.,0.,-0.));
#5219 = DIRECTION('',(0.,0.,1.));
#5220 = DEFINITIONAL_REPRESENTATION('',(#5221),#5225);
#5221 = LINE('',#5222,#5223);
#5222 = CARTESIAN_POINT('',(0.,0.));
#5223 = VECTOR('',#5224,1.);
#5224 = DIRECTION('',(1.,0.));
#5225 = ( GEOMETRIC_REPRESENTATION_CONTEXT(2) 
PARAMETRIC_REPRESENTATION_CONTEXT() REPRESENTATION_CONTEXT('2D SPACE',''
  ) );
#5226 = PCURVE('',#5107,#5227);
#5227 = DEFINITIONAL_REPRESENTATION('',(#5228),#5232);
#5228 = LINE('',#5229,#5230);
#5229 = CARTESIAN_POINT('',(0.,350.));
#5230 = VECTOR('',#5231,1.);
#5231 = DIRECTION('',(1.,0.));
#5232 = ( GEOMETRIC_REPRESENTATION_CONTEXT(2) 
PARAMETRIC_REPRESENTATION_CONTEXT() REPRESENTATION_CONTEXT('2D SPACE',''
  ) );
#5233 = ORIENTED_EDGE('',*,*,#5234,.T.);
#5234 = EDGE_CURVE('',#5205,#5235,#5237,.T.);
#5235 = VERTEX_POINT('',#5236);
#5236 = CARTESIAN_POINT('',(175.,265.,-12.5));
#5237 = SURFACE_CURVE('',#5238,(#5242,#5249),.PCURVE_S1.);
#5238 = LINE('',#5239,#5240);
#5239 = CARTESIAN_POINT('',(175.,-265.,-12.5));
#5240 = VECTOR('',#5241,1.);
#5241 = DIRECTION('',(-0.,1.,0.));
#5242 = PCURVE('',#5215,#5243);
#5243 = DEFINITIONAL_REPRESENTATION('',(#5244),#5248);
#5244 = LINE('',#5245,#5246);
#5245 = CARTESIAN_POINT('',(0.,0.));
#5246 = VECTOR('',#5247,1.);
#5247 = DIRECTION('',(0.,-1.));
#5248 = ( GEOMETRIC_REPRESENTATION_CONTEXT(2) 
PARAMETRIC_REPRESENTATION_CONTEXT() REPRESENTATION_CONTEXT('2D SPACE',''
  ) );
#5249 = PCURVE('',#5135,#5250);
#5250 = DEFINITIONAL_REPRESENTATION('',(#5251),#5255);
#5251 = LINE('',#5252,#5253);
#5252 = CARTESIAN_POINT('',(350.,0.));
#5253 = VECTOR('',#5254,1.);
#5254 = DIRECTION('',(0.,1.));
#5255 = ( GEOMETRIC_REPRESENTATION_CONTEXT(2) 
PARAMETRIC_REPRESENTATION_CONTEXT() REPRESENTATION_CONTEXT('2D SPACE',''
  ) );
#5256 = ORIENTED_EDGE('',*,*,#5257,.T.);
#5257 = EDGE_CURVE('',#5235,#5258,#5260,.T.);
#5258 = VERTEX_POINT('',#5259);
#5259 = CARTESIAN_POINT('',(175.,265.,12.5));
#5260 = SURFACE_CURVE('',#5261,(#5265,#5272),.PCURVE_S1.);
#5261 = LINE('',#5262,#5263);
#5262 = CARTESIAN_POINT('',(175.,265.,-12.5));
#5263 = VECTOR('',#5264,1.);
#5264 = DIRECTION('',(0.,0.,1.));
#5265 = PCURVE('',#5215,#5266);
#5266 = DEFINITIONAL_REPRESENTATION('',(#5267),#5271);
#5267 = LINE('',#5268,#5269);
#5268 = CARTESIAN_POINT('',(0.,-530.));
#5269 = VECTOR('',#5270,1.);
#5270 = DIRECTION('',(1.,0.));
#5271 = ( GEOMETRIC_REPRESENTATION_CONTEXT(2) 
PARAMETRIC_REPRESENTATION_CONTEXT() REPRESENTATION_CONTEXT('2D SPACE',''
  ) );
#5272 = PCURVE('',#5163,#5273);
#5273 = DEFINITIONAL_REPRESENTATION('',(#5274),#5278);
#5274 = LINE('',#5275,#5276);
#5275 = CARTESIAN_POINT('',(0.,350.));
#5276 = VECTOR('',#5277,1.);
#5277 = DIRECTION('',(1.,0.));
#5278 = ( GEOMETRIC_REPRESENTATION_CONTEXT(2) 
PARAMETRIC_REPRESENTATION_CONTEXT() REPRESENTATION_CONTEXT('2D SPACE',''
  ) );
#5279 = ORIENTED_EDGE('',*,*,#5280,.F.);
#5280 = EDGE_CURVE('',#5207,#5258,#5281,.T.);
#5281 = SURFACE_CURVE('',#5282,(#5286,#5293),.PCURVE_S1.);
#5282 = LINE('',#5283,#5284);
#5283 = CARTESIAN_POINT('',(175.,-265.,12.5));
#5284 = VECTOR('',#5285,1.);
#5285 = DIRECTION('',(-0.,1.,0.));
#5286 = PCURVE('',#5215,#5287);
#5287 = DEFINITIONAL_REPRESENTATION('',(#5288),#5292);
#5288 = LINE('',#5289,#5290);
#5289 = CARTESIAN_POINT('',(25.,0.));
#5290 = VECTOR('',#5291,1.);
#5291 = DIRECTION('',(0.,-1.));
#5292 = ( GEOMETRIC_REPRESENTATION_CONTEXT(2) 
PARAMETRIC_REPRESENTATION_CONTEXT() REPRESENTATION_CONTEXT('2D SPACE',''
  ) );
#5293 = PCURVE('',#5189,#5294);
#5294 = DEFINITIONAL_REPRESENTATION('',(#5295),#5299);
#5295 = LINE('',#5296,#5297);
#5296 = CARTESIAN_POINT('',(350.,0.));
#5297 = VECTOR('',#5298,1.);
#5298 = DIRECTION('',(0.,1.));
#5299 = ( GEOMETRIC_REPRESENTATION_CONTEXT(2) 
PARAMETRIC_REPRESENTATION_CONTEXT() REPRESENTATION_CONTEXT('2D SPACE',''
  ) );
#5300 = ADVANCED_FACE('',(#5301),#5107,.F.);
#5301 = FACE_BOUND('',#5302,.F.);
#5302 = EDGE_LOOP('',(#5303,#5324,#5325,#5346));
#5303 = ORIENTED_EDGE('',*,*,#5304,.F.);
#5304 = EDGE_CURVE('',#5085,#5205,#5305,.T.);
#5305 = SURFACE_CURVE('',#5306,(#5310,#5317),.PCURVE_S1.);
#5306 = LINE('',#5307,#5308);
#5307 = CARTESIAN_POINT('',(-175.,-265.,-12.5));
#5308 = VECTOR('',#5309,1.);
#5309 = DIRECTION('',(1.,0.,-0.));
#5310 = PCURVE('',#5107,#5311);
#5311 = DEFINITIONAL_REPRESENTATION('',(#5312),#5316);
#5312 = LINE('',#5313,#5314);
#5313 = CARTESIAN_POINT('',(0.,0.));
#5314 = VECTOR('',#5315,1.);
#5315 = DIRECTION('',(0.,1.));
#5316 = ( GEOMETRIC_REPRESENTATION_CONTEXT(2) 
PARAMETRIC_REPRESENTATION_CONTEXT() REPRESENTATION_CONTEXT('2D SPACE',''
  ) );
#5317 = PCURVE('',#5135,#5318);
#5318 = DEFINITIONAL_REPRESENTATION('',(#5319),#5323);
#5319 = LINE('',#5320,#5321);
#5320 = CARTESIAN_POINT('',(0.,0.));
#5321 = VECTOR('',#5322,1.);
#5322 = DIRECTION('',(1.,0.));
#5323 = ( GEOMETRIC_REPRESENTATION_CONTEXT(2) 
PARAMETRIC_REPRESENTATION_CONTEXT() REPRESENTATION_CONTEXT('2D SPACE',''
  ) );
#5324 = ORIENTED_EDGE('',*,*,#5084,.T.);
#5325 = ORIENTED_EDGE('',*,*,#5326,.T.);
#5326 = EDGE_CURVE('',#5087,#5207,#5327,.T.);
#5327 = SURFACE_CURVE('',#5328,(#5332,#5339),.PCURVE_S1.);
#5328 = LINE('',#5329,#5330);
#5329 = CARTESIAN_POINT('',(-175.,-265.,12.5));
#5330 = VECTOR('',#5331,1.);
#5331 = DIRECTION('',(1.,0.,-0.));
#5332 = PCURVE('',#5107,#5333);
#5333 = DEFINITIONAL_REPRESENTATION('',(#5334),#5338);
#5334 = LINE('',#5335,#5336);
#5335 = CARTESIAN_POINT('',(25.,0.));
#5336 = VECTOR('',#5337,1.);
#5337 = DIRECTION('',(0.,1.));
#5338 = ( GEOMETRIC_REPRESENTATION_CONTEXT(2) 
PARAMETRIC_REPRESENTATION_CONTEXT() REPRESENTATION_CONTEXT('2D SPACE',''
  ) );
#5339 = PCURVE('',#5189,#5340);
#5340 = DEFINITIONAL_REPRESENTATION('',(#5341),#5345);
#5341 = LINE('',#5342,#5343);
#5342 = CARTESIAN_POINT('',(0.,0.));
#5343 = VECTOR('',#5344,1.);
#5344 = DIRECTION('',(1.,0.));
#5345 = ( GEOMETRIC_REPRESENTATION_CONTEXT(2) 
PARAMETRIC_REPRESENTATION_CONTEXT() REPRESENTATION_CONTEXT('2D SPACE',''
  ) );
#5346 = ORIENTED_EDGE('',*,*,#5204,.F.);
#5347 = ADVANCED_FACE('',(#5348),#5163,.T.);
#5348 = FACE_BOUND('',#5349,.T.);
#5349 = EDGE_LOOP('',(#5350,#5371,#5372,#5393));
#5350 = ORIENTED_EDGE('',*,*,#5351,.F.);
#5351 = EDGE_CURVE('',#5120,#5235,#5352,.T.);
#5352 = SURFACE_CURVE('',#5353,(#5357,#5364),.PCURVE_S1.);
#5353 = LINE('',#5354,#5355);
#5354 = CARTESIAN_POINT('',(-175.,265.,-12.5));
#5355 = VECTOR('',#5356,1.);
#5356 = DIRECTION('',(1.,0.,-0.));
#5357 = PCURVE('',#5163,#5358);
#5358 = DEFINITIONAL_REPRESENTATION('',(#5359),#5363);
#5359 = LINE('',#5360,#5361);
#5360 = CARTESIAN_POINT('',(0.,0.));
#5361 = VECTOR('',#5362,1.);
#5362 = DIRECTION('',(0.,1.));
#5363 = ( GEOMETRIC_REPRESENTATION_CONTEXT(2) 
PARAMETRIC_REPRESENTATION_CONTEXT() REPRESENTATION_CONTEXT('2D SPACE',''
  ) );
#5364 = PCURVE('',#5135,#5365);
#5365 = DEFINITIONAL_REPRESENTATION('',(#5366),#5370);
#5366 = LINE('',#5367,#5368);
#5367 = CARTESIAN_POINT('',(0.,530.));
#5368 = VECTOR('',#5369,1.);
#5369 = DIRECTION('',(1.,0.));
#5370 = ( GEOMETRIC_REPRESENTATION_CONTEXT(2) 
PARAMETRIC_REPRESENTATION_CONTEXT() REPRESENTATION_CONTEXT('2D SPACE',''
  ) );
#5371 = ORIENTED_EDGE('',*,*,#5147,.T.);
#5372 = ORIENTED_EDGE('',*,*,#5373,.T.);
#5373 = EDGE_CURVE('',#5148,#5258,#5374,.T.);
#5374 = SURFACE_CURVE('',#5375,(#5379,#5386),.PCURVE_S1.);
#5375 = LINE('',#5376,#5377);
#5376 = CARTESIAN_POINT('',(-175.,265.,12.5));
#5377 = VECTOR('',#5378,1.);
#5378 = DIRECTION('',(1.,0.,-0.));
#5379 = PCURVE('',#5163,#5380);
#5380 = DEFINITIONAL_REPRESENTATION('',(#5381),#5385);
#5381 = LINE('',#5382,#5383);
#5382 = CARTESIAN_POINT('',(25.,0.));
#5383 = VECTOR('',#5384,1.);
#5384 = DIRECTION('',(0.,1.));
#5385 = ( GEOMETRIC_REPRESENTATION_CONTEXT(2) 
PARAMETRIC_REPRESENTATION_CONTEXT() REPRESENTATION_CONTEXT('2D SPACE',''
  ) );
#5386 = PCURVE('',#5189,#5387);
#5387 = DEFINITIONAL_REPRESENTATION('',(#5388),#5392);
#5388 = LINE('',#5389,#5390);
#5389 = CARTESIAN_POINT('',(0.,530.));
#5390 = VECTOR('',#5391,1.);
#5391 = DIRECTION('',(1.,0.));
#5392 = ( GEOMETRIC_REPRESENTATION_CONTEXT(2) 
PARAMETRIC_REPRESENTATION_CONTEXT() REPRESENTATION_CONTEXT('2D SPACE',''
  ) );
#5393 = ORIENTED_EDGE('',*,*,#5257,.F.);
#5394 = ADVANCED_FACE('',(#5395),#5135,.F.);
#5395 = FACE_BOUND('',#5396,.F.);
#5396 = EDGE_LOOP('',(#5397,#5398,#5399,#5400));
#5397 = ORIENTED_EDGE('',*,*,#5119,.F.);
#5398 = ORIENTED_EDGE('',*,*,#5304,.T.);
#5399 = ORIENTED_EDGE('',*,*,#5234,.T.);
#5400 = ORIENTED_EDGE('',*,*,#5351,.F.);
#5401 = ADVANCED_FACE('',(#5402),#5189,.T.);
#5402 = FACE_BOUND('',#5403,.T.);
#5403 = EDGE_LOOP('',(#5404,#5405,#5406,#5407));
#5404 = ORIENTED_EDGE('',*,*,#5175,.F.);
#5405 = ORIENTED_EDGE('',*,*,#5326,.T.);
#5406 = ORIENTED_EDGE('',*,*,#5280,.T.);
#5407 = ORIENTED_EDGE('',*,*,#5373,.F.);
#5408 = ( GEOMETRIC_REPRESENTATION_CONTEXT(3) 
GLOBAL_UNCERTAINTY_ASSIGNED_CONTEXT((#5412)) 
GLOBAL_UNIT_ASSIGNED_CONTEXT((#5409,#5410,#5411)) REPRESENTATION_CONTEXT
('Context #1','3D Context with UNIT and UNCERTAINTY') );
#5409 = ( LENGTH_UNIT() NAMED_UNIT(*) SI_UNIT(.MILLI.,.METRE.) );
#5410 = ( NAMED_UNIT(*) PLANE_ANGLE_UNIT() SI_UNIT($,.RADIAN.) );
#5411 = ( NAMED_UNIT(*) SI_UNIT($,.STERADIAN.) SOLID_ANGLE_UNIT() );
#5412 = UNCERTAINTY_MEASURE_WITH_UNIT(LENGTH_MEASURE(1.E-07),#5409,
  'distance_accuracy_value','confusion accuracy');
#5413 = CONTEXT_DEPENDENT_SHAPE_REPRESENTATION(#5414,#5416);
#5414 = ( REPRESENTATION_RELATIONSHIP('','',#5077,#10) 
REPRESENTATION_RELATIONSHIP_WITH_TRANSFORMATION(#5415) 
SHAPE_REPRESENTATION_RELATIONSHIP() );
#5415 = ITEM_DEFINED_TRANSFORMATION('','',#11,#19);
#5416 = PRODUCT_DEFINITION_SHAPE('Placement','Placement of an item',
  #5417);
#5417 = NEXT_ASSEMBLY_USAGE_OCCURRENCE('12','=>[0:1:1:3]','',#5,#5072,$
  );
#5418 = PRODUCT_RELATED_PRODUCT_CATEGORY('part',$,(#5074));
#5419 = SHAPE_DEFINITION_REPRESENTATION(#5420,#5426);
#5420 = PRODUCT_DEFINITION_SHAPE('','',#5421);
#5421 = PRODUCT_DEFINITION('design','',#5422,#5425);
#5422 = PRODUCT_DEFINITION_FORMATION('','',#5423);
#5423 = PRODUCT('COMPOUND','COMPOUND','',(#5424));
#5424 = PRODUCT_CONTEXT('',#2,'mechanical');
#5425 = PRODUCT_DEFINITION_CONTEXT('part definition',#2,'design');
#5426 = SHAPE_REPRESENTATION('',(#11,#5427,#5757),#6087);
#5427 = MANIFOLD_SOLID_BREP('',#5428);
#5428 = CLOSED_SHELL('',(#5429,#5549,#5649,#5696,#5743,#5750));
#5429 = ADVANCED_FACE('',(#5430),#5444,.F.);
#5430 = FACE_BOUND('',#5431,.F.);
#5431 = EDGE_LOOP('',(#5432,#5467,#5495,#5523));
#5432 = ORIENTED_EDGE('',*,*,#5433,.F.);
#5433 = EDGE_CURVE('',#5434,#5436,#5438,.T.);
#5434 = VERTEX_POINT('',#5435);
#5435 = CARTESIAN_POINT('',(-1.26E+03,760.,-92.));
#5436 = VERTEX_POINT('',#5437);
#5437 = CARTESIAN_POINT('',(-1.26E+03,760.,-12.));
#5438 = SURFACE_CURVE('',#5439,(#5443,#5455),.PCURVE_S1.);
#5439 = LINE('',#5440,#5441);
#5440 = CARTESIAN_POINT('',(-1.26E+03,760.,-92.));
#5441 = VECTOR('',#5442,1.);
#5442 = DIRECTION('',(0.,0.,1.));
#5443 = PCURVE('',#5444,#5449);
#5444 = PLANE('',#5445);
#5445 = AXIS2_PLACEMENT_3D('',#5446,#5447,#5448);
#5446 = CARTESIAN_POINT('',(-1.26E+03,760.,-92.));
#5447 = DIRECTION('',(1.,0.,-0.));
#5448 = DIRECTION('',(0.,0.,1.));
#5449 = DEFINITIONAL_REPRESENTATION('',(#5450),#5454);
#5450 = LINE('',#5451,#5452);
#5451 = CARTESIAN_POINT('',(0.,0.));
#5452 = VECTOR('',#5453,1.);
#5453 = DIRECTION('',(1.,0.));
#5454 = ( GEOMETRIC_REPRESENTATION_CONTEXT(2) 
PARAMETRIC_REPRESENTATION_CONTEXT() REPRESENTATION_CONTEXT('2D SPACE',''
  ) );
#5455 = PCURVE('',#5456,#5461);
#5456 = PLANE('',#5457);
#5457 = AXIS2_PLACEMENT_3D('',#5458,#5459,#5460);
#5458 = CARTESIAN_POINT('',(-1.26E+03,760.,-92.));
#5459 = DIRECTION('',(-0.,1.,0.));
#5460 = DIRECTION('',(0.,0.,1.));
#5461 = DEFINITIONAL_REPRESENTATION('',(#5462),#5466);
#5462 = LINE('',#5463,#5464);
#5463 = CARTESIAN_POINT('',(0.,0.));
#5464 = VECTOR('',#5465,1.);
#5465 = DIRECTION('',(1.,0.));
#5466 = ( GEOMETRIC_REPRESENTATION_CONTEXT(2) 
PARAMETRIC_REPRESENTATION_CONTEXT() REPRESENTATION_CONTEXT('2D SPACE',''
  ) );
#5467 = ORIENTED_EDGE('',*,*,#5468,.T.);
#5468 = EDGE_CURVE('',#5434,#5469,#5471,.T.);
#5469 = VERTEX_POINT('',#5470);
#5470 = CARTESIAN_POINT('',(-1.26E+03,880.,-92.));
#5471 = SURFACE_CURVE('',#5472,(#5476,#5483),.PCURVE_S1.);
#5472 = LINE('',#5473,#5474);
#5473 = CARTESIAN_POINT('',(-1.26E+03,760.,-92.));
#5474 = VECTOR('',#5475,1.);
#5475 = DIRECTION('',(-0.,1.,0.));
#5476 = PCURVE('',#5444,#5477);
#5477 = DEFINITIONAL_REPRESENTATION('',(#5478),#5482);
#5478 = LINE('',#5479,#5480);
#5479 = CARTESIAN_POINT('',(0.,0.));
#5480 = VECTOR('',#5481,1.);
#5481 = DIRECTION('',(0.,-1.));
#5482 = ( GEOMETRIC_REPRESENTATION_CONTEXT(2) 
PARAMETRIC_REPRESENTATION_CONTEXT() REPRESENTATION_CONTEXT('2D SPACE',''
  ) );
#5483 = PCURVE('',#5484,#5489);
#5484 = PLANE('',#5485);
#5485 = AXIS2_PLACEMENT_3D('',#5486,#5487,#5488);
#5486 = CARTESIAN_POINT('',(-1.26E+03,760.,-92.));
#5487 = DIRECTION('',(0.,0.,1.));
#5488 = DIRECTION('',(1.,0.,-0.));
#5489 = DEFINITIONAL_REPRESENTATION('',(#5490),#5494);
#5490 = LINE('',#5491,#5492);
#5491 = CARTESIAN_POINT('',(0.,0.));
#5492 = VECTOR('',#5493,1.);
#5493 = DIRECTION('',(0.,1.));
#5494 = ( GEOMETRIC_REPRESENTATION_CONTEXT(2) 
PARAMETRIC_REPRESENTATION_CONTEXT() REPRESENTATION_CONTEXT('2D SPACE',''
  ) );
#5495 = ORIENTED_EDGE('',*,*,#5496,.T.);
#5496 = EDGE_CURVE('',#5469,#5497,#5499,.T.);
#5497 = VERTEX_POINT('',#5498);
#5498 = CARTESIAN_POINT('',(-1.26E+03,880.,-12.));
#5499 = SURFACE_CURVE('',#5500,(#5504,#5511),.PCURVE_S1.);
#5500 = LINE('',#5501,#5502);
#5501 = CARTESIAN_POINT('',(-1.26E+03,880.,-92.));
#5502 = VECTOR('',#5503,1.);
#5503 = DIRECTION('',(0.,0.,1.));
#5504 = PCURVE('',#5444,#5505);
#5505 = DEFINITIONAL_REPRESENTATION('',(#5506),#5510);
#5506 = LINE('',#5507,#5508);
#5507 = CARTESIAN_POINT('',(0.,-120.));
#5508 = VECTOR('',#5509,1.);
#5509 = DIRECTION('',(1.,0.));
#5510 = ( GEOMETRIC_REPRESENTATION_CONTEXT(2) 
PARAMETRIC_REPRESENTATION_CONTEXT() REPRESENTATION_CONTEXT('2D SPACE',''
  ) );
#5511 = PCURVE('',#5512,#5517);
#5512 = PLANE('',#5513);
#5513 = AXIS2_PLACEMENT_3D('',#5514,#5515,#5516);
#5514 = CARTESIAN_POINT('',(-1.26E+03,880.,-92.));
#5515 = DIRECTION('',(-0.,1.,0.));
#5516 = DIRECTION('',(0.,0.,1.));
#5517 = DEFINITIONAL_REPRESENTATION('',(#5518),#5522);
#5518 = LINE('',#5519,#5520);
#5519 = CARTESIAN_POINT('',(0.,0.));
#5520 = VECTOR('',#5521,1.);
#5521 = DIRECTION('',(1.,0.));
#5522 = ( GEOMETRIC_REPRESENTATION_CONTEXT(2) 
PARAMETRIC_REPRESENTATION_CONTEXT() REPRESENTATION_CONTEXT('2D SPACE',''
  ) );
#5523 = ORIENTED_EDGE('',*,*,#5524,.F.);
#5524 = EDGE_CURVE('',#5436,#5497,#5525,.T.);
#5525 = SURFACE_CURVE('',#5526,(#5530,#5537),.PCURVE_S1.);
#5526 = LINE('',#5527,#5528);
#5527 = CARTESIAN_POINT('',(-1.26E+03,760.,-12.));
#5528 = VECTOR('',#5529,1.);
#5529 = DIRECTION('',(-0.,1.,0.));
#5530 = PCURVE('',#5444,#5531);
#5531 = DEFINITIONAL_REPRESENTATION('',(#5532),#5536);
#5532 = LINE('',#5533,#5534);
#5533 = CARTESIAN_POINT('',(80.,0.));
#5534 = VECTOR('',#5535,1.);
#5535 = DIRECTION('',(0.,-1.));
#5536 = ( GEOMETRIC_REPRESENTATION_CONTEXT(2) 
PARAMETRIC_REPRESENTATION_CONTEXT() REPRESENTATION_CONTEXT('2D SPACE',''
  ) );
#5537 = PCURVE('',#5538,#5543);
#5538 = PLANE('',#5539);
#5539 = AXIS2_PLACEMENT_3D('',#5540,#5541,#5542);
#5540 = CARTESIAN_POINT('',(-1.26E+03,760.,-12.));
#5541 = DIRECTION('',(0.,0.,1.));
#5542 = DIRECTION('',(1.,0.,-0.));
#5543 = DEFINITIONAL_REPRESENTATION('',(#5544),#5548);
#5544 = LINE('',#5545,#5546);
#5545 = CARTESIAN_POINT('',(0.,0.));
#5546 = VECTOR('',#5547,1.);
#5547 = DIRECTION('',(0.,1.));
#5548 = ( GEOMETRIC_REPRESENTATION_CONTEXT(2) 
PARAMETRIC_REPRESENTATION_CONTEXT() REPRESENTATION_CONTEXT('2D SPACE',''
  ) );
#5549 = ADVANCED_FACE('',(#5550),#5564,.T.);
#5550 = FACE_BOUND('',#5551,.T.);
#5551 = EDGE_LOOP('',(#5552,#5582,#5605,#5628));
#5552 = ORIENTED_EDGE('',*,*,#5553,.F.);
#5553 = EDGE_CURVE('',#5554,#5556,#5558,.T.);
#5554 = VERTEX_POINT('',#5555);
#5555 = CARTESIAN_POINT('',(-1.14E+03,760.,-92.));
#5556 = VERTEX_POINT('',#5557);
#5557 = CARTESIAN_POINT('',(-1.14E+03,760.,-12.));
#5558 = SURFACE_CURVE('',#5559,(#5563,#5575),.PCURVE_S1.);
#5559 = LINE('',#5560,#5561);
#5560 = CARTESIAN_POINT('',(-1.14E+03,760.,-92.));
#5561 = VECTOR('',#5562,1.);
#5562 = DIRECTION('',(0.,0.,1.));
#5563 = PCURVE('',#5564,#5569);
#5564 = PLANE('',#5565);
#5565 = AXIS2_PLACEMENT_3D('',#5566,#5567,#5568);
#5566 = CARTESIAN_POINT('',(-1.14E+03,760.,-92.));
#5567 = DIRECTION('',(1.,0.,-0.));
#5568 = DIRECTION('',(0.,0.,1.));
#5569 = DEFINITIONAL_REPRESENTATION('',(#5570),#5574);
#5570 = LINE('',#5571,#5572);
#5571 = CARTESIAN_POINT('',(0.,0.));
#5572 = VECTOR('',#5573,1.);
#5573 = DIRECTION('',(1.,0.));
#5574 = ( GEOMETRIC_REPRESENTATION_CONTEXT(2) 
PARAMETRIC_REPRESENTATION_CONTEXT() REPRESENTATION_CONTEXT('2D SPACE',''
  ) );
#5575 = PCURVE('',#5456,#5576);
#5576 = DEFINITIONAL_REPRESENTATION('',(#5577),#5581);
#5577 = LINE('',#5578,#5579);
#5578 = CARTESIAN_POINT('',(0.,120.));
#5579 = VECTOR('',#5580,1.);
#5580 = DIRECTION('',(1.,0.));
#5581 = ( GEOMETRIC_REPRESENTATION_CONTEXT(2) 
PARAMETRIC_REPRESENTATION_CONTEXT() REPRESENTATION_CONTEXT('2D SPACE',''
  ) );
#5582 = ORIENTED_EDGE('',*,*,#5583,.T.);
#5583 = EDGE_CURVE('',#5554,#5584,#5586,.T.);
#5584 = VERTEX_POINT('',#5585);
#5585 = CARTESIAN_POINT('',(-1.14E+03,880.,-92.));
#5586 = SURFACE_CURVE('',#5587,(#5591,#5598),.PCURVE_S1.);
#5587 = LINE('',#5588,#5589);
#5588 = CARTESIAN_POINT('',(-1.14E+03,760.,-92.));
#5589 = VECTOR('',#5590,1.);
#5590 = DIRECTION('',(-0.,1.,0.));
#5591 = PCURVE('',#5564,#5592);
#5592 = DEFINITIONAL_REPRESENTATION('',(#5593),#5597);
#5593 = LINE('',#5594,#5595);
#5594 = CARTESIAN_POINT('',(0.,0.));
#5595 = VECTOR('',#5596,1.);
#5596 = DIRECTION('',(0.,-1.));
#5597 = ( GEOMETRIC_REPRESENTATION_CONTEXT(2) 
PARAMETRIC_REPRESENTATION_CONTEXT() REPRESENTATION_CONTEXT('2D SPACE',''
  ) );
#5598 = PCURVE('',#5484,#5599);
#5599 = DEFINITIONAL_REPRESENTATION('',(#5600),#5604);
#5600 = LINE('',#5601,#5602);
#5601 = CARTESIAN_POINT('',(120.,0.));
#5602 = VECTOR('',#5603,1.);
#5603 = DIRECTION('',(0.,1.));
#5604 = ( GEOMETRIC_REPRESENTATION_CONTEXT(2) 
PARAMETRIC_REPRESENTATION_CONTEXT() REPRESENTATION_CONTEXT('2D SPACE',''
  ) );
#5605 = ORIENTED_EDGE('',*,*,#5606,.T.);
#5606 = EDGE_CURVE('',#5584,#5607,#5609,.T.);
#5607 = VERTEX_POINT('',#5608);
#5608 = CARTESIAN_POINT('',(-1.14E+03,880.,-12.));
#5609 = SURFACE_CURVE('',#5610,(#5614,#5621),.PCURVE_S1.);
#5610 = LINE('',#5611,#5612);
#5611 = CARTESIAN_POINT('',(-1.14E+03,880.,-92.));
#5612 = VECTOR('',#5613,1.);
#5613 = DIRECTION('',(0.,0.,1.));
#5614 = PCURVE('',#5564,#5615);
#5615 = DEFINITIONAL_REPRESENTATION('',(#5616),#5620);
#5616 = LINE('',#5617,#5618);
#5617 = CARTESIAN_POINT('',(0.,-120.));
#5618 = VECTOR('',#5619,1.);
#5619 = DIRECTION('',(1.,0.));
#5620 = ( GEOMETRIC_REPRESENTATION_CONTEXT(2) 
PARAMETRIC_REPRESENTATION_CONTEXT() REPRESENTATION_CONTEXT('2D SPACE',''
  ) );
#5621 = PCURVE('',#5512,#5622);
#5622 = DEFINITIONAL_REPRESENTATION('',(#5623),#5627);
#5623 = LINE('',#5624,#5625);
#5624 = CARTESIAN_POINT('',(0.,120.));
#5625 = VECTOR('',#5626,1.);
#5626 = DIRECTION('',(1.,0.));
#5627 = ( GEOMETRIC_REPRESENTATION_CONTEXT(2) 
PARAMETRIC_REPRESENTATION_CONTEXT() REPRESENTATION_CONTEXT('2D SPACE',''
  ) );
#5628 = ORIENTED_EDGE('',*,*,#5629,.F.);
#5629 = EDGE_CURVE('',#5556,#5607,#5630,.T.);
#5630 = SURFACE_CURVE('',#5631,(#5635,#5642),.PCURVE_S1.);
#5631 = LINE('',#5632,#5633);
#5632 = CARTESIAN_POINT('',(-1.14E+03,760.,-12.));
#5633 = VECTOR('',#5634,1.);
#5634 = DIRECTION('',(-0.,1.,0.));
#5635 = PCURVE('',#5564,#5636);
#5636 = DEFINITIONAL_REPRESENTATION('',(#5637),#5641);
#5637 = LINE('',#5638,#5639);
#5638 = CARTESIAN_POINT('',(80.,0.));
#5639 = VECTOR('',#5640,1.);
#5640 = DIRECTION('',(0.,-1.));
#5641 = ( GEOMETRIC_REPRESENTATION_CONTEXT(2) 
PARAMETRIC_REPRESENTATION_CONTEXT() REPRESENTATION_CONTEXT('2D SPACE',''
  ) );
#5642 = PCURVE('',#5538,#5643);
#5643 = DEFINITIONAL_REPRESENTATION('',(#5644),#5648);
#5644 = LINE('',#5645,#5646);
#5645 = CARTESIAN_POINT('',(120.,0.));
#5646 = VECTOR('',#5647,1.);
#5647 = DIRECTION('',(0.,1.));
#5648 = ( GEOMETRIC_REPRESENTATION_CONTEXT(2) 
PARAMETRIC_REPRESENTATION_CONTEXT() REPRESENTATION_CONTEXT('2D SPACE',''
  ) );
#5649 = ADVANCED_FACE('',(#5650),#5456,.F.);
#5650 = FACE_BOUND('',#5651,.F.);
#5651 = EDGE_LOOP('',(#5652,#5673,#5674,#5695));
#5652 = ORIENTED_EDGE('',*,*,#5653,.F.);
#5653 = EDGE_CURVE('',#5434,#5554,#5654,.T.);
#5654 = SURFACE_CURVE('',#5655,(#5659,#5666),.PCURVE_S1.);
#5655 = LINE('',#5656,#5657);
#5656 = CARTESIAN_POINT('',(-1.26E+03,760.,-92.));
#5657 = VECTOR('',#5658,1.);
#5658 = DIRECTION('',(1.,0.,-0.));
#5659 = PCURVE('',#5456,#5660);
#5660 = DEFINITIONAL_REPRESENTATION('',(#5661),#5665);
#5661 = LINE('',#5662,#5663);
#5662 = CARTESIAN_POINT('',(0.,0.));
#5663 = VECTOR('',#5664,1.);
#5664 = DIRECTION('',(0.,1.));
#5665 = ( GEOMETRIC_REPRESENTATION_CONTEXT(2) 
PARAMETRIC_REPRESENTATION_CONTEXT() REPRESENTATION_CONTEXT('2D SPACE',''
  ) );
#5666 = PCURVE('',#5484,#5667);
#5667 = DEFINITIONAL_REPRESENTATION('',(#5668),#5672);
#5668 = LINE('',#5669,#5670);
#5669 = CARTESIAN_POINT('',(0.,0.));
#5670 = VECTOR('',#5671,1.);
#5671 = DIRECTION('',(1.,0.));
#5672 = ( GEOMETRIC_REPRESENTATION_CONTEXT(2) 
PARAMETRIC_REPRESENTATION_CONTEXT() REPRESENTATION_CONTEXT('2D SPACE',''
  ) );
#5673 = ORIENTED_EDGE('',*,*,#5433,.T.);
#5674 = ORIENTED_EDGE('',*,*,#5675,.T.);
#5675 = EDGE_CURVE('',#5436,#5556,#5676,.T.);
#5676 = SURFACE_CURVE('',#5677,(#5681,#5688),.PCURVE_S1.);
#5677 = LINE('',#5678,#5679);
#5678 = CARTESIAN_POINT('',(-1.26E+03,760.,-12.));
#5679 = VECTOR('',#5680,1.);
#5680 = DIRECTION('',(1.,0.,-0.));
#5681 = PCURVE('',#5456,#5682);
#5682 = DEFINITIONAL_REPRESENTATION('',(#5683),#5687);
#5683 = LINE('',#5684,#5685);
#5684 = CARTESIAN_POINT('',(80.,0.));
#5685 = VECTOR('',#5686,1.);
#5686 = DIRECTION('',(0.,1.));
#5687 = ( GEOMETRIC_REPRESENTATION_CONTEXT(2) 
PARAMETRIC_REPRESENTATION_CONTEXT() REPRESENTATION_CONTEXT('2D SPACE',''
  ) );
#5688 = PCURVE('',#5538,#5689);
#5689 = DEFINITIONAL_REPRESENTATION('',(#5690),#5694);
#5690 = LINE('',#5691,#5692);
#5691 = CARTESIAN_POINT('',(0.,0.));
#5692 = VECTOR('',#5693,1.);
#5693 = DIRECTION('',(1.,0.));
#5694 = ( GEOMETRIC_REPRESENTATION_CONTEXT(2) 
PARAMETRIC_REPRESENTATION_CONTEXT() REPRESENTATION_CONTEXT('2D SPACE',''
  ) );
#5695 = ORIENTED_EDGE('',*,*,#5553,.F.);
#5696 = ADVANCED_FACE('',(#5697),#5512,.T.);
#5697 = FACE_BOUND('',#5698,.T.);
#5698 = EDGE_LOOP('',(#5699,#5720,#5721,#5742));
#5699 = ORIENTED_EDGE('',*,*,#5700,.F.);
#5700 = EDGE_CURVE('',#5469,#5584,#5701,.T.);
#5701 = SURFACE_CURVE('',#5702,(#5706,#5713),.PCURVE_S1.);
#5702 = LINE('',#5703,#5704);
#5703 = CARTESIAN_POINT('',(-1.26E+03,880.,-92.));
#5704 = VECTOR('',#5705,1.);
#5705 = DIRECTION('',(1.,0.,-0.));
#5706 = PCURVE('',#5512,#5707);
#5707 = DEFINITIONAL_REPRESENTATION('',(#5708),#5712);
#5708 = LINE('',#5709,#5710);
#5709 = CARTESIAN_POINT('',(0.,0.));
#5710 = VECTOR('',#5711,1.);
#5711 = DIRECTION('',(0.,1.));
#5712 = ( GEOMETRIC_REPRESENTATION_CONTEXT(2) 
PARAMETRIC_REPRESENTATION_CONTEXT() REPRESENTATION_CONTEXT('2D SPACE',''
  ) );
#5713 = PCURVE('',#5484,#5714);
#5714 = DEFINITIONAL_REPRESENTATION('',(#5715),#5719);
#5715 = LINE('',#5716,#5717);
#5716 = CARTESIAN_POINT('',(0.,120.));
#5717 = VECTOR('',#5718,1.);
#5718 = DIRECTION('',(1.,0.));
#5719 = ( GEOMETRIC_REPRESENTATION_CONTEXT(2) 
PARAMETRIC_REPRESENTATION_CONTEXT() REPRESENTATION_CONTEXT('2D SPACE',''
  ) );
#5720 = ORIENTED_EDGE('',*,*,#5496,.T.);
#5721 = ORIENTED_EDGE('',*,*,#5722,.T.);
#5722 = EDGE_CURVE('',#5497,#5607,#5723,.T.);
#5723 = SURFACE_CURVE('',#5724,(#5728,#5735),.PCURVE_S1.);
#5724 = LINE('',#5725,#5726);
#5725 = CARTESIAN_POINT('',(-1.26E+03,880.,-12.));
#5726 = VECTOR('',#5727,1.);
#5727 = DIRECTION('',(1.,0.,-0.));
#5728 = PCURVE('',#5512,#5729);
#5729 = DEFINITIONAL_REPRESENTATION('',(#5730),#5734);
#5730 = LINE('',#5731,#5732);
#5731 = CARTESIAN_POINT('',(80.,0.));
#5732 = VECTOR('',#5733,1.);
#5733 = DIRECTION('',(0.,1.));
#5734 = ( GEOMETRIC_REPRESENTATION_CONTEXT(2) 
PARAMETRIC_REPRESENTATION_CONTEXT() REPRESENTATION_CONTEXT('2D SPACE',''
  ) );
#5735 = PCURVE('',#5538,#5736);
#5736 = DEFINITIONAL_REPRESENTATION('',(#5737),#5741);
#5737 = LINE('',#5738,#5739);
#5738 = CARTESIAN_POINT('',(0.,120.));
#5739 = VECTOR('',#5740,1.);
#5740 = DIRECTION('',(1.,0.));
#5741 = ( GEOMETRIC_REPRESENTATION_CONTEXT(2) 
PARAMETRIC_REPRESENTATION_CONTEXT() REPRESENTATION_CONTEXT('2D SPACE',''
  ) );
#5742 = ORIENTED_EDGE('',*,*,#5606,.F.);
#5743 = ADVANCED_FACE('',(#5744),#5484,.F.);
#5744 = FACE_BOUND('',#5745,.F.);
#5745 = EDGE_LOOP('',(#5746,#5747,#5748,#5749));
#5746 = ORIENTED_EDGE('',*,*,#5468,.F.);
#5747 = ORIENTED_EDGE('',*,*,#5653,.T.);
#5748 = ORIENTED_EDGE('',*,*,#5583,.T.);
#5749 = ORIENTED_EDGE('',*,*,#5700,.F.);
#5750 = ADVANCED_FACE('',(#5751),#5538,.T.);
#5751 = FACE_BOUND('',#5752,.T.);
#5752 = EDGE_LOOP('',(#5753,#5754,#5755,#5756));
#5753 = ORIENTED_EDGE('',*,*,#5524,.F.);
#5754 = ORIENTED_EDGE('',*,*,#5675,.T.);
#5755 = ORIENTED_EDGE('',*,*,#5629,.T.);
#5756 = ORIENTED_EDGE('',*,*,#5722,.F.);
#5757 = MANIFOLD_SOLID_BREP('',#5758);
#5758 = CLOSED_SHELL('',(#5759,#5879,#5979,#6026,#6073,#6080));
#5759 = ADVANCED_FACE('',(#5760),#5774,.F.);
#5760 = FACE_BOUND('',#5761,.F.);
#5761 = EDGE_LOOP('',(#5762,#5797,#5825,#5853));
#5762 = ORIENTED_EDGE('',*,*,#5763,.F.);
#5763 = EDGE_CURVE('',#5764,#5766,#5768,.T.);
#5764 = VERTEX_POINT('',#5765);
#5765 = CARTESIAN_POINT('',(-760.,-37.,90.));
#5766 = VERTEX_POINT('',#5767);
#5767 = CARTESIAN_POINT('',(-760.,-37.,130.));
#5768 = SURFACE_CURVE('',#5769,(#5773,#5785),.PCURVE_S1.);
#5769 = LINE('',#5770,#5771);
#5770 = CARTESIAN_POINT('',(-760.,-37.,90.));
#5771 = VECTOR('',#5772,1.);
#5772 = DIRECTION('',(0.,0.,1.));
#5773 = PCURVE('',#5774,#5779);
#5774 = PLANE('',#5775);
#5775 = AXIS2_PLACEMENT_3D('',#5776,#5777,#5778);
#5776 = CARTESIAN_POINT('',(-760.,-37.,90.));
#5777 = DIRECTION('',(1.,0.,-0.));
#5778 = DIRECTION('',(0.,0.,1.));
#5779 = DEFINITIONAL_REPRESENTATION('',(#5780),#5784);
#5780 = LINE('',#5781,#5782);
#5781 = CARTESIAN_POINT('',(0.,0.));
#5782 = VECTOR('',#5783,1.);
#5783 = DIRECTION('',(1.,0.));
#5784 = ( GEOMETRIC_REPRESENTATION_CONTEXT(2) 
PARAMETRIC_REPRESENTATION_CONTEXT() REPRESENTATION_CONTEXT('2D SPACE',''
  ) );
#5785 = PCURVE('',#5786,#5791);
#5786 = PLANE('',#5787);
#5787 = AXIS2_PLACEMENT_3D('',#5788,#5789,#5790);
#5788 = CARTESIAN_POINT('',(-760.,-37.,90.));
#5789 = DIRECTION('',(-0.,1.,0.));
#5790 = DIRECTION('',(0.,0.,1.));
#5791 = DEFINITIONAL_REPRESENTATION('',(#5792),#5796);
#5792 = LINE('',#5793,#5794);
#5793 = CARTESIAN_POINT('',(0.,0.));
#5794 = VECTOR('',#5795,1.);
#5795 = DIRECTION('',(1.,0.));
#5796 = ( GEOMETRIC_REPRESENTATION_CONTEXT(2) 
PARAMETRIC_REPRESENTATION_CONTEXT() REPRESENTATION_CONTEXT('2D SPACE',''
  ) );
#5797 = ORIENTED_EDGE('',*,*,#5798,.T.);
#5798 = EDGE_CURVE('',#5764,#5799,#5801,.T.);
#5799 = VERTEX_POINT('',#5800);
#5800 = CARTESIAN_POINT('',(-760.,40.,90.));
#5801 = SURFACE_CURVE('',#5802,(#5806,#5813),.PCURVE_S1.);
#5802 = LINE('',#5803,#5804);
#5803 = CARTESIAN_POINT('',(-760.,-37.,90.));
#5804 = VECTOR('',#5805,1.);
#5805 = DIRECTION('',(-0.,1.,0.));
#5806 = PCURVE('',#5774,#5807);
#5807 = DEFINITIONAL_REPRESENTATION('',(#5808),#5812);
#5808 = LINE('',#5809,#5810);
#5809 = CARTESIAN_POINT('',(0.,0.));
#5810 = VECTOR('',#5811,1.);
#5811 = DIRECTION('',(0.,-1.));
#5812 = ( GEOMETRIC_REPRESENTATION_CONTEXT(2) 
PARAMETRIC_REPRESENTATION_CONTEXT() REPRESENTATION_CONTEXT('2D SPACE',''
  ) );
#5813 = PCURVE('',#5814,#5819);
#5814 = PLANE('',#5815);
#5815 = AXIS2_PLACEMENT_3D('',#5816,#5817,#5818);
#5816 = CARTESIAN_POINT('',(-760.,-37.,90.));
#5817 = DIRECTION('',(0.,0.,1.));
#5818 = DIRECTION('',(1.,0.,-0.));
#5819 = DEFINITIONAL_REPRESENTATION('',(#5820),#5824);
#5820 = LINE('',#5821,#5822);
#5821 = CARTESIAN_POINT('',(0.,0.));
#5822 = VECTOR('',#5823,1.);
#5823 = DIRECTION('',(0.,1.));
#5824 = ( GEOMETRIC_REPRESENTATION_CONTEXT(2) 
PARAMETRIC_REPRESENTATION_CONTEXT() REPRESENTATION_CONTEXT('2D SPACE',''
  ) );
#5825 = ORIENTED_EDGE('',*,*,#5826,.T.);
#5826 = EDGE_CURVE('',#5799,#5827,#5829,.T.);
#5827 = VERTEX_POINT('',#5828);
#5828 = CARTESIAN_POINT('',(-760.,40.,130.));
#5829 = SURFACE_CURVE('',#5830,(#5834,#5841),.PCURVE_S1.);
#5830 = LINE('',#5831,#5832);
#5831 = CARTESIAN_POINT('',(-760.,40.,90.));
#5832 = VECTOR('',#5833,1.);
#5833 = DIRECTION('',(0.,0.,1.));
#5834 = PCURVE('',#5774,#5835);
#5835 = DEFINITIONAL_REPRESENTATION('',(#5836),#5840);
#5836 = LINE('',#5837,#5838);
#5837 = CARTESIAN_POINT('',(0.,-77.));
#5838 = VECTOR('',#5839,1.);
#5839 = DIRECTION('',(1.,0.));
#5840 = ( GEOMETRIC_REPRESENTATION_CONTEXT(2) 
PARAMETRIC_REPRESENTATION_CONTEXT() REPRESENTATION_CONTEXT('2D SPACE',''
  ) );
#5841 = PCURVE('',#5842,#5847);
#5842 = PLANE('',#5843);
#5843 = AXIS2_PLACEMENT_3D('',#5844,#5845,#5846);
#5844 = CARTESIAN_POINT('',(-760.,40.,90.));
#5845 = DIRECTION('',(-0.,1.,0.));
#5846 = DIRECTION('',(0.,0.,1.));
#5847 = DEFINITIONAL_REPRESENTATION('',(#5848),#5852);
#5848 = LINE('',#5849,#5850);
#5849 = CARTESIAN_POINT('',(0.,0.));
#5850 = VECTOR('',#5851,1.);
#5851 = DIRECTION('',(1.,0.));
#5852 = ( GEOMETRIC_REPRESENTATION_CONTEXT(2) 
PARAMETRIC_REPRESENTATION_CONTEXT() REPRESENTATION_CONTEXT('2D SPACE',''
  ) );
#5853 = ORIENTED_EDGE('',*,*,#5854,.F.);
#5854 = EDGE_CURVE('',#5766,#5827,#5855,.T.);
#5855 = SURFACE_CURVE('',#5856,(#5860,#5867),.PCURVE_S1.);
#5856 = LINE('',#5857,#5858);
#5857 = CARTESIAN_POINT('',(-760.,-37.,130.));
#5858 = VECTOR('',#5859,1.);
#5859 = DIRECTION('',(-0.,1.,0.));
#5860 = PCURVE('',#5774,#5861);
#5861 = DEFINITIONAL_REPRESENTATION('',(#5862),#5866);
#5862 = LINE('',#5863,#5864);
#5863 = CARTESIAN_POINT('',(40.,0.));
#5864 = VECTOR('',#5865,1.);
#5865 = DIRECTION('',(0.,-1.));
#5866 = ( GEOMETRIC_REPRESENTATION_CONTEXT(2) 
PARAMETRIC_REPRESENTATION_CONTEXT() REPRESENTATION_CONTEXT('2D SPACE',''
  ) );
#5867 = PCURVE('',#5868,#5873);
#5868 = PLANE('',#5869);
#5869 = AXIS2_PLACEMENT_3D('',#5870,#5871,#5872);
#5870 = CARTESIAN_POINT('',(-760.,-37.,130.));
#5871 = DIRECTION('',(0.,0.,1.));
#5872 = DIRECTION('',(1.,0.,-0.));
#5873 = DEFINITIONAL_REPRESENTATION('',(#5874),#5878);
#5874 = LINE('',#5875,#5876);
#5875 = CARTESIAN_POINT('',(0.,0.));
#5876 = VECTOR('',#5877,1.);
#5877 = DIRECTION('',(0.,1.));
#5878 = ( GEOMETRIC_REPRESENTATION_CONTEXT(2) 
PARAMETRIC_REPRESENTATION_CONTEXT() REPRESENTATION_CONTEXT('2D SPACE',''
  ) );
#5879 = ADVANCED_FACE('',(#5880),#5894,.T.);
#5880 = FACE_BOUND('',#5881,.T.);
#5881 = EDGE_LOOP('',(#5882,#5912,#5935,#5958));
#5882 = ORIENTED_EDGE('',*,*,#5883,.F.);
#5883 = EDGE_CURVE('',#5884,#5886,#5888,.T.);
#5884 = VERTEX_POINT('',#5885);
#5885 = CARTESIAN_POINT('',(-740.,-37.,90.));
#5886 = VERTEX_POINT('',#5887);
#5887 = CARTESIAN_POINT('',(-740.,-37.,130.));
#5888 = SURFACE_CURVE('',#5889,(#5893,#5905),.PCURVE_S1.);
#5889 = LINE('',#5890,#5891);
#5890 = CARTESIAN_POINT('',(-740.,-37.,90.));
#5891 = VECTOR('',#5892,1.);
#5892 = DIRECTION('',(0.,0.,1.));
#5893 = PCURVE('',#5894,#5899);
#5894 = PLANE('',#5895);
#5895 = AXIS2_PLACEMENT_3D('',#5896,#5897,#5898);
#5896 = CARTESIAN_POINT('',(-740.,-37.,90.));
#5897 = DIRECTION('',(1.,0.,-0.));
#5898 = DIRECTION('',(0.,0.,1.));
#5899 = DEFINITIONAL_REPRESENTATION('',(#5900),#5904);
#5900 = LINE('',#5901,#5902);
#5901 = CARTESIAN_POINT('',(0.,0.));
#5902 = VECTOR('',#5903,1.);
#5903 = DIRECTION('',(1.,0.));
#5904 = ( GEOMETRIC_REPRESENTATION_CONTEXT(2) 
PARAMETRIC_REPRESENTATION_CONTEXT() REPRESENTATION_CONTEXT('2D SPACE',''
  ) );
#5905 = PCURVE('',#5786,#5906);
#5906 = DEFINITIONAL_REPRESENTATION('',(#5907),#5911);
#5907 = LINE('',#5908,#5909);
#5908 = CARTESIAN_POINT('',(0.,20.));
#5909 = VECTOR('',#5910,1.);
#5910 = DIRECTION('',(1.,0.));
#5911 = ( GEOMETRIC_REPRESENTATION_CONTEXT(2) 
PARAMETRIC_REPRESENTATION_CONTEXT() REPRESENTATION_CONTEXT('2D SPACE',''
  ) );
#5912 = ORIENTED_EDGE('',*,*,#5913,.T.);
#5913 = EDGE_CURVE('',#5884,#5914,#5916,.T.);
#5914 = VERTEX_POINT('',#5915);
#5915 = CARTESIAN_POINT('',(-740.,40.,90.));
#5916 = SURFACE_CURVE('',#5917,(#5921,#5928),.PCURVE_S1.);
#5917 = LINE('',#5918,#5919);
#5918 = CARTESIAN_POINT('',(-740.,-37.,90.));
#5919 = VECTOR('',#5920,1.);
#5920 = DIRECTION('',(-0.,1.,0.));
#5921 = PCURVE('',#5894,#5922);
#5922 = DEFINITIONAL_REPRESENTATION('',(#5923),#5927);
#5923 = LINE('',#5924,#5925);
#5924 = CARTESIAN_POINT('',(0.,0.));
#5925 = VECTOR('',#5926,1.);
#5926 = DIRECTION('',(0.,-1.));
#5927 = ( GEOMETRIC_REPRESENTATION_CONTEXT(2) 
PARAMETRIC_REPRESENTATION_CONTEXT() REPRESENTATION_CONTEXT('2D SPACE',''
  ) );
#5928 = PCURVE('',#5814,#5929);
#5929 = DEFINITIONAL_REPRESENTATION('',(#5930),#5934);
#5930 = LINE('',#5931,#5932);
#5931 = CARTESIAN_POINT('',(20.,0.));
#5932 = VECTOR('',#5933,1.);
#5933 = DIRECTION('',(0.,1.));
#5934 = ( GEOMETRIC_REPRESENTATION_CONTEXT(2) 
PARAMETRIC_REPRESENTATION_CONTEXT() REPRESENTATION_CONTEXT('2D SPACE',''
  ) );
#5935 = ORIENTED_EDGE('',*,*,#5936,.T.);
#5936 = EDGE_CURVE('',#5914,#5937,#5939,.T.);
#5937 = VERTEX_POINT('',#5938);
#5938 = CARTESIAN_POINT('',(-740.,40.,130.));
#5939 = SURFACE_CURVE('',#5940,(#5944,#5951),.PCURVE_S1.);
#5940 = LINE('',#5941,#5942);
#5941 = CARTESIAN_POINT('',(-740.,40.,90.));
#5942 = VECTOR('',#5943,1.);
#5943 = DIRECTION('',(0.,0.,1.));
#5944 = PCURVE('',#5894,#5945);
#5945 = DEFINITIONAL_REPRESENTATION('',(#5946),#5950);
#5946 = LINE('',#5947,#5948);
#5947 = CARTESIAN_POINT('',(0.,-77.));
#5948 = VECTOR('',#5949,1.);
#5949 = DIRECTION('',(1.,0.));
#5950 = ( GEOMETRIC_REPRESENTATION_CONTEXT(2) 
PARAMETRIC_REPRESENTATION_CONTEXT() REPRESENTATION_CONTEXT('2D SPACE',''
  ) );
#5951 = PCURVE('',#5842,#5952);
#5952 = DEFINITIONAL_REPRESENTATION('',(#5953),#5957);
#5953 = LINE('',#5954,#5955);
#5954 = CARTESIAN_POINT('',(0.,20.));
#5955 = VECTOR('',#5956,1.);
#5956 = DIRECTION('',(1.,0.));
#5957 = ( GEOMETRIC_REPRESENTATION_CONTEXT(2) 
PARAMETRIC_REPRESENTATION_CONTEXT() REPRESENTATION_CONTEXT('2D SPACE',''
  ) );
#5958 = ORIENTED_EDGE('',*,*,#5959,.F.);
#5959 = EDGE_CURVE('',#5886,#5937,#5960,.T.);
#5960 = SURFACE_CURVE('',#5961,(#5965,#5972),.PCURVE_S1.);
#5961 = LINE('',#5962,#5963);
#5962 = CARTESIAN_POINT('',(-740.,-37.,130.));
#5963 = VECTOR('',#5964,1.);
#5964 = DIRECTION('',(-0.,1.,0.));
#5965 = PCURVE('',#5894,#5966);
#5966 = DEFINITIONAL_REPRESENTATION('',(#5967),#5971);
#5967 = LINE('',#5968,#5969);
#5968 = CARTESIAN_POINT('',(40.,0.));
#5969 = VECTOR('',#5970,1.);
#5970 = DIRECTION('',(0.,-1.));
#5971 = ( GEOMETRIC_REPRESENTATION_CONTEXT(2) 
PARAMETRIC_REPRESENTATION_CONTEXT() REPRESENTATION_CONTEXT('2D SPACE',''
  ) );
#5972 = PCURVE('',#5868,#5973);
#5973 = DEFINITIONAL_REPRESENTATION('',(#5974),#5978);
#5974 = LINE('',#5975,#5976);
#5975 = CARTESIAN_POINT('',(20.,0.));
#5976 = VECTOR('',#5977,1.);
#5977 = DIRECTION('',(0.,1.));
#5978 = ( GEOMETRIC_REPRESENTATION_CONTEXT(2) 
PARAMETRIC_REPRESENTATION_CONTEXT() REPRESENTATION_CONTEXT('2D SPACE',''
  ) );
#5979 = ADVANCED_FACE('',(#5980),#5786,.F.);
#5980 = FACE_BOUND('',#5981,.F.);
#5981 = EDGE_LOOP('',(#5982,#6003,#6004,#6025));
#5982 = ORIENTED_EDGE('',*,*,#5983,.F.);
#5983 = EDGE_CURVE('',#5764,#5884,#5984,.T.);
#5984 = SURFACE_CURVE('',#5985,(#5989,#5996),.PCURVE_S1.);
#5985 = LINE('',#5986,#5987);
#5986 = CARTESIAN_POINT('',(-760.,-37.,90.));
#5987 = VECTOR('',#5988,1.);
#5988 = DIRECTION('',(1.,0.,-0.));
#5989 = PCURVE('',#5786,#5990);
#5990 = DEFINITIONAL_REPRESENTATION('',(#5991),#5995);
#5991 = LINE('',#5992,#5993);
#5992 = CARTESIAN_POINT('',(0.,0.));
#5993 = VECTOR('',#5994,1.);
#5994 = DIRECTION('',(0.,1.));
#5995 = ( GEOMETRIC_REPRESENTATION_CONTEXT(2) 
PARAMETRIC_REPRESENTATION_CONTEXT() REPRESENTATION_CONTEXT('2D SPACE',''
  ) );
#5996 = PCURVE('',#5814,#5997);
#5997 = DEFINITIONAL_REPRESENTATION('',(#5998),#6002);
#5998 = LINE('',#5999,#6000);
#5999 = CARTESIAN_POINT('',(0.,0.));
#6000 = VECTOR('',#6001,1.);
#6001 = DIRECTION('',(1.,0.));
#6002 = ( GEOMETRIC_REPRESENTATION_CONTEXT(2) 
PARAMETRIC_REPRESENTATION_CONTEXT() REPRESENTATION_CONTEXT('2D SPACE',''
  ) );
#6003 = ORIENTED_EDGE('',*,*,#5763,.T.);
#6004 = ORIENTED_EDGE('',*,*,#6005,.T.);
#6005 = EDGE_CURVE('',#5766,#5886,#6006,.T.);
#6006 = SURFACE_CURVE('',#6007,(#6011,#6018),.PCURVE_S1.);
#6007 = LINE('',#6008,#6009);
#6008 = CARTESIAN_POINT('',(-760.,-37.,130.));
#6009 = VECTOR('',#6010,1.);
#6010 = DIRECTION('',(1.,0.,-0.));
#6011 = PCURVE('',#5786,#6012);
#6012 = DEFINITIONAL_REPRESENTATION('',(#6013),#6017);
#6013 = LINE('',#6014,#6015);
#6014 = CARTESIAN_POINT('',(40.,0.));
#6015 = VECTOR('',#6016,1.);
#6016 = DIRECTION('',(0.,1.));
#6017 = ( GEOMETRIC_REPRESENTATION_CONTEXT(2) 
PARAMETRIC_REPRESENTATION_CONTEXT() REPRESENTATION_CONTEXT('2D SPACE',''
  ) );
#6018 = PCURVE('',#5868,#6019);
#6019 = DEFINITIONAL_REPRESENTATION('',(#6020),#6024);
#6020 = LINE('',#6021,#6022);
#6021 = CARTESIAN_POINT('',(0.,0.));
#6022 = VECTOR('',#6023,1.);
#6023 = DIRECTION('',(1.,0.));
#6024 = ( GEOMETRIC_REPRESENTATION_CONTEXT(2) 
PARAMETRIC_REPRESENTATION_CONTEXT() REPRESENTATION_CONTEXT('2D SPACE',''
  ) );
#6025 = ORIENTED_EDGE('',*,*,#5883,.F.);
#6026 = ADVANCED_FACE('',(#6027),#5842,.T.);
#6027 = FACE_BOUND('',#6028,.T.);
#6028 = EDGE_LOOP('',(#6029,#6050,#6051,#6072));
#6029 = ORIENTED_EDGE('',*,*,#6030,.F.);
#6030 = EDGE_CURVE('',#5799,#5914,#6031,.T.);
#6031 = SURFACE_CURVE('',#6032,(#6036,#6043),.PCURVE_S1.);
#6032 = LINE('',#6033,#6034);
#6033 = CARTESIAN_POINT('',(-760.,40.,90.));
#6034 = VECTOR('',#6035,1.);
#6035 = DIRECTION('',(1.,0.,-0.));
#6036 = PCURVE('',#5842,#6037);
#6037 = DEFINITIONAL_REPRESENTATION('',(#6038),#6042);
#6038 = LINE('',#6039,#6040);
#6039 = CARTESIAN_POINT('',(0.,0.));
#6040 = VECTOR('',#6041,1.);
#6041 = DIRECTION('',(0.,1.));
#6042 = ( GEOMETRIC_REPRESENTATION_CONTEXT(2) 
PARAMETRIC_REPRESENTATION_CONTEXT() REPRESENTATION_CONTEXT('2D SPACE',''
  ) );
#6043 = PCURVE('',#5814,#6044);
#6044 = DEFINITIONAL_REPRESENTATION('',(#6045),#6049);
#6045 = LINE('',#6046,#6047);
#6046 = CARTESIAN_POINT('',(0.,77.));
#6047 = VECTOR('',#6048,1.);
#6048 = DIRECTION('',(1.,0.));
#6049 = ( GEOMETRIC_REPRESENTATION_CONTEXT(2) 
PARAMETRIC_REPRESENTATION_CONTEXT() REPRESENTATION_CONTEXT('2D SPACE',''
  ) );
#6050 = ORIENTED_EDGE('',*,*,#5826,.T.);
#6051 = ORIENTED_EDGE('',*,*,#6052,.T.);
#6052 = EDGE_CURVE('',#5827,#5937,#6053,.T.);
#6053 = SURFACE_CURVE('',#6054,(#6058,#6065),.PCURVE_S1.);
#6054 = LINE('',#6055,#6056);
#6055 = CARTESIAN_POINT('',(-760.,40.,130.));
#6056 = VECTOR('',#6057,1.);
#6057 = DIRECTION('',(1.,0.,-0.));
#6058 = PCURVE('',#5842,#6059);
#6059 = DEFINITIONAL_REPRESENTATION('',(#6060),#6064);
#6060 = LINE('',#6061,#6062);
#6061 = CARTESIAN_POINT('',(40.,0.));
#6062 = VECTOR('',#6063,1.);
#6063 = DIRECTION('',(0.,1.));
#6064 = ( GEOMETRIC_REPRESENTATION_CONTEXT(2) 
PARAMETRIC_REPRESENTATION_CONTEXT() REPRESENTATION_CONTEXT('2D SPACE',''
  ) );
#6065 = PCURVE('',#5868,#6066);
#6066 = DEFINITIONAL_REPRESENTATION('',(#6067),#6071);
#6067 = LINE('',#6068,#6069);
#6068 = CARTESIAN_POINT('',(0.,77.));
#6069 = VECTOR('',#6070,1.);
#6070 = DIRECTION('',(1.,0.));
#6071 = ( GEOMETRIC_REPRESENTATION_CONTEXT(2) 
PARAMETRIC_REPRESENTATION_CONTEXT() REPRESENTATION_CONTEXT('2D SPACE',''
  ) );
#6072 = ORIENTED_EDGE('',*,*,#5936,.F.);
#6073 = ADVANCED_FACE('',(#6074),#5814,.F.);
#6074 = FACE_BOUND('',#6075,.F.);
#6075 = EDGE_LOOP('',(#6076,#6077,#6078,#6079));
#6076 = ORIENTED_EDGE('',*,*,#5798,.F.);
#6077 = ORIENTED_EDGE('',*,*,#5983,.T.);
#6078 = ORIENTED_EDGE('',*,*,#5913,.T.);
#6079 = ORIENTED_EDGE('',*,*,#6030,.F.);
#6080 = ADVANCED_FACE('',(#6081),#5868,.T.);
#6081 = FACE_BOUND('',#6082,.T.);
#6082 = EDGE_LOOP('',(#6083,#6084,#6085,#6086));
#6083 = ORIENTED_EDGE('',*,*,#5854,.F.);
#6084 = ORIENTED_EDGE('',*,*,#6005,.T.);
#6085 = ORIENTED_EDGE('',*,*,#5959,.T.);
#6086 = ORIENTED_EDGE('',*,*,#6052,.F.);
#6087 = ( GEOMETRIC_REPRESENTATION_CONTEXT(3) 
GLOBAL_UNCERTAINTY_ASSIGNED_CONTEXT((#6091)) 
GLOBAL_UNIT_ASSIGNED_CONTEXT((#6088,#6089,#6090)) REPRESENTATION_CONTEXT
('Context #1','3D Context with UNIT and UNCERTAINTY') );
#6088 = ( LENGTH_UNIT() NAMED_UNIT(*) SI_UNIT(.MILLI.,.METRE.) );
#6089 = ( NAMED_UNIT(*) PLANE_ANGLE_UNIT() SI_UNIT($,.RADIAN.) );
#6090 = ( NAMED_UNIT(*) SI_UNIT($,.STERADIAN.) SOLID_ANGLE_UNIT() );
#6091 = UNCERTAINTY_MEASURE_WITH_UNIT(LENGTH_MEASURE(1.E-07),#6088,
  'distance_accuracy_value','confusion accuracy');
#6092 = CONTEXT_DEPENDENT_SHAPE_REPRESENTATION(#6093,#6095);
#6093 = ( REPRESENTATION_RELATIONSHIP('','',#5426,#10) 
REPRESENTATION_RELATIONSHIP_WITH_TRANSFORMATION(#6094) 
SHAPE_REPRESENTATION_RELATIONSHIP() );
#6094 = ITEM_DEFINED_TRANSFORMATION('','',#11,#23);
#6095 = PRODUCT_DEFINITION_SHAPE('Placement','Placement of an item',
  #6096);
#6096 = NEXT_ASSEMBLY_USAGE_OCCURRENCE('13','=>[0:1:1:4]','',#5,#5421,$
  );
#6097 = PRODUCT_RELATED_PRODUCT_CATEGORY('part',$,(#5423));
#6098 = SHAPE_DEFINITION_REPRESENTATION(#6099,#6105);
#6099 = PRODUCT_DEFINITION_SHAPE('','',#6100);
#6100 = PRODUCT_DEFINITION('design','',#6101,#6104);
#6101 = PRODUCT_DEFINITION_FORMATION('','',#6102);
#6102 = PRODUCT('SOLID','SOLID','',(#6103));
#6103 = PRODUCT_CONTEXT('',#2,'mechanical');
#6104 = PRODUCT_DEFINITION_CONTEXT('part definition',#2,'design');
#6105 = ADVANCED_BREP_SHAPE_REPRESENTATION('',(#11,#6106),#6294);
#6106 = MANIFOLD_SOLID_BREP('',#6107);
#6107 = CLOSED_SHELL('',(#6108,#6196,#6200,#6235,#6290));
#6108 = ADVANCED_FACE('',(#6109),#6122,.T.);
#6109 = FACE_BOUND('',#6110,.T.);
#6110 = EDGE_LOOP('',(#6111,#6145,#6168,#6195));
#6111 = ORIENTED_EDGE('',*,*,#6112,.F.);
#6112 = EDGE_CURVE('',#6113,#6113,#6115,.T.);
#6113 = VERTEX_POINT('',#6114);
#6114 = CARTESIAN_POINT('',(-1.22E+03,2.078E+03,458.));
#6115 = SURFACE_CURVE('',#6116,(#6121,#6133),.PCURVE_S1.);
#6116 = CIRCLE('',#6117,60.);
#6117 = AXIS2_PLACEMENT_3D('',#6118,#6119,#6120);
#6118 = CARTESIAN_POINT('',(-1.28E+03,2.078E+03,458.));
#6119 = DIRECTION('',(0.,0.,1.));
#6120 = DIRECTION('',(1.,0.,-0.));
#6121 = PCURVE('',#6122,#6127);
#6122 = CYLINDRICAL_SURFACE('',#6123,60.);
#6123 = AXIS2_PLACEMENT_3D('',#6124,#6125,#6126);
#6124 = CARTESIAN_POINT('',(-1.28E+03,2.078E+03,418.));
#6125 = DIRECTION('',(0.,0.,1.));
#6126 = DIRECTION('',(1.,0.,-0.));
#6127 = DEFINITIONAL_REPRESENTATION('',(#6128),#6132);
#6128 = LINE('',#6129,#6130);
#6129 = CARTESIAN_POINT('',(0.,40.));
#6130 = VECTOR('',#6131,1.);
#6131 = DIRECTION('',(1.,0.));
#6132 = ( GEOMETRIC_REPRESENTATION_CONTEXT(2) 
PARAMETRIC_REPRESENTATION_CONTEXT() REPRESENTATION_CONTEXT('2D SPACE',''
  ) );
#6133 = PCURVE('',#6134,#6139);
#6134 = PLANE('',#6135);
#6135 = AXIS2_PLACEMENT_3D('',#6136,#6137,#6138);
#6136 = CARTESIAN_POINT('',(-1.28E+03,2.078E+03,458.));
#6137 = DIRECTION('',(0.,0.,1.));
#6138 = DIRECTION('',(1.,0.,-0.));
#6139 = DEFINITIONAL_REPRESENTATION('',(#6140),#6144);
#6140 = CIRCLE('',#6141,60.);
#6141 = AXIS2_PLACEMENT_2D('',#6142,#6143);
#6142 = CARTESIAN_POINT('',(0.,0.));
#6143 = DIRECTION('',(1.,0.));
#6144 = ( GEOMETRIC_REPRESENTATION_CONTEXT(2) 
PARAMETRIC_REPRESENTATION_CONTEXT() REPRESENTATION_CONTEXT('2D SPACE',''
  ) );
#6145 = ORIENTED_EDGE('',*,*,#6146,.F.);
#6146 = EDGE_CURVE('',#6147,#6113,#6149,.T.);
#6147 = VERTEX_POINT('',#6148);
#6148 = CARTESIAN_POINT('',(-1.22E+03,2.078E+03,418.));
#6149 = SEAM_CURVE('',#6150,(#6154,#6161),.PCURVE_S1.);
#6150 = LINE('',#6151,#6152);
#6151 = CARTESIAN_POINT('',(-1.22E+03,2.078E+03,418.));
#6152 = VECTOR('',#6153,1.);
#6153 = DIRECTION('',(0.,0.,1.));
#6154 = PCURVE('',#6122,#6155);
#6155 = DEFINITIONAL_REPRESENTATION('',(#6156),#6160);
#6156 = LINE('',#6157,#6158);
#6157 = CARTESIAN_POINT('',(6.28318530718,-0.));
#6158 = VECTOR('',#6159,1.);
#6159 = DIRECTION('',(0.,1.));
#6160 = ( GEOMETRIC_REPRESENTATION_CONTEXT(2) 
PARAMETRIC_REPRESENTATION_CONTEXT() REPRESENTATION_CONTEXT('2D SPACE',''
  ) );
#6161 = PCURVE('',#6122,#6162);
#6162 = DEFINITIONAL_REPRESENTATION('',(#6163),#6167);
#6163 = LINE('',#6164,#6165);
#6164 = CARTESIAN_POINT('',(0.,-0.));
#6165 = VECTOR('',#6166,1.);
#6166 = DIRECTION('',(0.,1.));
#6167 = ( GEOMETRIC_REPRESENTATION_CONTEXT(2) 
PARAMETRIC_REPRESENTATION_CONTEXT() REPRESENTATION_CONTEXT('2D SPACE',''
  ) );
#6168 = ORIENTED_EDGE('',*,*,#6169,.T.);
#6169 = EDGE_CURVE('',#6147,#6147,#6170,.T.);
#6170 = SURFACE_CURVE('',#6171,(#6176,#6183),.PCURVE_S1.);
#6171 = CIRCLE('',#6172,60.);
#6172 = AXIS2_PLACEMENT_3D('',#6173,#6174,#6175);
#6173 = CARTESIAN_POINT('',(-1.28E+03,2.078E+03,418.));
#6174 = DIRECTION('',(0.,0.,1.));
#6175 = DIRECTION('',(1.,0.,-0.));
#6176 = PCURVE('',#6122,#6177);
#6177 = DEFINITIONAL_REPRESENTATION('',(#6178),#6182);
#6178 = LINE('',#6179,#6180);
#6179 = CARTESIAN_POINT('',(0.,0.));
#6180 = VECTOR('',#6181,1.);
#6181 = DIRECTION('',(1.,0.));
#6182 = ( GEOMETRIC_REPRESENTATION_CONTEXT(2) 
PARAMETRIC_REPRESENTATION_CONTEXT() REPRESENTATION_CONTEXT('2D SPACE',''
  ) );
#6183 = PCURVE('',#6184,#6189);
#6184 = PLANE('',#6185);
#6185 = AXIS2_PLACEMENT_3D('',#6186,#6187,#6188);
#6186 = CARTESIAN_POINT('',(-1.28E+03,2.078E+03,418.));
#6187 = DIRECTION('',(0.,0.,1.));
#6188 = DIRECTION('',(1.,0.,-0.));
#6189 = DEFINITIONAL_REPRESENTATION('',(#6190),#6194);
#6190 = CIRCLE('',#6191,60.);
#6191 = AXIS2_PLACEMENT_2D('',#6192,#6193);
#6192 = CARTESIAN_POINT('',(0.,0.));
#6193 = DIRECTION('',(1.,0.));
#6194 = ( GEOMETRIC_REPRESENTATION_CONTEXT(2) 
PARAMETRIC_REPRESENTATION_CONTEXT() REPRESENTATION_CONTEXT('2D SPACE',''
  ) );
#6195 = ORIENTED_EDGE('',*,*,#6146,.T.);
#6196 = ADVANCED_FACE('',(#6197),#6134,.T.);
#6197 = FACE_BOUND('',#6198,.T.);
#6198 = EDGE_LOOP('',(#6199));
#6199 = ORIENTED_EDGE('',*,*,#6112,.T.);
#6200 = ADVANCED_FACE('',(#6201,#6204),#6184,.F.);
#6201 = FACE_BOUND('',#6202,.F.);
#6202 = EDGE_LOOP('',(#6203));
#6203 = ORIENTED_EDGE('',*,*,#6169,.T.);
#6204 = FACE_BOUND('',#6205,.F.);
#6205 = EDGE_LOOP('',(#6206));
#6206 = ORIENTED_EDGE('',*,*,#6207,.F.);
#6207 = EDGE_CURVE('',#6208,#6208,#6210,.T.);
#6208 = VERTEX_POINT('',#6209);
#6209 = CARTESIAN_POINT('',(-1.268E+03,2.078E+03,418.));
#6210 = SURFACE_CURVE('',#6211,(#6216,#6223),.PCURVE_S1.);
#6211 = CIRCLE('',#6212,12.);
#6212 = AXIS2_PLACEMENT_3D('',#6213,#6214,#6215);
#6213 = CARTESIAN_POINT('',(-1.28E+03,2.078E+03,418.));
#6214 = DIRECTION('',(0.,0.,1.));
#6215 = DIRECTION('',(1.,0.,-0.));
#6216 = PCURVE('',#6184,#6217);
#6217 = DEFINITIONAL_REPRESENTATION('',(#6218),#6222);
#6218 = CIRCLE('',#6219,12.);
#6219 = AXIS2_PLACEMENT_2D('',#6220,#6221);
#6220 = CARTESIAN_POINT('',(0.,0.));
#6221 = DIRECTION('',(1.,0.));
#6222 = ( GEOMETRIC_REPRESENTATION_CONTEXT(2) 
PARAMETRIC_REPRESENTATION_CONTEXT() REPRESENTATION_CONTEXT('2D SPACE',''
  ) );
#6223 = PCURVE('',#6224,#6229);
#6224 = CYLINDRICAL_SURFACE('',#6225,12.);
#6225 = AXIS2_PLACEMENT_3D('',#6226,#6227,#6228);
#6226 = CARTESIAN_POINT('',(-1.28E+03,2.078E+03,-32.));
#6227 = DIRECTION('',(0.,0.,1.));
#6228 = DIRECTION('',(1.,0.,-0.));
#6229 = DEFINITIONAL_REPRESENTATION('',(#6230),#6234);
#6230 = LINE('',#6231,#6232);
#6231 = CARTESIAN_POINT('',(0.,450.));
#6232 = VECTOR('',#6233,1.);
#6233 = DIRECTION('',(1.,0.));
#6234 = ( GEOMETRIC_REPRESENTATION_CONTEXT(2) 
PARAMETRIC_REPRESENTATION_CONTEXT() REPRESENTATION_CONTEXT('2D SPACE',''
  ) );
#6235 = ADVANCED_FACE('',(#6236),#6224,.T.);
#6236 = FACE_BOUND('',#6237,.T.);
#6237 = EDGE_LOOP('',(#6238,#6239,#6262,#6289));
#6238 = ORIENTED_EDGE('',*,*,#6207,.F.);
#6239 = ORIENTED_EDGE('',*,*,#6240,.F.);
#6240 = EDGE_CURVE('',#6241,#6208,#6243,.T.);
#6241 = VERTEX_POINT('',#6242);
#6242 = CARTESIAN_POINT('',(-1.268E+03,2.078E+03,-32.));
#6243 = SEAM_CURVE('',#6244,(#6248,#6255),.PCURVE_S1.);
#6244 = LINE('',#6245,#6246);
#6245 = CARTESIAN_POINT('',(-1.268E+03,2.078E+03,-32.));
#6246 = VECTOR('',#6247,1.);
#6247 = DIRECTION('',(0.,0.,1.));
#6248 = PCURVE('',#6224,#6249);
#6249 = DEFINITIONAL_REPRESENTATION('',(#6250),#6254);
#6250 = LINE('',#6251,#6252);
#6251 = CARTESIAN_POINT('',(6.28318530718,-0.));
#6252 = VECTOR('',#6253,1.);
#6253 = DIRECTION('',(0.,1.));
#6254 = ( GEOMETRIC_REPRESENTATION_CONTEXT(2) 
PARAMETRIC_REPRESENTATION_CONTEXT() REPRESENTATION_CONTEXT('2D SPACE',''
  ) );
#6255 = PCURVE('',#6224,#6256);
#6256 = DEFINITIONAL_REPRESENTATION('',(#6257),#6261);
#6257 = LINE('',#6258,#6259);
#6258 = CARTESIAN_POINT('',(0.,-0.));
#6259 = VECTOR('',#6260,1.);
#6260 = DIRECTION('',(0.,1.));
#6261 = ( GEOMETRIC_REPRESENTATION_CONTEXT(2) 
PARAMETRIC_REPRESENTATION_CONTEXT() REPRESENTATION_CONTEXT('2D SPACE',''
  ) );
#6262 = ORIENTED_EDGE('',*,*,#6263,.T.);
#6263 = EDGE_CURVE('',#6241,#6241,#6264,.T.);
#6264 = SURFACE_CURVE('',#6265,(#6270,#6277),.PCURVE_S1.);
#6265 = CIRCLE('',#6266,12.);
#6266 = AXIS2_PLACEMENT_3D('',#6267,#6268,#6269);
#6267 = CARTESIAN_POINT('',(-1.28E+03,2.078E+03,-32.));
#6268 = DIRECTION('',(0.,0.,1.));
#6269 = DIRECTION('',(1.,0.,-0.));
#6270 = PCURVE('',#6224,#6271);
#6271 = DEFINITIONAL_REPRESENTATION('',(#6272),#6276);
#6272 = LINE('',#6273,#6274);
#6273 = CARTESIAN_POINT('',(0.,0.));
#6274 = VECTOR('',#6275,1.);
#6275 = DIRECTION('',(1.,0.));
#6276 = ( GEOMETRIC_REPRESENTATION_CONTEXT(2) 
PARAMETRIC_REPRESENTATION_CONTEXT() REPRESENTATION_CONTEXT('2D SPACE',''
  ) );
#6277 = PCURVE('',#6278,#6283);
#6278 = PLANE('',#6279);
#6279 = AXIS2_PLACEMENT_3D('',#6280,#6281,#6282);
#6280 = CARTESIAN_POINT('',(-1.28E+03,2.078E+03,-32.));
#6281 = DIRECTION('',(0.,0.,1.));
#6282 = DIRECTION('',(1.,0.,-0.));
#6283 = DEFINITIONAL_REPRESENTATION('',(#6284),#6288);
#6284 = CIRCLE('',#6285,12.);
#6285 = AXIS2_PLACEMENT_2D('',#6286,#6287);
#6286 = CARTESIAN_POINT('',(0.,0.));
#6287 = DIRECTION('',(1.,0.));
#6288 = ( GEOMETRIC_REPRESENTATION_CONTEXT(2) 
PARAMETRIC_REPRESENTATION_CONTEXT() REPRESENTATION_CONTEXT('2D SPACE',''
  ) );
#6289 = ORIENTED_EDGE('',*,*,#6240,.T.);
#6290 = ADVANCED_FACE('',(#6291),#6278,.F.);
#6291 = FACE_BOUND('',#6292,.T.);
#6292 = EDGE_LOOP('',(#6293));
#6293 = ORIENTED_EDGE('',*,*,#6263,.F.);
#6294 = ( GEOMETRIC_REPRESENTATION_CONTEXT(3) 
GLOBAL_UNCERTAINTY_ASSIGNED_CONTEXT((#6298)) 
GLOBAL_UNIT_ASSIGNED_CONTEXT((#6295,#6296,#6297)) REPRESENTATION_CONTEXT
('Context #1','3D Context with UNIT and UNCERTAINTY') );
#6295 = ( LENGTH_UNIT() NAMED_UNIT(*) SI_UNIT(.MILLI.,.METRE.) );
#6296 = ( NAMED_UNIT(*) PLANE_ANGLE_UNIT() SI_UNIT($,.RADIAN.) );
#6297 = ( NAMED_UNIT(*) SI_UNIT($,.STERADIAN.) SOLID_ANGLE_UNIT() );
#6298 = UNCERTAINTY_MEASURE_WITH_UNIT(LENGTH_MEASURE(1.E-07),#6295,
  'distance_accuracy_value','confusion accuracy');
#6299 = CONTEXT_DEPENDENT_SHAPE_REPRESENTATION(#6300,#6302);
#6300 = ( REPRESENTATION_RELATIONSHIP('','',#6105,#10) 
REPRESENTATION_RELATIONSHIP_WITH_TRANSFORMATION(#6301) 
SHAPE_REPRESENTATION_RELATIONSHIP() );
#6301 = ITEM_DEFINED_TRANSFORMATION('','',#11,#27);
#6302 = PRODUCT_DEFINITION_SHAPE('Placement','Placement of an item',
  #6303);
#6303 = NEXT_ASSEMBLY_USAGE_OCCURRENCE('14','=>[0:1:1:5]','',#5,#6100,$
  );
#6304 = PRODUCT_RELATED_PRODUCT_CATEGORY('part',$,(#6102));
ENDSEC;
END-ISO-10303-21;
